Timepoint,Date,Tank,Temp,ImageID,Stick,StickID,Species,Position,FragID,Genotype,Reef,CoralID,Area,MeanGrey,CalibratedMeanGrey
0,11/01/2022,AC1,Ambient,_1111836,1,AC1_1,A. hyacinthus,1,AhyaMartin17,Martin17,Martin,AC1_1_1,390.882,103.454,3.102
0,11/01/2022,AC1,Ambient,_1111836,1,AC1_1,A. hyacinthus,2,AhyaPalms5,Palms5,Palms,AC1_1_2,335.801,60.305,4.757
0,11/01/2022,AC1,Ambient,_1111836,1,AC1_1,A. hyacinthus,3,AhyaArlington8,Arlington8,Arlington,AC1_1_3,307.232,72.92,4.273
0,11/01/2022,AC1,Ambient,_1111836,1,AC1_1,A. hyacinthus,4,AhyaMartin11,Martin11,Martin,AC1_1_4,190.934,74.276,4.221
0,11/01/2022,AC1,Ambient,_1111836,1,AC1_1,A. hyacinthus,5,AhyaArlington9,Arlington9,Arlington,AC1_1_5,270.393,84.251,3.838
0,11/01/2022,AC1,Ambient,_1111836,1,AC1_1,A. hyacinthus,6,AhyaArlington1,Arlington1,Arlington,AC1_1_6,317.937,72.166,4.302
0,11/01/2022,AC1,Ambient,_1111836,1,AC1_1,A. hyacinthus,7,AhyaWood17,Wood17,Wood,AC1_1_7,256.19,97.2,3.342
0,11/01/2022,AC1,Ambient,_1111836,1,AC1_1,A. hyacinthus,9,AhyaPalms3,Palms3,Palms,AC1_1_9,255.408,62.261,4.682
0,11/01/2022,AC1,Ambient,_1111836,1,AC1_1,A. hyacinthus,10,AhyaArlington6,Arlington6,Arlington,AC1_1_10,203.609,82.504,3.905
0,11/01/2022,AC1,Ambient,_1111836,1,AC1_1,A. hyacinthus,11,AhyaDavies18,Davies18,Davies,AC1_1_11,389.405,68.433,4.445
0,11/01/2022,AC1,Ambient,_1111838,2,AC1_2,P. lutea,1,PlutMartin36,Martin36,Martin,AC1_2_1,330.077,75.988,4.108
0,11/01/2022,AC1,Ambient,_1111838,2,AC1_2,P. lutea,2,PlutPalms20,Palms20,Palms,AC1_2_2,209.369,61.198,4.68
0,11/01/2022,AC1,Ambient,_1111838,2,AC1_2,P. lutea,3,PlutMartin14,Martin14,Martin,AC1_2_3,377.85,77.941,4.032
0,11/01/2022,AC1,Ambient,_1111838,2,AC1_2,P. lutea,4,PlutPalms23,Palms23,Palms,AC1_2_4,286.113,75.923,4.11
0,11/01/2022,AC1,Ambient,_1111838,2,AC1_2,P. lutea,5,PlutArlington16,Arlington16,Arlington,AC1_2_5,294.196,62.181,4.642
0,11/01/2022,AC1,Ambient,_1111838,2,AC1_2,P. lutea,7,PlutDavies1,Davies1,Davies,AC1_2_7,211.945,108.872,2.835
0,11/01/2022,AC1,Ambient,_1111838,2,AC1_2,P. lutea,8,PlutArlington9,Arlington9,Arlington,AC1_2_8,226.131,79.922,3.956
0,11/01/2022,AC1,Ambient,_1111838,2,AC1_2,P. lutea,9,PlutArlington12,Arlington12,Arlington,AC1_2_9,457.11,54.719,4.931
0,11/01/2022,AC1,Ambient,_1111838,2,AC1_2,P. lutea,11,PlutMartin4,Martin4,Martin,AC1_2_11,264.809,60.9,4.692
0,11/01/2022,AC1,Ambient,_1111839,3,AC1_3,A. hyacinthus,1,AhyaDavies15,Davies15,Davies,AC1_3_1,326.659,66.64,4.452
0,11/01/2022,AC1,Ambient,_1111839,3,AC1_3,A. hyacinthus,3,AhyaDavies14,Davies14,Davies,AC1_3_3,310.189,78.895,3.982
0,11/01/2022,AC1,Ambient,_1111839,3,AC1_3,A. hyacinthus,4,AhyaArlington10,Arlington10,Arlington,AC1_3_4,337.512,71.819,4.254
0,11/01/2022,AC1,Ambient,_1111839,3,AC1_3,A. hyacinthus,5,AhyaDavies9,Davies9,Davies,AC1_3_5,309.371,94.748,3.374
0,11/01/2022,AC1,Ambient,_1111839,3,AC1_3,A. hyacinthus,6,AhyaWood16,Wood16,Wood,AC1_3_6,319.382,88.615,3.609
0,11/01/2022,AC1,Ambient,_1111839,3,AC1_3,A. hyacinthus,7,AhyaMartin3,Martin3,Martin,AC1_3_7,187.405,91.206,3.51
0,11/01/2022,AC1,Ambient,_1111839,3,AC1_3,A. hyacinthus,8,AhyaPalms6,Palms6,Palms,AC1_3_8,301.557,66.944,4.441
0,11/01/2022,AC1,Ambient,_1111839,3,AC1_3,A. hyacinthus,10,AhyaWood8,Wood8,Wood,AC1_3_10,131.44,79.896,3.944
0,11/01/2022,AC1,Ambient,_1111839,3,AC1_3,A. hyacinthus,11,AhyaPalms4,Palms4,Palms,AC1_3_11,170.203,69.422,4.346
0,11/01/2022,AC1,Ambient,_1111841,4,AC1_4,P. lutea,1,PlutDavies10,Davies10,Davies,AC1_4_1,316.318,68.406,4.427
0,11/01/2022,AC1,Ambient,_1111841,4,AC1_4,P. lutea,2,PlutArlington1,Arlington1,Arlington,AC1_4_2,252.27,58.611,4.811
0,11/01/2022,AC1,Ambient,_1111841,4,AC1_4,P. lutea,3,PlutMartin18,Martin18,Martin,AC1_4_3,351.345,70.049,4.362
0,11/01/2022,AC1,Ambient,_1111841,4,AC1_4,P. lutea,4,PlutWood14,Wood14,Wood,AC1_4_4,295.27,53.249,5.022
0,11/01/2022,AC1,Ambient,_1111841,4,AC1_4,P. lutea,5,PlutDavies7,Davies7,Davies,AC1_4_5,262.807,65.738,4.532
0,11/01/2022,AC1,Ambient,_1111841,4,AC1_4,P. lutea,6,PlutArlington6,Arlington6,Arlington,AC1_4_6,287.31,83.011,3.853
0,11/01/2022,AC1,Ambient,_1111841,4,AC1_4,P. lutea,7,PlutDavies9,Davies9,Davies,AC1_4_7,166.992,84.548,3.793
0,11/01/2022,AC1,Ambient,_1111841,4,AC1_4,P. lutea,8,PlutDavies18,Davies18,Davies,AC1_4_8,352.773,71.608,4.301
0,11/01/2022,AC1,Ambient,_1111841,4,AC1_4,P. lutea,9,PlutMartin32,Martin32,Martin,AC1_4_9,356.753,60.821,4.725
0,11/01/2022,AC1,Ambient,_1111841,4,AC1_4,P. lutea,10,PlutPalms17,Palms17,Palms,AC1_4_10,320.579,69.095,4.4
0,11/01/2022,AC1,Ambient,_1111841,4,AC1_4,P. lutea,11,PlutPalms3,Palms3,Palms,AC1_4_11,320.103,51.193,5.103
0,11/01/2022,AC1,Ambient,_1111842,5,AC1_5,A. hyacinthus,1,AhyaMartin12,Martin12,Martin,AC1_5_1,374.92,52.423,5.115
0,11/01/2022,AC1,Ambient,_1111842,5,AC1_5,A. hyacinthus,2,AhyaWood5A,Wood5A,Wood,AC1_5_2,291.046,76.906,4.15
0,11/01/2022,AC1,Ambient,_1111842,5,AC1_5,A. hyacinthus,3,AhyaWood7A,Wood7A,Wood,AC1_5_3,168.982,85.846,3.797
0,11/01/2022,AC1,Ambient,_1111842,5,AC1_5,A. hyacinthus,4,AhyaPalms10,Palms10,Palms,AC1_5_4,183.718,73.281,4.292
0,11/01/2022,AC1,Ambient,_1111842,5,AC1_5,A. hyacinthus,5,AhyaArlington11,Arlington11,Arlington,AC1_5_5,320.151,69.569,4.439
0,11/01/2022,AC1,Ambient,_1111842,5,AC1_5,A. hyacinthus,7,AhyaDavies16,Davies16,Davies,AC1_5_7,169.043,100.314,3.268
0,11/01/2022,AC1,Ambient,_1111842,5,AC1_5,A. hyacinthus,8,AhyaDavies12,Davies12,Davies,AC1_5_8,231.223,95.759,3.226
0,11/01/2022,AC1,Ambient,_1111842,5,AC1_5,A. hyacinthus,10,AhyaPalms16,Palms16,Palms,AC1_5_10,241.551,81.179,3.981
0,11/01/2022,AC1,Ambient,_1111842,5,AC1_5,A. hyacinthus,11,AhyaMartin13,Martin13,Martin,AC1_5_11,243.444,76.268,4.175
0,11/01/2022,AC1,Ambient,_1111844,6,AC1_6,P. lutea,1,PlutWood4,Wood4,Wood,AC1_6_1,343.324,46.367,5.318
0,11/01/2022,AC1,Ambient,_1111844,6,AC1_6,P. lutea,4,PlutPalms1,Palms1,Palms,AC1_6_4,261.342,59.934,4.783
0,11/01/2022,AC1,Ambient,_1111844,6,AC1_6,P. lutea,5,PlutWood20,Wood20,Wood,AC1_6_5,27.519,101.587,3.143
0,11/01/2022,AC1,Ambient,_1111844,6,AC1_6,P. lutea,6,PlutWood29,Wood29,Wood,AC1_6_6,306.685,78.799,4.04
0,11/01/2022,AC1,Ambient,_1111844,6,AC1_6,P. lutea,7,PlutWood13,Wood13,Wood,AC1_6_7,407.75,95.575,3.38
0,11/01/2022,AC1,Ambient,_1111844,6,AC1_6,P. lutea,8,PlutDavies3,Davies3,Davies,AC1_6_8,232.211,88.736,3.649
0,11/01/2022,AC1,Ambient,_1111844,6,AC1_6,P. lutea,9,PlutPalms4,Palms4,Palms,AC1_6_9,232.932,58.178,4.853
0,11/01/2022,AC1,Ambient,_1111844,6,AC1_6,P. lutea,10,PlutMartin19,Martin19,Martin,AC1_6_10,407.957,73.909,4.233
0,11/01/2022,AC1,Ambient,_1111844,6,AC1_6,P. lutea,11,PlutArlington19,Arlington19,Arlington,AC1_6_11,183.108,86.973,3.719
0,11/01/2022,AC2,Ambient,_1111863,1,AC2_1,A. hyacinthus,2,AhyaDavies16,Davies16,Davies,AC2_1_2,535.881,77.68,4.066
0,11/01/2022,AC2,Ambient,_1111863,1,AC2_1,A. hyacinthus,3,AhyaMartin17,Martin17,Martin,AC2_1_3,274.747,102.137,3.106
0,11/01/2022,AC2,Ambient,_1111863,1,AC2_1,A. hyacinthus,4,AhyaWood8,Wood8,Wood,AC2_1_4,168.225,69.264,4.396
0,11/01/2022,AC2,Ambient,_1111863,1,AC2_1,A. hyacinthus,5,AhyaWood16,Wood16,Wood,AC2_1_5,355.13,90.938,3.546
0,11/01/2022,AC2,Ambient,_1111863,1,AC2_1,A. hyacinthus,6,AhyaArlington6,Arlington6,Arlington,AC2_1_6,164.221,80.469,3.956
0,11/01/2022,AC2,Ambient,_1111863,1,AC2_1,A. hyacinthus,7,AhyaDavies14,Davies14,Davies,AC2_1_7,360.636,93.934,3.428
0,11/01/2022,AC2,Ambient,_1111863,1,AC2_1,A. hyacinthus,8,AhyaArlington9,Arlington9,Arlington,AC2_1_8,339.905,73.825,4.217
0,11/01/2022,AC2,Ambient,_1111863,1,AC2_1,A. hyacinthus,11,AhyaArlington1,Arlington1,Arlington,AC2_1_11,272.293,62.474,4.662
0,11/01/2022,AC2,Ambient,_1111865,2,AC2_2,P. lutea,2,PlutMartin36,Martin36,Martin,AC2_2_2,370.537,61.478,4.708
0,11/01/2022,AC2,Ambient,_1111865,2,AC2_2,P. lutea,3,PlutArlington16,Arlington16,Arlington,AC2_2_3,204.229,49.991,5.158
0,11/01/2022,AC2,Ambient,_1111865,2,AC2_2,P. lutea,4,PlutMartin19,Martin19,Martin,AC2_2_4,369.219,54.593,4.978
0,11/01/2022,AC2,Ambient,_1111865,2,AC2_2,P. lutea,5,PlutWood14,Wood14,Wood,AC2_2_5,268.374,64.055,4.607
0,11/01/2022,AC2,Ambient,_1111865,2,AC2_2,P. lutea,6,PlutArlington9,Arlington9,Arlington,AC2_2_6,324.009,69.349,4.399
0,11/01/2022,AC2,Ambient,_1111865,2,AC2_2,P. lutea,8,PlutDavies10,Davies10,Davies,AC2_2_8,424.183,74.206,4.209
0,11/01/2022,AC2,Ambient,_1111865,2,AC2_2,P. lutea,9,PlutArlington19,Arlington19,Arlington,AC2_2_9,196.501,75.554,4.156
0,11/01/2022,AC2,Ambient,_1111865,2,AC2_2,P. lutea,10,PlutPalms3,Palms3,Palms,AC2_2_10,275.919,73.17,4.249
0,11/01/2022,AC2,Ambient,_1111865,2,AC2_2,P. lutea,11,PlutMartin14,Martin14,Martin,AC2_2_11,313.669,57.09,4.88
0,11/01/2022,AC2,Ambient,_1111866,3,AC2_3,A. hyacinthus,1,AhyaDavies15,Davies15,Davies,AC2_3_1,254.529,66.912,4.489
0,11/01/2022,AC2,Ambient,_1111866,3,AC2_3,A. hyacinthus,3,AhyaMartin11,Martin11,Martin,AC2_3_3,119.549,80.026,3.97
0,11/01/2022,AC2,Ambient,_1111866,3,AC2_3,A. hyacinthus,4,AhyaMart3,Martin3,Martin,AC2_3_4,116.277,78.88,4.022
0,11/01/2022,AC2,Ambient,_1111866,3,AC2_3,A. hyacinthus,6,AhyaDavies12,Davies12,Davies,AC2_3_6,377.972,99.334,3.224
0,11/01/2022,AC2,Ambient,_1111866,3,AC2_3,A. hyacinthus,7,AhyaDavies18,Davies18,Davies,AC2_3_7,448.393,98.56,3.255
0,11/01/2022,AC2,Ambient,_1111866,3,AC2_3,A. hyacinthus,8,AhyaMartin13,Martin13,Martin,AC2_3_8,319.553,84.6,3.799
0,11/01/2022,AC2,Ambient,_1111866,3,AC2_3,A. hyacinthus,9,AhyaWood7A,Wood7A,Wood,AC2_3_9,96.694,94.724,3.404
0,11/01/2022,AC2,Ambient,_1111866,3,AC2_3,A. hyacinthus,10,AhyaPalms6,Palms6,Palms,AC2_3_10,227.987,66.198,4.517
0,11/01/2022,AC2,Ambient,_1111866,3,AC2_3,A. hyacinthus,11,AhyaPalms3,Palms3,Palms,AC2_3_11,229.416,63.333,4.628
0,11/01/2022,AC2,Ambient,_1111868,4,AC2_4,P. lutea,1,PlutWood13,Wood13,Wood,AC2_4_1,211.041,91.873,3.507
0,11/01/2022,AC2,Ambient,_1111868,4,AC2_4,P. lutea,3,PlutPalms1,Palms1,Palms,AC2_4_3,327.086,52.37,5.058
0,11/01/2022,AC2,Ambient,_1111868,4,AC2_4,P. lutea,4,PlutPalms4,Palms4,Palms,AC2_4_4,233.689,79.636,3.988
0,11/01/2022,AC2,Ambient,_1111868,4,AC2_4,P. lutea,5,PlutPalms20,Palms20,Palms,AC2_4_5,195.902,90.78,3.55
0,11/01/2022,AC2,Ambient,_1111868,4,AC2_4,P. lutea,7,PlutDavies7,Davies7,Davies,AC2_4_7,217.842,106.86,2.919
0,11/01/2022,AC2,Ambient,_1111868,4,AC2_4,P. lutea,8,PlutPalms23,Palms23,Palms,AC2_4_8,169.19,78.763,4.022
0,11/01/2022,AC2,Ambient,_1111868,4,AC2_4,P. lutea,9,PlutWood29,Wood29,Wood,AC2_4_9,212.836,93.627,3.438
0,11/01/2022,AC2,Ambient,_1111868,4,AC2_4,P. lutea,10,PlutDavies3,Davies3,Davies,AC2_4_10,303.389,102.86,3.076
0,11/01/2022,AC2,Ambient,_1111868,4,AC2_4,P. lutea,11,PlutMartin32,Martin32,Martin,AC2_4_11,299.03,57.755,4.846
0,11/01/2022,AC2,Ambient,_1111869,5,AC2_5,A. hyacinthus,1,AhyaWood17,Wood17,Wood,AC2_5_1,358.255,90.245,3.578
0,11/01/2022,AC2,Ambient,_1111869,5,AC2_5,A. hyacinthus,2,AhyaArlington8,Arlington8,Arlington,AC2_5_2,276.188,76.161,4.131
0,11/01/2022,AC2,Ambient,_1111869,5,AC2_5,A. hyacinthus,3,AhyaArlington11,Arlington11,Arlington,AC2_5_3,136.507,80.978,3.942
0,11/01/2022,AC2,Ambient,_1111869,5,AC2_5,A. hyacinthus,4,AhyaMartin12,Martin12,Martin,AC2_5_4,310.201,77.966,4.061
0,11/01/2022,AC2,Ambient,_1111869,5,AC2_5,A. hyacinthus,5,AhyaPalms16,Palms16,Palms,AC2_5_5,222.786,72.703,4.267
0,11/01/2022,AC2,Ambient,_1111869,5,AC2_5,A. hyacinthus,6,AhyaArlington10,Arlington10,Arlington,AC2_5_6,198.271,100.366,3.181
0,11/01/2022,AC2,Ambient,_1111869,5,AC2_5,A. hyacinthus,7,AhyaDavies9,Davies9,Davies,AC2_5_7,275.235,104.572,3.016
0,11/01/2022,AC2,Ambient,_1111869,5,AC2_5,A. hyacinthus,8,AhyaPalms10,Palms10,Palms,AC2_5_8,147.629,83.737,3.869
0,11/01/2022,AC2,Ambient,_1111869,5,AC2_5,A. hyacinthus,9,AhyaPalms5,Palms5,Palms,AC2_5_9,347.695,60.555,4.744
0,11/01/2022,AC2,Ambient,_1111869,5,AC2_5,A. hyacinthus,10,AhyaWood5A,Wood5A,Wood,AC2_5_10,257.642,89.666,3.601
0,11/01/2022,AC2,Ambient,_1111869,5,AC2_5,A. hyacinthus,11,AhyaPalms4,Palms4,Palms,AC2_5_11,288.372,66.437,4.513
0,11/01/2022,AC2,Ambient,_1111871,6,AC2_6,P. lutea,1,PlutWood4,Wood4,Wood,AC2_6_1,174.891,75.187,4.178
0,11/01/2022,AC2,Ambient,_1111871,6,AC2_6,P. lutea,2,PlutArlington1,Arlington1,Arlington,AC2_6_2,355.911,45.865,5.327
0,11/01/2022,AC2,Ambient,_1111871,6,AC2_6,P. lutea,3,PlutDavies1,Davies1,Davies,AC2_6_3,313.168,86.075,3.752
0,11/01/2022,AC2,Ambient,_1111871,6,AC2_6,P. lutea,4,PlutArlington6,Arlington6,Arlington,AC2_6_4,468.305,62.766,4.665
0,11/01/2022,AC2,Ambient,_1111871,6,AC2_6,P. lutea,5,PlutDavies9,Davies9,Davies,AC2_6_5,296.943,77.321,4.095
0,11/01/2022,AC2,Ambient,_1111871,6,AC2_6,P. lutea,6,PlutWood20,Wood20,Wood,AC2_6_6,432.216,72.062,4.301
0,11/01/2022,AC2,Ambient,_1111871,6,AC2_6,P. lutea,7,PlutMartin4,Martin4,Martin,AC2_6_7,443.827,61.392,4.719
0,11/01/2022,AC2,Ambient,_1111871,6,AC2_6,P. lutea,8,PlutPalms17,Palms17,Palms,AC2_6_8,421.619,71.768,4.312
0,11/01/2022,AC2,Ambient,_1111871,6,AC2_6,P. lutea,9,PlutArlington12,Arlington12,Arlington,AC2_6_9,537.004,71.385,4.327
0,11/01/2022,AC2,Ambient,_1111871,6,AC2_6,P. lutea,10,PlutDavies18,Davies18,Davies,AC2_6_10,312.509,93.959,3.443
0,11/01/2022,AC2,Ambient,_1111871,6,AC2_6,P. lutea,11,PlutMartin18,Martin18,Martin,AC2_6_11,438.052,53.897,5.012
0,11/01/2022,AC3,Ambient,_1111872,1,AC3_1,A. hyacinthus,1,AhyaWood17,Wood17,Wood,AC3_1_1,252.148,76.192,4.121
0,11/01/2022,AC3,Ambient,_1111872,1,AC3_1,A. hyacinthus,2,AhyaMartin13,Martin13,Martin,AC3_1_2,354.238,79.563,3.988
0,11/01/2022,AC3,Ambient,_1111872,1,AC3_1,A. hyacinthus,3,AhyaArlington8,Arlington8,Arlington,AC3_1_3,326.109,103.746,3.012
0,11/01/2022,AC3,Ambient,_1111872,1,AC3_1,A. hyacinthus,5,AhyaWood16,Wood16,Wood,AC3_1_5,186.514,85.828,3.715
0,11/01/2022,AC3,Ambient,_1111872,1,AC3_1,A. hyacinthus,6,AhyaArlington1,Arlington1,Arlington,AC3_1_6,222.786,76.55,4.107
0,11/01/2022,AC3,Ambient,_1111872,1,AC3_1,A. hyacinthus,7,AhyaPalms5,Palms5,Palms,AC3_1_7,237.876,85.979,3.734
0,11/01/2022,AC3,Ambient,_1111872,1,AC3_1,A. hyacinthus,8,AhyaMartin11,Martin11,Martin,AC3_1_8,134.504,99.59,3.196
0,11/01/2022,AC3,Ambient,_1111872,1,AC3_1,A. hyacinthus,10,AhyaPalms16,Palms16,Palms,AC3_1_10,171.094,78.326,4.037
0,11/01/2022,AC3,Ambient,_1111872,1,AC3_1,A. hyacinthus,11,AhyaArlington10,Arlington10,Arlington,AC3_1_11,349.807,95.033,3.376
0,11/01/2022,AC3,Ambient,_1111874,2,AC3_2,P. lutea,1,PlutArlington6,Arlington6,Arlington,AC3_2_1,517.641,54.326,4.983
0,11/01/2022,AC3,Ambient,_1111874,2,AC3_2,P. lutea,2,PlutDavies18,Davies18,Davies,AC3_2_2,181.24,82.003,3.893
0,11/01/2022,AC3,Ambient,_1111874,2,AC3_2,P. lutea,4,PlutMartin32,Martin32,Martin,AC3_2_4,308.126,76.759,4.1
0,11/01/2022,AC3,Ambient,_1111874,2,AC3_2,P. lutea,5,PlutArlington12,Arlington12,Arlington,AC3_2_5,296.271,58.449,4.82
0,11/01/2022,AC3,Ambient,_1111874,2,AC3_2,P. lutea,6,PlutWood4,Wood4,Wood,AC3_2_6,483.688,43.676,5.402
0,11/01/2022,AC3,Ambient,_1111874,2,AC3_2,P. lutea,7,PlutPalms17,Palms17,Palms,AC3_2_7,415.905,66.774,4.493
0,11/01/2022,AC3,Ambient,_1111874,2,AC3_2,P. lutea,8,PlutMartin18,Martin18,Martin,AC3_2_8,448.258,72.283,4.276
0,11/01/2022,AC3,Ambient,_1111874,2,AC3_2,P. lutea,10,PlutMartin14,Martin14,Martin,AC3_2_10,297.919,59.403,4.783
0,11/01/2022,AC3,Ambient,_1111874,2,AC3_2,P. lutea,11,PlutPalms1,Palms1,Palms,AC3_2_11,339.979,40.68,5.52
0,11/01/2022,AC3,Ambient,_1111875,3,AC3_3,A. hyacinthus,1,AhyaDavies12,Davies12,Davies,AC3_3_1,344.813,93.944,3.434
0,11/01/2022,AC3,Ambient,_1111875,3,AC3_3,A. hyacinthus,2,AhyaWood5A,Wood5A,Wood,AC3_3_2,249.096,81.678,3.913
0,11/01/2022,AC3,Ambient,_1111875,3,AC3_3,A. hyacinthus,4,AhyaMartin17,Martin17,Martin,AC3_3_4,360.27,106.553,2.936
0,11/01/2022,AC3,Ambient,_1111875,3,AC3_3,A. hyacinthus,5,AhyaWood7A,Wood7A,Wood,AC3_3_5,143.673,94.328,3.416
0,11/01/2022,AC3,Ambient,_1111875,3,AC3_3,A. hyacinthus,6,AhyaPalms3,Palms3,Palms,AC3_3_6,420.801,71.894,3.913
0,11/01/2022,AC3,Ambient,_1111875,3,AC3_3,A. hyacinthus,7,AhyaPalms4,Palms4,Palms,AC3_3_7,210.724,77.364,4.083
0,11/01/2022,AC3,Ambient,_1111875,3,AC3_3,A. hyacinthus,8,AhyaMartin12,Martin12,Martin,AC3_3_8,221.114,80.879,3.945
0,11/01/2022,AC3,Ambient,_1111875,3,AC3_3,A. hyacinthus,9,AhyaDavies18,Davies18,Davies,AC3_3_9,393.587,91.155,3.474
0,11/01/2022,AC3,Ambient,_1111875,3,AC3_3,A. hyacinthus,11,AhyaDavies15,Davies15,Davies,AC3_3_11,313.571,65.894,4.533
0,11/01/2022,AC3,Ambient,_1111877,4,AC3_4,P. lutea,1,PlutMartin36,Martin36,Martin,AC3_4_1,525.198,44.069,5.387
0,11/01/2022,AC3,Ambient,_1111877,4,AC3_4,P. lutea,2,PlutPalms4,Palms4,Palms,AC3_4_2,530.607,67.563,4.467
0,11/01/2022,AC3,Ambient,_1111877,4,AC3_4,P. lutea,4,PlutArlington16,Arlington16,Arlington,AC3_4_4,372.747,53.917,5.001
0,11/01/2022,AC3,Ambient,_1111877,4,AC3_4,P. lutea,5,PlutMartin19,Martin19,Martin,AC3_4_5,417.028,51.023,5.114
0,11/01/2022,AC3,Ambient,_1111877,4,AC3_4,P. lutea,6,PlutPalms23,Palms23,Palms,AC3_4_6,265.261,68.739,4.35
0,11/01/2022,AC3,Ambient,_1111877,4,AC3_4,P. lutea,7,PlutArlington9,Arlington9,Arlington,AC3_4_7,487.412,79.551,3.998
0,11/01/2022,AC3,Ambient,_1111877,4,AC3_4,P. lutea,8,PlutDavies9,Davies9,Davies,AC3_4_8,274.417,62.172,4.721
0,11/01/2022,AC3,Ambient,_1111877,4,AC3_4,P. lutea,9,PlutWood29,Wood29,Wood,AC3_4_9,253.443,85.506,3.764
0,11/01/2022,AC3,Ambient,_1111877,4,AC3_4,P. lutea,10,PlutArlington19,Arlington19,Arlington,AC3_4_10,324.595,94.726,3.403
0,11/01/2022,AC3,Ambient,_1111877,4,AC3_4,P. lutea,11,PlutPalms3,Palms3,Palms,AC3_4_11,324.278,52.993,5.04
0,11/01/2022,AC3,Ambient,_1111878,5,AC3_5,A. hyacinthus,1,AhyaMartin3,Martin3,Martin,AC3_5_1,228.854,71.25,4.315
0,11/01/2022,AC3,Ambient,_1111878,5,AC3_5,A. hyacinthus,2,AhyaArlington6,Arlington6,Arlington,AC3_5_2,277.286,72.219,4.277
0,11/01/2022,AC3,Ambient,_1111878,5,AC3_5,A. hyacinthus,3,AhyaArlington9,Arlington9,Arlington,AC3_5_3,256.031,86.72,3.706
0,11/01/2022,AC3,Ambient,_1111878,5,AC3_5,A. hyacinthus,4,AhyaDavies16,Davies16,Davies,AC3_5_4,239.647,91.371,3.523
0,11/01/2022,AC3,Ambient,_1111878,5,AC3_5,A. hyacinthus,5,AhyaWood8,Wood8,Wood,AC3_5_5,130.463,78.006,4.049
0,11/01/2022,AC3,Ambient,_1111878,5,AC3_5,A. hyacinthus,6,AhyaDavies9,Davies9,Davies,AC3_5_6,270.047,95.348,3.366
0,11/01/2022,AC3,Ambient,_1111878,5,AC3_5,A. hyacinthus,7,AhyaPalms10,Palms10,Palms,AC3_5_7,228.451,77.006,4.088
0,11/01/2022,AC3,Ambient,_1111878,5,AC3_5,A. hyacinthus,9,AhyaArlington11,Arlington11,Arlington,AC3_5_9,104.141,83.717,3.824
0,11/01/2022,AC3,Ambient,_1111878,5,AC3_5,A. hyacinthus,10,AhyaDavies14,Davies14,Davies,AC3_5_10,406.407,89.332,3.603
0,11/01/2022,AC3,Ambient,_1111878,5,AC3_5,A. hyacinthus,11,AhyaPalms6,Palms6,Palms,AC3_5_11,280.644,55.212,4.946
0,11/01/2022,AC3,Ambient,_1111880,6,AC3_6,P. lutea,1,PlutDavies7,Davies7,Davies,AC3_6_1,339.307,76.944,4.107
0,11/01/2022,AC3,Ambient,_1111880,6,AC3_6,P. lutea,2,PlutDavies10,Davies10,Davies,AC3_6_2,247.863,68.887,4.422
0,11/01/2022,AC3,Ambient,_1111880,6,AC3_6,P. lutea,4,PlutDavies3,Davies3,Davies,AC3_6_4,183.474,98.6,3.261
0,11/01/2022,AC3,Ambient,_1111880,6,AC3_6,P. lutea,5,PlutMartin4,Martin4,Martin,AC3_6_5,450.969,36.518,5.686
0,11/01/2022,AC3,Ambient,_1111880,6,AC3_6,P. lutea,6,PlutDavies1,Davies1,Davies,AC3_6_6,296.564,67.215,4.487
0,11/01/2022,AC3,Ambient,_1111880,6,AC3_6,P. lutea,7,PlutPalms20,Palms20,Palms,AC3_6_7,181.545,82.633,4.207
0,11/01/2022,AC3,Ambient,_1111880,6,AC3_6,P. lutea,8,PlutWood14,Wood14,Wood,AC3_6_8,203.545,68.547,4.486
0,11/01/2022,AC3,Ambient,_1111880,6,AC3_6,P. lutea,9,PlutArlington1,Arlington1,Arlington,AC3_6_9,442.557,39.641,5.564
0,11/01/2022,AC3,Ambient,_1111880,6,AC3_6,P. lutea,11,PlutWood13,Wood13,Wood,AC3_6_11,657.029,59.246,4.798
0,11/01/2022,AC4,Ambient,_1111881,1,AC4_1,A. hyacinthus,1,AhyaWood7A,Wood7A,Wood,AC4_1_1,188.199,71.099,4.306
0,11/01/2022,AC4,Ambient,_1111881,1,AC4_1,A. hyacinthus,2,AhyaArlington11,Arlington11,Arlington,AC4_1_2,344.764,53.952,4.982
0,11/01/2022,AC4,Ambient,_1111881,1,AC4_1,A. hyacinthus,3,AhyaDavies12,Davies12,Davies,AC4_1_3,394.308,87.601,3.228
0,11/01/2022,AC4,Ambient,_1111881,1,AC4_1,A. hyacinthus,5,AhyaPalms3,Palms3,Palms,AC4_1_5,280.619,62.201,4.521
0,11/01/2022,AC4,Ambient,_1111881,1,AC4_1,A. hyacinthus,6,AhyaWood17,Wood17,Wood,AC4_1_6,323.277,89.522,3.581
0,11/01/2022,AC4,Ambient,_1111881,1,AC4_1,A. hyacinthus,7,AhyaPalms6,Palms6,Palms,AC4_1_7,257.349,61.617,4.68
0,11/01/2022,AC4,Ambient,_1111881,1,AC4_1,A. hyacinthus,8,AhyaArlington1,Arlington1,Arlington,AC4_1_8,207.598,66.04,4.506
0,11/01/2022,AC4,Ambient,_1111881,1,AC4_1,A. hyacinthus,9,AhyaWood8,Wood8,Wood,AC4_1_9,338.086,76.245,4.104
0,11/01/2022,AC4,Ambient,_1111881,1,AC4_1,A. hyacinthus,10,AhyaPalms5,Palms5,Palms,AC4_1_10,210.944,76.306,4.101
0,11/01/2022,AC4,Ambient,_1111881,1,AC4_1,A. hyacinthus,11,AhyaPalms16,Palms16,Palms,AC4_1_11,259.913,70.216,4.341
0,11/01/2022,AC4,Ambient,_1111883,2,AC4_2,P. lutea,1,PlutMartin14,Martin14,Martin,AC4_2_1,311.849,65.554,4.542
0,11/01/2022,AC4,Ambient,_1111883,2,AC4_2,P. lutea,3,PlutMartin4,Martin4,Martin,AC4_2_3,326.195,59.977,4.76
0,11/01/2022,AC4,Ambient,_1111883,2,AC4_2,P. lutea,4,PlutPalms1,Palms1,Palms,AC4_2_4,259.84,66.619,4.5
0,11/01/2022,AC4,Ambient,_1111883,2,AC4_2,P. lutea,5,PlutWood14,Wood14,Wood,AC4_2_5,351.504,70.447,4.35
0,11/01/2022,AC4,Ambient,_1111883,2,AC4_2,P. lutea,6,PlutWood29,Wood29,Wood,AC4_2_6,119.427,101.487,3.135
0,11/01/2022,AC4,Ambient,_1111883,2,AC4_2,P. lutea,7,PlutDavies9,Davies9,Davies,AC4_2_7,232.675,77.543,4.073
0,11/01/2022,AC4,Ambient,_1111883,2,AC4_2,P. lutea,8,PlutPalms17,Palms17,Palms,AC4_2_8,306.636,NA,3.752
0,11/01/2022,AC4,Ambient,_1111883,2,AC4_2,P. lutea,9,PlutPalms23,Palms23,Palms,AC4_2_9,454.815,NA,4.749
0,11/01/2022,AC4,Ambient,_1111883,2,AC4_2,P. lutea,10,PlutPalms20,Palms20,Palms,AC4_2_10,329.662,NA,4.188
0,11/01/2022,AC4,Ambient,_1111884,3,AC4_3,A. hyacinthus,1,AhyaMartin3,Martin3,Martin,AC4_3_1,259.107,77.586,4.018
0,11/01/2022,AC4,Ambient,_1111884,3,AC4_3,A. hyacinthus,3,AhyaDavies18,Davies18,Davies,AC4_3_3,567.892,94.231,3.366
0,11/01/2022,AC4,Ambient,_1111884,3,AC4_3,A. hyacinthus,4,AhyaDavies14,Davies14,Davies,AC4_3_4,300.495,95.556,3.314
0,11/01/2022,AC4,Ambient,_1111884,3,AC4_3,A. hyacinthus,5,AhyaWood16,Wood16,Wood,AC4_3_5,262.587,82.513,3.825
0,11/01/2022,AC4,Ambient,_1111884,3,AC4_3,A. hyacinthus,6,AhyaArlington9,Arlington9,Arlington,AC4_3_6,309.102,87.87,3.615
0,11/01/2022,AC4,Ambient,_1111884,3,AC4_3,A. hyacinthus,7,AhyaWood5A,Wood5A,Wood,AC4_3_7,343.275,92.814,3.421
0,11/01/2022,AC4,Ambient,_1111884,3,AC4_3,A. hyacinthus,8,AhyaPalms10,Palms10,Palms,AC4_3_8,165.857,69.759,4.325
0,11/01/2022,AC4,Ambient,_1111884,3,AC4_3,A. hyacinthus,9,AhyaArlington6,Arlington6,Arlington,AC4_3_9,307.222,83.415,3.79
0,11/01/2022,AC4,Ambient,_1111884,3,AC4_3,A. hyacinthus,10,AhyaArlington10,Arlington10,Arlington,AC4_3_10,224.776,105.552,2.922
0,11/01/2022,AC4,Ambient,_1111886,4,AC4_4,P. lutea,1,PlutWood13,Wood13,Wood,AC4_4_1,445.06,66.343,4.529
0,11/01/2022,AC4,Ambient,_1111886,4,AC4_4,P. lutea,2,PlutPalms3,Palms3,Palms,AC4_4_2,268.008,NA,4.877
0,11/01/2022,AC4,Ambient,_1111886,4,AC4_4,P. lutea,5,PlutArlington19,Arlington19,Arlington,AC4_4_5,246.044,81.257,3.946
0,11/01/2022,AC4,Ambient,_1111886,4,AC4_4,P. lutea,6,PlutArlington6,Arlington6,Arlington,AC4_4_6,261.415,73.02,4.268
0,11/01/2022,AC4,Ambient,_1111886,4,AC4_4,P. lutea,7,PlutMartin19,Martin19,Martin,AC4_4_7,392.452,57.661,4.868
0,11/01/2022,AC4,Ambient,_1111886,4,AC4_4,P. lutea,8,PlutPalms4,Palms4,Palms,AC4_4_8,349.929,65.419,4.565
0,11/01/2022,AC4,Ambient,_1111886,4,AC4_4,P. lutea,9,PlutMartin18,Martin18,Martin,AC4_4_9,538.823,50.378,5.153
0,11/01/2022,AC4,Ambient,_1111886,4,AC4_4,P. lutea,10,PlutDavies18,Davies18,Davies,AC4_4_10,297.724,86.36,3.746
0,11/01/2022,AC4,Ambient,_1111886,4,AC4_4,P. lutea,11,PlutArlington12,Arlington12,Arlington,AC4_4_11,353.543,52.896,5.054
0,11/01/2022,AC4,Ambient,_1111887,5,AC4_5,A. hyacinthus,1,AhyaMartin13,Martin13,Martin,AC4_5_1,308.651,76.171,4.1
0,11/01/2022,AC4,Ambient,_1111887,5,AC4_5,A. hyacinthus,3,AhyaArlington8,Arlington8,Arlington,AC4_5_3,331.506,76.939,4.07
0,11/01/2022,AC4,Ambient,_1111887,5,AC4_5,A. hyacinthus,4,AhyaDavies9,Davies9,Davies,AC4_5_4,475.264,80.996,3.911
0,11/01/2022,AC4,Ambient,_1111887,5,AC4_5,A. hyacinthus,6,AhyaPalms4,Palms4,Palms,AC4_5_6,283.83,76.176,4.1
0,11/01/2022,AC4,Ambient,_1111887,5,AC4_5,A. hyacinthus,7,AhyaDavies15,Davies15,Davies,AC4_5_7,411.632,77.299,4.056
0,11/01/2022,AC4,Ambient,_1111887,5,AC4_5,A. hyacinthus,8,AhyaMartin12,Martin12,Martin,AC4_5_8,340.406,78.247,4.019
0,11/01/2022,AC4,Ambient,_1111887,5,AC4_5,A. hyacinthus,9,AhyaDavies16,Davies16,Davies,AC4_5_9,371.673,81.229,3.904
0,11/01/2022,AC4,Ambient,_1111887,5,AC4_5,A. hyacinthus,10,AhyaMartin17,Martin17,Martin,AC4_5_10,183.584,85.854,3.722
0,11/01/2022,AC4,Ambient,_1111887,5,AC4_5,A. hyacinthus,11,AhyaMartin11,Martin11,Martin,AC4_5_11,383.259,68.562,4.269
0,11/01/2022,AC4,Ambient,_1111889,6,AC4_6,P. lutea,1,PlutArlington1,Arlington1,Arlington,AC4_6_1,230.795,47.971,5.237
0,11/01/2022,AC4,Ambient,_1111889,6,AC4_6,P. lutea,2,PlutArlington16,Arlington16,Arlington,AC4_6_2,310.629,55.406,4.943
0,11/01/2022,AC4,Ambient,_1111889,6,AC4_6,P. lutea,3,PlutMartin32,Martin32,Martin,AC4_6_3,300.276,59.609,4.778
0,11/01/2022,AC4,Ambient,_1111889,6,AC4_6,P. lutea,4,PlutDavies3,Davies3,Davies,AC4_6_4,377.337,67.64,4.461
0,11/01/2022,AC4,Ambient,_1111889,6,AC4_6,P. lutea,5,PlutDavies7,Davies7,Davies,AC4_6_5,160.827,85.341,3.762
0,11/01/2022,AC4,Ambient,_1111889,6,AC4_6,P. lutea,6,PlutWood4,Wood4,Wood,AC4_6_6,133.821,89.443,3.601
0,11/01/2022,AC4,Ambient,_1111889,6,AC4_6,P. lutea,7,PlutMartin36,Martin36,Martin,AC4_6_7,239.793,NA,3.715
0,11/01/2022,AC4,Ambient,_1111889,6,AC4_6,P. lutea,8,PlutDavies10,Davies10,Davies,AC4_6_8,288.396,83.525,3.834
0,11/01/2022,AC4,Ambient,_1111889,6,AC4_6,P. lutea,9,PlutArlington9,Arlington9,Arlington,AC4_6_9,273.148,85.778,3.745
0,11/01/2022,AC4,Ambient,_1111889,6,AC4_6,P. lutea,10,PlutWood20,Wood20,Wood,AC4_6_10,334.399,NA,4.416
0,11/01/2022,AC4,Ambient,_1111889,6,AC4_6,P. lutea,11,PlutDavies1,Davies1,Davies,AC4_6_11,190.763,NA,4.039
0,11/01/2022,AC5,Ambient,_1111899,1,AC5_1,A. hyacinthus,1,AhyaPalms16,Palms16,Palms,AC5_1_1,221.48,68.758,4.318
0,11/01/2022,AC5,Ambient,_1111899,1,AC5_1,A. hyacinthus,3,AhyaDavies15,Davies15,Davies,AC5_1_3,289.983,70.345,4.254
0,11/01/2022,AC5,Ambient,_1111899,1,AC5_1,A. hyacinthus,4,AhyaArlington10,Arlington10,Arlington,AC5_1_4,228.378,82.56,3.761
0,11/01/2022,AC5,Ambient,_1111899,1,AC5_1,A. hyacinthus,5,AhyaMartin3,Martin3,Martin,AC5_1_5,247.533,80.026,3.864
0,11/01/2022,AC5,Ambient,_1111899,1,AC5_1,A. hyacinthus,6,AhyaWood17,Wood17,Wood,AC5_1_6,345.79,84.799,3.671
0,11/01/2022,AC5,Ambient,_1111899,1,AC5_1,A. hyacinthus,7,AhyaPalms6,Palms6,Palms,AC5_1_7,357.364,66.822,4.397
0,11/01/2022,AC5,Ambient,_1111899,1,AC5_1,A. hyacinthus,8,AhyaPalms5,Palms5,Palms,AC5_1_8,213.056,67.123,4.384
0,11/01/2022,AC5,Ambient,_1111899,1,AC5_1,A. hyacinthus,10,AhyaDavies18,Davies18,Davies,AC5_1_10,382.819,99.381,3.074
0,11/01/2022,AC5,Ambient,_1111899,1,AC5_1,A. hyacinthus,11,AhyaDavies12,Davies12,Davies,AC5_1_11,258.68,86.554,3.6
0,11/01/2022,AC5,Ambient,_1111901,2,AC5_2,P. lutea,1,PlutDavies7,Davies7,Davies,AC5_2_1,347.658,NA,4.61
0,11/01/2022,AC5,Ambient,_1111901,2,AC5_2,P. lutea,2,PlutDavies1,Davies1,Davies,AC5_2_2,347.487,NA,4.802
0,11/01/2022,AC5,Ambient,_1111901,2,AC5_2,P. lutea,4,PlutPalms4,Palms4,Palms,AC5_2_4,417.7,NA,4.624
0,11/01/2022,AC5,Ambient,_1111901,2,AC5_2,P. lutea,6,PlutWood4,Wood4,Wood,AC5_2_6,253.491,NA,3.909
0,11/01/2022,AC5,Ambient,_1111901,2,AC5_2,P. lutea,7,PlutMartin14,Martin14,Martin,AC5_2_7,353.836,NA,4.544
0,11/01/2022,AC5,Ambient,_1111901,2,AC5_2,P. lutea,9,PlutArlington1,Arlington1,Arlington,AC5_2_9,291.18,NA,4.696
0,11/01/2022,AC5,Ambient,_1111901,2,AC5_2,P. lutea,10,PlutArlington9,Arlington9,Arlington,AC5_2_10,227.133,NA,4.175
0,11/01/2022,AC5,Ambient,_1111901,2,AC5_2,P. lutea,11,PlutMartin19,Martin19,Martin,AC5_2_11,429.982,NA,5.385
0,11/01/2022,AC5,Ambient,_1111902,3,AC5_3,A. hyacinthus,1,AhyaPalms3,Palms3,Palms,AC5_3_1,356.827,45.85,5.088
0,11/01/2022,AC5,Ambient,_1111902,3,AC5_3,A. hyacinthus,2,AhyaMartin11,Martin11,Martin,AC5_3_2,305.989,69.67,4.324
0,11/01/2022,AC5,Ambient,_1111902,3,AC5_3,A. hyacinthus,3,AhyaArlington1,Arlington1,Arlington,AC5_3_3,339.014,60.75,4.677
0,11/01/2022,AC5,Ambient,_1111902,3,AC5_3,A. hyacinthus,5,AhyaArlington6,Arlington6,Arlington,AC5_3_5,218.892,80.901,3.881
0,11/01/2022,AC5,Ambient,_1111902,3,AC5_3,A. hyacinthus,6,AhyaDavies9,Davies9,Davies,AC5_3_6,294.782,86.646,3.654
0,11/01/2022,AC5,Ambient,_1111902,3,AC5_3,A. hyacinthus,8,AhyaWood5A,Wood5A,Wood,AC5_3_8,349.636,100.426,3.11
0,11/01/2022,AC5,Ambient,_1111902,3,AC5_3,A. hyacinthus,9,AhyaMartin13,Martin13,Martin,AC5_3_9,284.88,67.948,4.392
0,11/01/2022,AC5,Ambient,_1111902,3,AC5_3,A. hyacinthus,10,AhyaPalms10,Palms10,Palms,AC5_3_10,252.454,75.515,4.094
0,11/01/2022,AC5,Ambient,_1111902,3,AC5_3,A. hyacinthus,11,AhyaWood8,Wood8,Wood,AC5_3_11,377.264,59.273,4.735
0,11/01/2022,AC5,Ambient,_1111904,4,AC5_4,P. lutea,1,PlutPalms23,Palms23,Palms,AC5_4_1,360.941,NA,4.945
0,11/01/2022,AC5,Ambient,_1111904,4,AC5_4,P. lutea,2,PlutMartin18,Martin18,Martin,AC5_4_2,269.985,NA,3.595
0,11/01/2022,AC5,Ambient,_1111904,4,AC5_4,P. lutea,3,PlutWood29,Wood29,Wood,AC5_4_3,266.994,NA,3.079
0,11/01/2022,AC5,Ambient,_1111904,4,AC5_4,P. lutea,4,PlutWood14,Wood14,Wood,AC5_4_4,263.393,NA,3.843
0,11/01/2022,AC5,Ambient,_1111904,4,AC5_4,P. lutea,5,PlutMartin36,Martin36,Martin,AC5_4_5,427.735,NA,4.319
0,11/01/2022,AC5,Ambient,_1111904,4,AC5_4,P. lutea,6,PlutDavies3,Davies3,Davies,AC5_4_6,361.283,NA,3.556
0,11/01/2022,AC5,Ambient,_1111904,4,AC5_4,P. lutea,7,PlutPalms3,Palms3,Palms,AC5_4_7,252.026,NA,4.037
0,11/01/2022,AC5,Ambient,_1111904,4,AC5_4,P. lutea,8,PlutArlington6,Arlington6,Arlington,AC5_4_8,296.601,NA,4.371
0,11/01/2022,AC5,Ambient,_1111904,4,AC5_4,P. lutea,9,PlutPalms20,Palms20,Palms,AC5_4_9,302.827,NA,3.765
0,11/01/2022,AC5,Ambient,_1111904,4,AC5_4,P. lutea,10,PlutArlington12,Arlington12,Arlington,AC5_4_10,330.663,NA,4.388
0,11/01/2022,AC5,Ambient,_1111904,4,AC5_4,P. lutea,11,PlutDavies18,Davies18,Davies,AC5_4_11,249.829,NA,4.038
0,11/01/2022,AC5,Ambient,_1111905,5,AC5_5,A. hyacinthus,2,AhyaArlington8,Arlington8,Arlington,AC5_5_2,158.019,96.706,3.269
0,11/01/2022,AC5,Ambient,_1111905,5,AC5_5,A. hyacinthus,3,AhyaWood16,Wood16,Wood,AC5_5_3,182.277,80.038,3.927
0,11/01/2022,AC5,Ambient,_1111905,5,AC5_5,A. hyacinthus,4,AhyaMartin17,Martin17,Martin,AC5_5_4,290.972,99.813,3.146
0,11/01/2022,AC5,Ambient,_1111905,5,AC5_5,A. hyacinthus,5,AhyaArlington9,Arlington9,Arlington,AC5_5_5,215.021,81.565,3.867
0,11/01/2022,AC5,Ambient,_1111905,5,AC5_5,A. hyacinthus,6,AhyaArlington11,Arlington11,Arlington,AC5_5_6,218,79.021,3.967
0,11/01/2022,AC5,Ambient,_1111905,5,AC5_5,A. hyacinthus,7,AhyaDavies16,Davies16,Davies,AC5_5_7,207.672,82.198,3.842
0,11/01/2022,AC5,Ambient,_1111905,5,AC5_5,A. hyacinthus,8,AhyaMartin12,Martin12,Martin,AC5_5_8,254.419,85.428,3.714
0,11/01/2022,AC5,Ambient,_1111905,5,AC5_5,A. hyacinthus,9,AhyaPalms4,Palms4,Palms,AC5_5_9,176.661,67.613,4.417
0,11/01/2022,AC5,Ambient,_1111905,5,AC5_5,A. hyacinthus,10,AhyaWood7A,Wood7A,Wood,AC5_5_10,149.607,91.145,3.488
0,11/01/2022,AC5,Ambient,_1111905,5,AC5_5,A. hyacinthus,11,AhyaDavies14,Davies14,Davies,AC5_5_11,336.768,77.787,4.016
0,11/01/2022,AC5,Ambient,_1111907,6,AC5_6,P. lutea,1,PlutMartin4,Martin4,Martin,AC5_6_1,416.235,NA,5.209
0,11/01/2022,AC5,Ambient,_1111907,6,AC5_6,P. lutea,2,PlutWood13,Wood13,Wood,AC5_6_2,212.677,NA,2.557
0,11/01/2022,AC5,Ambient,_1111907,6,AC5_6,P. lutea,3,PlutPalms17,Palms17,Palms,AC5_6_3,414.696,NA,4.416
0,11/01/2022,AC5,Ambient,_1111907,6,AC5_6,P. lutea,4,PlutPalms1,Palms1,Palms,AC5_6_4,264.504,NA,4.423
0,11/01/2022,AC5,Ambient,_1111907,6,AC5_6,P. lutea,5,PlutMartin32,Martin32,Martin,AC5_6_5,432.668,NA,5.197
0,11/01/2022,AC5,Ambient,_1111907,6,AC5_6,P. lutea,7,PlutArlington16,Arlington16,Arlington,AC5_6_7,236.619,NA,4.509
0,11/01/2022,AC5,Ambient,_1111907,6,AC5_6,P. lutea,8,PlutArlington19,Arlington19,Arlington,AC5_6_8,264.846,NA,4.366
0,11/01/2022,AC5,Ambient,_1111907,6,AC5_6,P. lutea,9,PlutDavies10,Davies10,Davies,AC5_6_9,230.466,NA,4.253
0,11/01/2022,AC5,Ambient,_1111907,6,AC5_6,P. lutea,10,PlutDavies9,Davies9,Davies,AC5_6_10,275.418,NA,5.679
0,11/01/2022,AC6,Ambient,_1111908,1,AC6_1,A. hyacinthus,1,AhyaPalms6,Palms6,Palms,AC6_1_1,340.149,45.841,5.514
0,11/01/2022,AC6,Ambient,_1111908,1,AC6_1,A. hyacinthus,2,AhyaWood5A,Wood5A,Wood,AC6_1_2,175.147,80.55,4.082
0,11/01/2022,AC6,Ambient,_1111908,1,AC6_1,A. hyacinthus,3,AhyaPalms4,Palms4,Palms,AC6_1_3,353.176,69.25,4.548
0,11/01/2022,AC6,Ambient,_1111908,1,AC6_1,A. hyacinthus,4,AhyaWood8,Wood8,Wood,AC6_1_4,241.222,80.88,4.068
0,11/01/2022,AC6,Ambient,_1111908,1,AC6_1,A. hyacinthus,5,AhyaMartin12,Martin12,Martin,AC6_1_5,294.354,75.276,4.3
0,11/01/2022,AC6,Ambient,_1111908,1,AC6_1,A. hyacinthus,6,AhyaWood7A,Wood7A,Wood,AC6_1_6,136.36,87.034,3.815
0,11/01/2022,AC6,Ambient,_1111908,1,AC6_1,A. hyacinthus,8,AhyaWood17,Wood17,Wood,AC6_1_8,300.129,86.311,3.844
0,11/01/2022,AC6,Ambient,_1111908,1,AC6_1,A. hyacinthus,9,AhyaMartin13,Martin13,Martin,AC6_1_9,448.002,81.436,4.045
0,11/01/2022,AC6,Ambient,_1111908,1,AC6_1,A. hyacinthus,10,AhyaArlington6,Arlington6,Arlington,AC6_1_10,197.88,68.088,4.596
0,11/01/2022,AC6,Ambient,_1111908,1,AC6_1,A. hyacinthus,11,AhyaArlington8,Arlington8,Arlington,AC6_1_11,265.102,59.848,4.936
0,11/01/2022,AC6,Ambient,_1111910,2,AC6_2,P. lutea,1,PlutMartin4,Martin4,Martin,AC6_2_1,322.825,NA,5.112
0,11/01/2022,AC6,Ambient,_1111910,2,AC6_2,P. lutea,2,PlutMartin36,Martin36,Martin,AC6_2_2,400.73,NA,5.753
0,11/01/2022,AC6,Ambient,_1111910,2,AC6_2,P. lutea,3,PlutWood13,Wood13,Wood,AC6_2_3,285.857,NA,5.411
0,11/01/2022,AC6,Ambient,_1111910,2,AC6_2,P. lutea,4,PlutWood14,Wood14,Wood,AC6_2_4,193.876,NA,5.217
0,11/01/2022,AC6,Ambient,_1111910,2,AC6_2,P. lutea,5,PlutArlington12,Arlington12,Arlington,AC6_2_5,250.097,NA,5.192
0,11/01/2022,AC6,Ambient,_1111910,2,AC6_2,P. lutea,6,PlutWood6,Wood6,Wood,AC6_2_6,221.004,NA,5.336
0,11/01/2022,AC6,Ambient,_1111910,2,AC6_2,P. lutea,7,PlutArlington16,Arlington16,Arlington,AC6_2_7,161.51,NA,5.057
0,11/01/2022,AC6,Ambient,_1111910,2,AC6_2,P. lutea,8,PlutWood20,Wood20,Wood,AC6_2_8,162.304,NA,4.556
0,11/01/2022,AC6,Ambient,_1111910,2,AC6_2,P. lutea,9,PlutMartin14,Martin14,Martin,AC6_2_9,329.296,NA,5.011
0,11/01/2022,AC6,Ambient,_1111910,2,AC6_2,P. lutea,10,PlutPalms3,Palms3,Palms,AC6_2_10,274.637,NA,5.596
0,11/01/2022,AC6,Ambient,_1111910,2,AC6_2,P. lutea,11,PlutDavies7,Davies7,Davies,AC6_2_11,243.297,NA,4.793
0,11/01/2022,AC6,Ambient,_1111911,3,AC6_3,A. hyacinthus,2,AhyaArlington1,Arlington1,Arlington,AC6_3_2,428.297,65.531,4.606
0,11/01/2022,AC6,Ambient,_1111911,3,AC6_3,A. hyacinthus,3,AhyaArlington11,Arlington11,Arlington,AC6_3_3,262.135,77.436,4.104
0,11/01/2022,AC6,Ambient,_1111911,3,AC6_3,A. hyacinthus,4,AhyaPalms5,Palms5,Palms,AC6_3_4,191.349,63.929,4.674
0,11/01/2022,AC6,Ambient,_1111911,3,AC6_3,A. hyacinthus,6,AhyaDavies9,Davies9,Davies,AC6_3_6,227.719,93.358,3.432
0,11/01/2022,AC6,Ambient,_1111911,3,AC6_3,A. hyacinthus,7,AhyaMartin11,Martin11,Martin,AC6_3_7,194.266,84.474,3.807
0,11/01/2022,AC6,Ambient,_1111911,3,AC6_3,A. hyacinthus,8,AhyaDavies14,Davies14,Davies,AC6_3_8,308.834,94.618,3.379
0,11/01/2022,AC6,Ambient,_1111911,3,AC6_3,A. hyacinthus,9,AhyaArlington9,Arlington9,Arlington,AC6_3_9,165.38,83.206,3.861
0,11/01/2022,AC6,Ambient,_1111911,3,AC6_3,A. hyacinthus,10,AhyaPalms3,Palms3,Palms,AC6_3_10,285.393,76.716,4.134
0,11/01/2022,AC6,Ambient,_1111911,3,AC6_3,A. hyacinthus,11,AhyaDavies16,Davies16,Davies,AC6_3_11,442.594,74.875,4.212
0,11/01/2022,AC6,Ambient,_1111913,4,AC6_4,P. lutea,1,PlutMartin18,Martin18,Martin,AC6_4_1,295.807,NA,4.721
0,11/01/2022,AC6,Ambient,_1111913,4,AC6_4,P. lutea,2,PlutDavies10,Davies10,Davies,AC6_4_2,298.53,NA,4.646
0,11/01/2022,AC6,Ambient,_1111913,4,AC6_4,P. lutea,3,PlutArlington1,Arlington1,Arlington,AC6_4_3,257.02,NA,4.664
0,11/01/2022,AC6,Ambient,_1111913,4,AC6_4,P. lutea,4,PlutArlington19,Arlington19,Arlington,AC6_4_4,589.978,NA,4.93
0,11/01/2022,AC6,Ambient,_1111913,4,AC6_4,P. lutea,5,PlutArlington6,Arlington6,Arlington,AC6_4_5,268.447,NA,4.83
0,11/01/2022,AC6,Ambient,_1111913,4,AC6_4,P. lutea,6,PlutPalms1,Palms1,Palms,AC6_4_6,250.488,NA,4.144
0,11/01/2022,AC6,Ambient,_1111913,4,AC6_4,P. lutea,7,PlutDavies3,Davies3,Davies,AC6_4_7,127.887,NA,3.508
0,11/01/2022,AC6,Ambient,_1111913,4,AC6_4,P. lutea,8,PlutPalms4,Palms4,Palms,AC6_4_8,309.957,NA,4.492
0,11/01/2022,AC6,Ambient,_1111913,4,AC6_4,P. lutea,10,PlutDavies1,Davies1,Davies,AC6_4_10,111.808,NA,3.301
0,11/01/2022,AC6,Ambient,_1111913,4,AC6_4,P. lutea,11,PlutDavies18,Davies18,Davies,AC6_4_11,220.161,NA,4.266
0,11/01/2022,AC6,Ambient,_1111914,5,AC6_5,A. hyacinthus,1,AhyaMartin17,Martin17,Martin,AC6_5_1,324.656,92.329,3.483
0,11/01/2022,AC6,Ambient,_1111914,5,AC6_5,A. hyacinthus,2,AhyaPalms10,Palms10,Palms,AC6_5_2,213.849,65.28,4.635
0,11/01/2022,AC6,Ambient,_1111914,5,AC6_5,A. hyacinthus,4,AhyaDavies12,Davies12,Davies,AC6_5_4,251.343,103.051,3.026
0,11/01/2022,AC6,Ambient,_1111914,5,AC6_5,A. hyacinthus,5,AhyaArlington10,Arlington10,Arlington,AC6_5_5,197.612,140.164,1.445
0,11/01/2022,AC6,Ambient,_1111914,5,AC6_5,A. hyacinthus,6,AhyaDavies18,Davies18,Davies,AC6_5_6,329.137,109.571,2.748
0,11/01/2022,AC6,Ambient,_1111914,5,AC6_5,A. hyacinthus,7,AhyaWood16,Wood16,Wood,AC6_5_7,233.274,99.911,3.16
0,11/01/2022,AC6,Ambient,_1111914,5,AC6_5,A. hyacinthus,8,AhyaDavies15,Davies15,Davies,AC6_5_8,215.314,77.9,4.097
0,11/01/2022,AC6,Ambient,_1111914,5,AC6_5,A. hyacinthus,10,AhyaPalms16,Palms16,Palms,AC6_5_10,226.779,81.717,3.935
0,11/01/2022,AC6,Ambient,_1111914,5,AC6_5,A. hyacinthus,11,AhyaMartin3,Martin3,Martin,AC6_5_11,256.629,77.631,4.109
0,11/01/2022,AC6,Ambient,_1111916,6,AC6_6,P. lutea,1,PlutWood4,Wood4,Wood,AC6_6_1,374.835,NA,5.081
0,11/01/2022,AC6,Ambient,_1111916,6,AC6_6,P. lutea,2,PlutMartin32,Martin32,Martin,AC6_6_2,468.256,NA,5.745
0,11/01/2022,AC6,Ambient,_1111916,6,AC6_6,P. lutea,3,PlutMartin19,Martin19,Martin,AC6_6_3,352.859,NA,4.51
0,11/01/2022,AC6,Ambient,_1111916,6,AC6_6,P. lutea,5,PlutArlington9,Arlington9,Arlington,AC6_6_5,303.828,NA,4.984
0,11/01/2022,AC6,Ambient,_1111916,6,AC6_6,P. lutea,6,PlutDavies9,Davies9,Davies,AC6_6_6,334.265,NA,5.543
0,11/01/2022,AC6,Ambient,_1111916,6,AC6_6,P. lutea,7,PlutPalms23,Palms23,Palms,AC6_6_7,257.484,NA,4.306
0,11/01/2022,AC6,Ambient,_1111916,6,AC6_6,P. lutea,8,PlutPalms20,Palms20,Palms,AC6_6_8,250.427,NA,3.885
0,11/01/2022,AC6,Ambient,_1111916,6,AC6_6,P. lutea,9,PlutPalms17,Palms17,Palms,AC6_6_9,248.828,NA,3.854
0,11/01/2022,AC6,Ambient,_1111916,6,AC6_6,P. lutea,11,PlutWood29,Wood29,Wood,AC6_6_11,323.851,NA,4.589
0,11/01/2022,AR1,Hot,_1111818,1,AR1_1,A. hyacinthus,1,AhyaPalms4,Palms4,Palms,AR1_1_1,221.26,61.688,4.583
0,11/01/2022,AR1,Hot,_1111818,1,AR1_1,A. hyacinthus,2,AhyaDavies16,Davies16,Davies,AR1_1_2,337.036,88.163,3.338
0,11/01/2022,AR1,Hot,_1111818,1,AR1_1,A. hyacinthus,3,AhyaPalms16,Palms16,Palms,AR1_1_3,184.475,87.177,3.584
0,11/01/2022,AR1,Hot,_1111818,1,AR1_1,A. hyacinthus,4,AhyaArlington11,Arlington11,Arlington,AR1_1_4,243.541,65.98,4.415
0,11/01/2022,AR1,Hot,_1111818,1,AR1_1,A. hyacinthus,5,AhyaPalms6,Palms6,Palms,AR1_1_5,163.989,55.215,4.199
0,11/01/2022,AR1,Hot,_1111818,1,AR1_1,A. hyacinthus,6,AhyaMartin12,Martin12,Martin,AR1_1_6,271.646,80.106,3.862
0,11/01/2022,AR1,Hot,_1111818,1,AR1_1,A. hyacinthus,7,AhyaArlington9,Arlington9,Arlington,AR1_1_7,233.896,85.394,3.654
0,11/01/2022,AR1,Hot,_1111818,1,AR1_1,A. hyacinthus,8,AhyaPalms10,Palms10,Palms,AR1_1_8,179.799,74.45,4.083
0,11/01/2022,AR1,Hot,_1111818,1,AR1_1,A. hyacinthus,9,AhyaArlington10,Arlington10,Arlington,AR1_1_9,238.243,104.781,2.558
0,11/01/2022,AR1,Hot,_1111818,1,AR1_1,A. hyacinthus,10,AhyaWood17,Wood17,Wood,AR1_1_10,250.903,98.27,3.15
0,11/01/2022,AR1,Hot,_1111818,1,AR1_1,A. hyacinthus,11,AhyaWood5A,Wood5A,Wood,AR1_1_11,201.116,100.056,3.08
0,11/01/2022,AR1,Hot,_1111820,2,AR1_2,P. lutea,1,PlutMartin19,Martin19,Martin,AR1_2_1,313.901,NA,5.277
0,11/01/2022,AR1,Hot,_1111820,2,AR1_2,P. lutea,3,PlutPalms1,Palms1,Palms,AR1_2_3,230.282,NA,4.334
0,11/01/2022,AR1,Hot,_1111820,2,AR1_2,P. lutea,4,PlutPalms23,Palms23,Palms,AR1_2_4,326.415,NA,4.815
0,11/01/2022,AR1,Hot,_1111820,2,AR1_2,P. lutea,5,PlutWood6,Wood6,Wood,AR1_2_5,280.119,NA,4.66
0,11/01/2022,AR1,Hot,_1111820,2,AR1_2,P. lutea,6,PlutDavies18,Davies18,Davies,AR1_2_6,260.78,NA,3.778
0,11/01/2022,AR1,Hot,_1111820,2,AR1_2,P. lutea,7,PlutDavies1,Davies1,Davies,AR1_2_7,257.105,NA,3.558
0,11/01/2022,AR1,Hot,_1111820,2,AR1_2,P. lutea,8,PlutWood13,Wood13,Wood,AR1_2_8,173.536,NA,2.895
0,11/01/2022,AR1,Hot,_1111820,2,AR1_2,P. lutea,9,PlutArlington6,Arlington6,Arlington,AR1_2_9,167.712,NA,3.694
0,11/01/2022,AR1,Hot,_1111820,2,AR1_2,P. lutea,11,PlutPalms4,Palms4,Palms,AR1_2_11,351.308,NA,4.649
0,11/01/2022,AR1,Hot,_1111821,3,AR1_3,A. hyacinthus,1,AhyaMartin3,Martin3,Martin,AR1_3_1,182.558,70.456,4.295
0,11/01/2022,AR1,Hot,_1111821,3,AR1_3,A. hyacinthus,2,AhyaWood8,Wood8,Wood,AR1_3_2,124.896,74.522,4.136
0,11/01/2022,AR1,Hot,_1111821,3,AR1_3,A. hyacinthus,4,AhyaPalms5,Palms5,Palms,AR1_3_4,290.386,80.843,3.889
0,11/01/2022,AR1,Hot,_1111821,3,AR1_3,A. hyacinthus,5,AhyaPalms3,Palms3,Palms,AR1_3_5,281.804,63.084,4.584
0,11/01/2022,AR1,Hot,_1111821,3,AR1_3,A. hyacinthus,6,AhyaDavies15,Davies15,Davies,AR1_3_6,278.812,86.349,3.516
0,11/01/2022,AR1,Hot,_1111821,3,AR1_3,A. hyacinthus,8,AhyaMartin17,Martin17,Martin,AR1_3_8,283.598,94.305,3.362
0,11/01/2022,AR1,Hot,_1111821,3,AR1_3,A. hyacinthus,9,AhyaMartin13,Martin13,Martin,AR1_3_9,399.899,76.951,4.041
0,11/01/2022,AR1,Hot,_1111821,3,AR1_3,A. hyacinthus,10,AhyaMartin11,Martin11,Martin,AR1_3_10,145.505,78.972,3.962
0,11/01/2022,AR1,Hot,_1111821,3,AR1_3,A. hyacinthus,11,AhyaArlington6,Arlington6,Arlington,AR1_3_11,232.065,72.321,4.222
0,11/01/2022,AR1,Hot,_1111823,4,AR1_4,P. lutea,1,PlutPalms3,Palms3,Palms,AR1_4_1,327.196,NA,5.133
0,11/01/2022,AR1,Hot,_1111823,4,AR1_4,P. lutea,2,PlutWood29,Wood29,Wood,AR1_4_2,200.847,NA,2.929
0,11/01/2022,AR1,Hot,_1111823,4,AR1_4,P. lutea,3,PlutArlington19,Arlington19,Arlington,AR1_4_3,375.384,NA,4.007
0,11/01/2022,AR1,Hot,_1111823,4,AR1_4,P. lutea,4,PlutArlington9,Arlington9,Arlington,AR1_4_4,200.92,NA,4.165
0,11/01/2022,AR1,Hot,_1111823,4,AR1_4,P. lutea,5,PlutPalms17,Palms17,Palms,AR1_4_5,370.098,NA,4.317
0,11/01/2022,AR1,Hot,_1111823,4,AR1_4,P. lutea,6,PlutWood14,Wood14,Wood,AR1_4_6,365.58,NA,4.343
0,11/01/2022,AR1,Hot,_1111823,4,AR1_4,P. lutea,7,PlutWood4,Wood4,Wood,AR1_4_7,430.031,NA,4.896
0,11/01/2022,AR1,Hot,_1111823,4,AR1_4,P. lutea,8,PlutArlington12,Arlington12,Arlington,AR1_4_8,319.028,NA,4.521
0,11/01/2022,AR1,Hot,_1111823,4,AR1_4,P. lutea,9,PlutDavies7,Davies7,Davies,AR1_4_9,389.656,NA,4.352
0,11/01/2022,AR1,Hot,_1111823,4,AR1_4,P. lutea,10,PlutDavies9,Davies9,Davies,AR1_4_10,182.033,NA,4.503
0,11/01/2022,AR1,Hot,_1111823,4,AR1_4,P. lutea,11,PlutMartin4,Martin4,Martin,AR1_4_11,399.545,NA,5.368
0,11/01/2022,AR1,Hot,_1111824,5,AR1_5,A. hyacinthus,1,AhyaDavies12,Davies12,Davies,AR1_5_1,306.49,91.512,3.462
0,11/01/2022,AR1,Hot,_1111824,5,AR1_5,A. hyacinthus,3,AhyaDavies18,Davies18,Davies,AR1_5_3,330.041,93.104,3.399
0,11/01/2022,AR1,Hot,_1111824,5,AR1_5,A. hyacinthus,4,AhyaDavies9,Davies9,Davies,AR1_5_4,179.97,87.734,3.609
0,11/01/2022,AR1,Hot,_1111824,5,AR1_5,A. hyacinthus,7,AhyaArlington1,Arlington1,Arlington,AR1_5_7,112.101,80.151,3.906
0,11/01/2022,AR1,Hot,_1111824,5,AR1_5,A. hyacinthus,8,AhyaWood16,Wood16,Wood,AR1_5_8,201.287,82.675,3.807
0,11/01/2022,AR1,Hot,_1111824,5,AR1_5,A. hyacinthus,9,AhyaDavies14,Davies14,Davies,AR1_5_9,358.585,84.429,3.738
0,11/01/2022,AR1,Hot,_1111824,5,AR1_5,A. hyacinthus,10,AhyaWood7A,Wood7A,Wood,AR1_5_10,165.673,90.412,3.505
0,11/01/2022,AR1,Hot,_1111824,5,AR1_5,A. hyacinthus,11,AhyaArlington8,Arlington8,Arlington,AR1_5_11,209.967,77.618,4.005
0,11/01/2022,AR1,Hot,_1111826,6,AR1_6,P. lutea,1,PlutArlington16,Arlington16,Arlington,AR1_6_1,225.973,NA,5.382
0,11/01/2022,AR1,Hot,_1111826,6,AR1_6,P. lutea,2,PlutArlington1,Arlington1,Arlington,AR1_6_2,250.83,NA,4.908
0,11/01/2022,AR1,Hot,_1111826,6,AR1_6,P. lutea,3,PlutMartin36,Martin36,Martin,AR1_6_3,355.911,NA,5.128
0,11/01/2022,AR1,Hot,_1111826,6,AR1_6,P. lutea,4,PlutDavies3,Davies3,Davies,AR1_6_4,74.315,NA,2.575
0,11/01/2022,AR1,Hot,_1111826,6,AR1_6,P. lutea,5,PlutMartin14,Martin14,Martin,AR1_6_5,351.406,NA,4.748
0,11/01/2022,AR1,Hot,_1111826,6,AR1_6,P. lutea,6,PlutMartin18,Martin18,Martin,AR1_6_6,344.569,NA,4.256
0,11/01/2022,AR1,Hot,_1111826,6,AR1_6,P. lutea,7,PlutWood20,Wood20,Wood,AR1_6_7,168.188,NA,3.093
0,11/01/2022,AR1,Hot,_1111826,6,AR1_6,P. lutea,8,PlutMartin32,Martin32,Martin,AR1_6_8,415.209,NA,4.565
0,11/01/2022,AR1,Hot,_1111826,6,AR1_6,P. lutea,10,PlutDavies10,Davies10,Davies,AR1_6_10,251.245,NA,4.192
0,11/01/2022,AR1,Hot,_1111826,6,AR1_6,P. lutea,11,PlutPalms20,Palms20,Palms,AR1_6_11,211.444,NA,4.288
0,11/01/2022,AR2,Hot,_1111827,1,AR2_1,A. hyacinthus,1,AhyaArlington11,Arlington11,Arlington,AR2_1_1,168.005,61.132,4.716
0,11/01/2022,AR2,Hot,_1111827,1,AR2_1,A. hyacinthus,2,AhyaDavies12,Davies12,Davies,AR2_1_2,272.342,101.256,2.824
0,11/01/2022,AR2,Hot,_1111827,1,AR2_1,A. hyacinthus,3,AhyaMartin11,Martin11,Martin,AR2_1_3,203.399,79.82,3.995
0,11/01/2022,AR2,Hot,_1111827,1,AR2_1,A. hyacinthus,4,AhyaWood8,Wood8,Wood,AR2_1_4,203.069,80.628,3.964
0,11/01/2022,AR2,Hot,_1111827,1,AR2_1,A. hyacinthus,5,AhyaWood5A,Wood5A,Wood,AR2_1_5,240.977,107.823,2.915
0,11/01/2022,AR2,Hot,_1111827,1,AR2_1,A. hyacinthus,6,AhyaArlington6,Arlington6,Arlington,AR2_1_6,226.669,84.029,3.833
0,11/01/2022,AR2,Hot,_1111827,1,AR2_1,A. hyacinthus,7,AhyaDavies18,Davies18,Davies,AR2_1_7,316.66,100.85,3.184
0,11/01/2022,AR2,Hot,_1111827,1,AR2_1,A. hyacinthus,8,AhyaMartin13,Martin13,Martin,AR2_1_8,228.781,72.489,4.278
0,11/01/2022,AR2,Hot,_1111827,1,AR2_1,A. hyacinthus,9,AhyaDavies16,Davies16,Davies,AR2_1_9,291.961,66.532,4.507
0,11/01/2022,AR2,Hot,_1111827,1,AR2_1,A. hyacinthus,10,AhyaDavies9,Davies9,Davies,AR2_1_10,299.384,91.315,3.503
0,11/01/2022,AR2,Hot,_1111827,1,AR2_1,A. hyacinthus,11,AhyaPalms6,Palms6,Palms,AR2_1_11,294.293,52.928,5.032
0,11/01/2022,AR2,Hot,_1111829,2,AR2_2,P. lutea,2,PlutArlington1,Arlington1,Arlington,AR2_2_2,200.884,NA,4.575
0,11/01/2022,AR2,Hot,_1111829,2,AR2_2,P. lutea,3,PlutMartin14,Martin14,Martin,AR2_2_3,272.024,NA,4.273
0,11/01/2022,AR2,Hot,_1111829,2,AR2_2,P. lutea,4,PlutDavies10,Davies10,Davies,AR2_2_4,288.726,NA,4.254
0,11/01/2022,AR2,Hot,_1111829,2,AR2_2,P. lutea,5,PlutWood13,Wood13,Wood,AR2_2_5,366.289,NA,4.06
0,11/01/2022,AR2,Hot,_1111829,2,AR2_2,P. lutea,6,PlutDavies3,Davies3,Davies,AR2_2_6,244.994,NA,4.019
0,11/01/2022,AR2,Hot,_1111829,2,AR2_2,P. lutea,7,PlutWood20,Wood20,Wood,AR2_2_7,NA,NA,NA
0,11/01/2022,AR2,Hot,_1111829,2,AR2_2,P. lutea,8,PlutDavies7,Davies7,Davies,AR2_2_8,312.13,NA,3.966
0,11/01/2022,AR2,Hot,_1111829,2,AR2_2,P. lutea,9,PlutDavies9,Davies9,Davies,AR2_2_9,252.002,NA,3.974
0,11/01/2022,AR2,Hot,_1111829,2,AR2_2,P. lutea,10,PlutDavies1,Davies1,Davies,AR2_2_10,292.291,NA,4.22
0,11/01/2022,AR2,Hot,_1111829,2,AR2_2,P. lutea,11,PlutPalms1,Palms1,Palms,AR2_2_11,212.531,NA,4.568
0,11/01/2022,AR2,Hot,_1111830,3,AR2_3,A. hyacinthus,2,AhyaPalms10,Palms10,Palms,AR2_3_2,151.218,67.744,4.466
0,11/01/2022,AR2,Hot,_1111830,3,AR2_3,A. hyacinthus,4,AhyaDavies15,Davies15,Davies,AR2_3_4,307.259,66.02,4.536
0,11/01/2022,AR2,Hot,_1111830,3,AR2_3,A. hyacinthus,5,AhyaWood17,Wood17,Wood,AR2_3_5,163.256,88.109,3.637
0,11/01/2022,AR2,Hot,_1111830,3,AR2_3,A. hyacinthus,6,AhyaPalms5,Palms5,Palms,AR2_3_6,349.294,75.504,4.15
0,11/01/2022,AR2,Hot,_1111830,3,AR2_3,A. hyacinthus,8,AhyaWood7A,Wood7A,Wood,AR2_3_8,132.929,88.499,3.622
0,11/01/2022,AR2,Hot,_1111830,3,AR2_3,A. hyacinthus,9,AhyaArlington8,Arlington8,Arlington,AR2_3_9,256.873,85.002,3.764
0,11/01/2022,AR2,Hot,_1111830,3,AR2_3,A. hyacinthus,10,AhyaMartin12,Martin12,Martin,AR2_3_10,354.483,75.66,4.144
0,11/01/2022,AR2,Hot,_1111830,3,AR2_3,A. hyacinthus,11,AhyaArlington10,Arlington10,Arlington,AR2_3_11,183.962,85.65,3.737
0,11/01/2022,AR2,Hot,_1111832,4,AR2_4,P. lutea,1,PlutArlington16,Arlington16,Arlington,AR2_4_1,307.747,54.245,5.013
0,11/01/2022,AR2,Hot,_1111832,4,AR2_4,P. lutea,2,PlutMartin18,Martin18,Martin,AR2_4_2,484.567,40.388,5.551
0,11/01/2022,AR2,Hot,_1111832,4,AR2_4,P. lutea,4,PlutWood4,Wood4,Wood,AR2_4_4,309.64,73.369,4.271
0,11/01/2022,AR2,Hot,_1111832,4,AR2_4,P. lutea,5,PlutPalms3,Palms3,Palms,AR2_4_5,254.712,70.159,4.396
0,11/01/2022,AR2,Hot,_1111832,4,AR2_4,P. lutea,6,PlutDavies18,Davies18,Davies,AR2_4_6,220.113,95.993,3.394
0,11/01/2022,AR2,Hot,_1111832,4,AR2_4,P. lutea,7,PlutPalms17,Palms17,Palms,AR2_4_7,446.439,66.267,4.547
0,11/01/2022,AR2,Hot,_1111832,4,AR2_4,P. lutea,8,PlutArlington12,Arlington12,Arlington,AR2_4_8,13.979,96.98,3.356
0,11/01/2022,AR2,Hot,_1111832,4,AR2_4,P. lutea,9,PlutMartin19,Martin19,Martin,AR2_4_9,253.76,52.155,5.094
0,11/01/2022,AR2,Hot,_1111832,4,AR2_4,P. lutea,10,PlutPalms20,Palms20,Palms,AR2_4_10,108.866,96.379,3.379
0,11/01/2022,AR2,Hot,_1111832,4,AR2_4,P. lutea,11,PlutWood29,Wood29,Wood,AR2_4_11,258.851,79.198,4.045
0,11/01/2022,AR2,Hot,_1111833,5,AR2_5,A. hyacinthus,1,AhyaWood16,Wood16,Wood,AR2_5_1,216.084,83.869,3.89
0,11/01/2022,AR2,Hot,_1111833,5,AR2_5,A. hyacinthus,2,AhyaArlington1,Arlington1,Arlington,AR2_5_2,289.898,62.154,4.74
0,11/01/2022,AR2,Hot,_1111833,5,AR2_5,A. hyacinthus,4,AhyaPalms4,Palms4,Palms,AR2_5_4,221.077,80.653,4.016
0,11/01/2022,AR2,Hot,_1111833,5,AR2_5,A. hyacinthus,5,AhyaPalms3,Palms3,Palms,AR2_5_5,350.466,58.28,4.803
0,11/01/2022,AR2,Hot,_1111833,5,AR2_5,A. hyacinthus,6,AhyaMartin3,Martin3,Martin,AR2_5_6,197.294,76.783,4.167
0,11/01/2022,AR2,Hot,_1111833,5,AR2_5,A. hyacinthus,7,AhyaArlington9,Arlington9,Arlington,AR2_5_7,220.247,77.606,4.135
0,11/01/2022,AR2,Hot,_1111833,5,AR2_5,A. hyacinthus,8,AhyaMartin17,Martin17,Martin,AR2_5_8,188.675,105.332,3.05
0,11/01/2022,AR2,Hot,_1111833,5,AR2_5,A. hyacinthus,10,AhyaDavies14,Davies14,Davies,AR2_5_10,431.593,87.906,3.732
0,11/01/2022,AR2,Hot,_1111833,5,AR2_5,A. hyacinthus,11,AhyaPalms16,Palms16,Palms,AR2_5_11,299.751,61.536,4.764
0,11/01/2022,AR2,Hot,_1111835,6,AR2_6,P. lutea,2,PlutPalms4,Palms4,Palms,AR2_6_2,426.576,41.035,5.525
0,11/01/2022,AR2,Hot,_1111835,6,AR2_6,P. lutea,3,PlutMartin32,Martin32,Martin,AR2_6_3,401.218,66.411,4.727
0,11/01/2022,AR2,Hot,_1111835,6,AR2_6,P. lutea,4,PlutMartin4,Martin4,Martin,AR2_6_4,289.471,57.84,4.894
0,11/01/2022,AR2,Hot,_1111835,6,AR2_6,P. lutea,5,PlutArlington9,Arlington9,Arlington,AR2_6_5,334.546,44.245,5.401
0,11/01/2022,AR2,Hot,_1111835,6,AR2_6,P. lutea,6,PlutMartin36,Martin36,Martin,AR2_6_6,467.805,43.536,5.428
0,11/01/2022,AR2,Hot,_1111835,6,AR2_6,P. lutea,8,PlutWood14,Wood14,Wood,AR2_6_8,269.705,59.511,4.811
0,11/01/2022,AR2,Hot,_1111835,6,AR2_6,P. lutea,9,PlutPalms23,Palms23,Palms,AR2_6_9,223.97,60.033,4.79
0,11/01/2022,AR2,Hot,_1111835,6,AR2_6,P. lutea,10,PlutArlington6,Arlington6,Arlington,AR2_6_10,272.366,85.578,3.803
0,11/01/2022,AR2,Hot,_1111835,6,AR2_6,P. lutea,11,PlutArlington19,Arlington19,Arlington,AR2_6_11,295.575,66.286,4.549
0,11/01/2022,AR3,Hot,_1111845,1,AR3_1,A. hyacinthus,1,AhyaWood16,Wood16,Wood,AR3_1_1,230.368,100.993,3.091
0,11/01/2022,AR3,Hot,_1111845,1,AR3_1,A. hyacinthus,2,AhyaWood5A,Wood5A,Wood,AR3_1_2,207.989,90.377,3.514
0,11/01/2022,AR3,Hot,_1111845,1,AR3_1,A. hyacinthus,4,AhyaMartin3,Martin3,Martin,AR3_1_4,290.801,74.52,4.146
0,11/01/2022,AR3,Hot,_1111845,1,AR3_1,A. hyacinthus,5,AhyaWood17,Wood17,Wood,AR3_1_5,153.88,80.861,3.893
0,11/01/2022,AR3,Hot,_1111845,1,AR3_1,A. hyacinthus,6,AhyaPalms4,Palms4,Palms,AR3_1_6,230.368,73.827,4.173
0,11/01/2022,AR3,Hot,_1111845,1,AR3_1,A. hyacinthus,7,AhyaArlington6,Arlington6,Arlington,AR3_1_7,200.969,86.127,3.683
0,11/01/2022,AR3,Hot,_1111845,1,AR3_1,A. hyacinthus,8,AhyaPalms5,Palms5,Palms,AR3_1_8,205.157,66.983,4.446
0,11/01/2022,AR3,Hot,_1111845,1,AR3_1,A. hyacinthus,9,AhyaMartin13,Martin13,Martin,AR3_1_9,247.424,76.84,4.053
0,11/01/2022,AR3,Hot,_1111845,1,AR3_1,A. hyacinthus,11,AhyaDavies14,Davies14,Davies,AR3_1_11,216.657,76.767,4.056
0,11/01/2022,AR3,Hot,_1111847,2,AR3_2,P. lutea,1,PlutDavies10,Davies10,Davies,AR3_2_1,266.274,NA,4.143
0,11/01/2022,AR3,Hot,_1111847,2,AR3_2,P. lutea,2,PlutWood14,Wood14,Wood,AR3_2_2,294.354,NA,5.109
0,11/01/2022,AR3,Hot,_1111847,2,AR3_2,P. lutea,3,PlutPalms3,Palms3,Palms,AR3_2_3,194.584,NA,4.605
0,11/01/2022,AR3,Hot,_1111847,2,AR3_2,P. lutea,4,PlutArlington6,Arlington6,Arlington,AR3_2_4,270.73,NA,4.568
0,11/01/2022,AR3,Hot,_1111847,2,AR3_2,P. lutea,5,PlutArlington1,Arlington1,Arlington,AR3_2_5,171.497,NA,5.22
0,11/01/2022,AR3,Hot,_1111847,2,AR3_2,P. lutea,6,PlutDavies18,Davies18,Davies,AR3_2_6,273.941,NA,3.296
0,11/01/2022,AR3,Hot,_1111847,2,AR3_2,P. lutea,7,PlutDavies3,Davies3,Davies,AR3_2_7,213.178,NA,3.185
0,11/01/2022,AR3,Hot,_1111847,2,AR3_2,P. lutea,8,PlutDavies9,Davies9,Davies,AR3_2_8,322.386,NA,4.67
0,11/01/2022,AR3,Hot,_1111847,2,AR3_2,P. lutea,9,PlutMartin19,Martin19,Martin,AR3_2_9,281.401,NA,5.228
0,11/01/2022,AR3,Hot,_1111847,2,AR3_2,P. lutea,10,PlutArlington9,Arlington9,Arlington,AR3_2_10,375.518,NA,4.16
0,11/01/2022,AR3,Hot,_1111847,2,AR3_2,P. lutea,11,PlutWood29,Wood29,Wood,AR3_2_11,137.666,NA,4.059
0,11/01/2022,AR3,Hot,_1111848,3,AR3_3,A. hyacinthus,1,AhyaArlington11,Arlington11,Arlington,AR3_3_1,281.303,NA,4.833
0,11/01/2022,AR3,Hot,_1111848,3,AR3_3,A. hyacinthus,2,AhyaDavies15,Davies15,Davies,AR3_3_2,271.304,NA,4.621
0,11/01/2022,AR3,Hot,_1111848,3,AR3_3,A. hyacinthus,4,AhyaWood8,Wood8,Wood,AR3_3_4,161.083,NA,3.956
0,11/01/2022,AR3,Hot,_1111848,3,AR3_3,A. hyacinthus,6,AhyaPalms10,Palms10,Palms,AR3_3_6,143.075,NA,3.975
0,11/01/2022,AR3,Hot,_1111848,3,AR3_3,A. hyacinthus,7,AhyaPalms3,Palms3,Palms,AR3_3_7,314.78,NA,4.705
0,11/01/2022,AR3,Hot,_1111848,3,AR3_3,A. hyacinthus,8,AhyaArlington1,Arlington1,Arlington,AR3_3_8,243.151,NA,4.238
0,11/01/2022,AR3,Hot,_1111848,3,AR3_3,A. hyacinthus,9,AhyaMartin12,Martin12,Martin,AR3_3_9,217.659,NA,3.681
0,11/01/2022,AR3,Hot,_1111848,3,AR3_3,A. hyacinthus,10,AhyaDavies12,Davies12,Davies,AR3_3_10,334.045,NA,3.742
0,11/01/2022,AR3,Hot,_1111848,3,AR3_3,A. hyacinthus,11,AhyaDavies9,Davies9,Davies,AR3_3_11,224.923,NA,3.991
0,11/01/2022,AR3,Hot,_1111850,4,AR3_4,P. lutea,1,PlutWood13,Wood13,Wood,AR3_4_1,122.381,NA,2.95
0,11/01/2022,AR3,Hot,_1111850,4,AR3_4,P. lutea,2,PlutMartin14,Martin14,Martin,AR3_4_2,343.312,NA,4.857
0,11/01/2022,AR3,Hot,_1111850,4,AR3_4,P. lutea,3,PlutDavies7,Davies7,Davies,AR3_4_3,339.063,NA,5.148
0,11/01/2022,AR3,Hot,_1111850,4,AR3_4,P. lutea,4,PlutArlington16,Arlington16,Arlington,AR3_4_4,222.408,NA,4.826
0,11/01/2022,AR3,Hot,_1111850,4,AR3_4,P. lutea,6,PlutPalms23,Palms23,Palms,AR3_4_6,310.97,NA,4.01
0,11/01/2022,AR3,Hot,_1111850,4,AR3_4,P. lutea,7,PlutMartin36,Martin36,Martin,AR3_4_7,410.399,NA,5.347
0,11/01/2022,AR3,Hot,_1111850,4,AR3_4,P. lutea,8,PlutMartin18,Martin18,Martin,AR3_4_8,235.74,NA,4.597
0,11/01/2022,AR3,Hot,_1111850,4,AR3_4,P. lutea,9,PlutArlington12,Arlington12,Arlington,AR3_4_9,327.672,NA,4.575
0,11/01/2022,AR3,Hot,_1111850,4,AR3_4,P. lutea,10,PlutPalms17,Palms17,Palms,AR3_4_10,314.291,NA,4.104
0,11/01/2022,AR3,Hot,_1111850,4,AR3_4,P. lutea,11,PlutWood20,Wood20,Wood,AR3_4_11,93.678,NA,3.575
0,11/01/2022,AR3,Hot,_1111851,5,AR3_5,A. hyacinthus,1,AhyaMartin11,Martin11,Martin,AR3_5_1,228.83,70.201,4.38
0,11/01/2022,AR3,Hot,_1111851,5,AR3_5,A. hyacinthus,3,AhyaArlington9,Arlington9,Arlington,AR3_5_3,289.752,77.892,4.079
0,11/01/2022,AR3,Hot,_1111851,5,AR3_5,A. hyacinthus,4,AhyaPalms16,Palms16,Palms,AR3_5_4,206.658,79.264,4.025
0,11/01/2022,AR3,Hot,_1111851,5,AR3_5,A. hyacinthus,5,AhyaDavies16,Davies16,Davies,AR3_5_5,197.38,82.321,3.905
0,11/01/2022,AR3,Hot,_1111851,5,AR3_5,A. hyacinthus,6,AhyaWood7A,Wood7A,Wood,AR3_5_6,157.42,91.9,3.53
0,11/01/2022,AR3,Hot,_1111851,5,AR3_5,A. hyacinthus,7,AhyaArlington10,Arlington10,Arlington,AR3_5_7,136.323,95.419,3.392
0,11/01/2022,AR3,Hot,_1111851,5,AR3_5,A. hyacinthus,8,AhyaMartin17,Martin17,Martin,AR3_5_8,277.885,94.445,3.43
0,11/01/2022,AR3,Hot,_1111851,5,AR3_5,A. hyacinthus,9,AhyaDavies18,Davies18,Davies,AR3_5_9,315.72,104.388,3.041
0,11/01/2022,AR3,Hot,_1111851,5,AR3_5,A. hyacinthus,11,AhyaArlington8,Arlington8,Arlington,AR3_5_11,175.111,72.739,4.281
0,11/01/2022,AR3,Hot,_1111853,6,AR3_6,P. lutea,1,PlutWood4,Wood4,Wood,AR3_6_1,368.681,NA,5.364
0,11/01/2022,AR3,Hot,_1111853,6,AR3_6,P. lutea,3,PlutArlington19,Arlington19,Arlington,AR3_6_3,411.876,NA,4.049
0,11/01/2022,AR3,Hot,_1111853,6,AR3_6,P. lutea,4,PlutMartin32,Martin32,Martin,AR3_6_4,349.233,NA,4.515
0,11/01/2022,AR3,Hot,_1111853,6,AR3_6,P. lutea,5,PlutDavies1,Davies1,Davies,AR3_6_5,299.787,NA,3.187
0,11/01/2022,AR3,Hot,_1111853,6,AR3_6,P. lutea,7,PlutPalms1,Palms1,Palms,AR3_6_7,374.285,NA,3.912
0,11/01/2022,AR3,Hot,_1111853,6,AR3_6,P. lutea,8,PlutPalms20,Palms20,Palms,AR3_6_8,228.231,NA,3.686
0,11/01/2022,AR3,Hot,_1111853,6,AR3_6,P. lutea,9,PlutMartin4,Martin4,Martin,AR3_6_9,498.095,NA,5.034
0,11/01/2022,AR3,Hot,_1111853,6,AR3_6,P. lutea,10,PlutPalms4,Palms4,Palms,AR3_6_10,223.409,NA,4.312
0,11/01/2022,AR4,Hot,_1111854,1,AR4_1,A. hyacinthus,1,AhyaPalms10,Palms10,Palms,AR4_1_1,232.492,59.766,4.789
0,11/01/2022,AR4,Hot,_1111854,1,AR4_1,A. hyacinthus,3,AhyaArlington11,Arlington11,Arlington,AR4_1_3,218.208,74.046,4.226
0,11/01/2022,AR4,Hot,_1111854,1,AR4_1,A. hyacinthus,4,AhyaDavies12,Davies12,Davies,AR4_1_4,393.844,92.643,3.493
0,11/01/2022,AR4,Hot,_1111854,1,AR4_1,A. hyacinthus,5,AhyaArlington6,Arlington6,Arlington,AR4_1_5,196.952,80.054,3.989
0,11/01/2022,AR4,Hot,_1111854,1,AR4_1,A. hyacinthus,6,AhyaPalms3,Palms3,Palms,AR4_1_6,228.28,82.458,3.895
0,11/01/2022,AR4,Hot,_1111854,1,AR4_1,A. hyacinthus,7,AhyaWood8,Wood8,Wood,AR4_1_7,258.106,81.181,3.945
0,11/01/2022,AR4,Hot,_1111854,1,AR4_1,A. hyacinthus,8,AhyaArlington8,Arlington8,Arlington,AR4_1_8,361.234,86.247,3.745
0,11/01/2022,AR4,Hot,_1111854,1,AR4_1,A. hyacinthus,9,AhyaPalms4,Palms4,Palms,AR4_1_9,194.889,71.68,4.32
0,11/01/2022,AR4,Hot,_1111854,1,AR4_1,A. hyacinthus,10,AhyaMartin11,Martin11,Martin,AR4_1_10,120.159,87.458,3.697
0,11/01/2022,AR4,Hot,_1111856,2,AR4_2,P. lutea,1,PlutPalms17,Palms17,Palms,AR4_2_1,520.705,NA,4.195
0,11/01/2022,AR4,Hot,_1111856,2,AR4_2,P. lutea,2,PlutWood13,Wood13,Wood,AR4_2_2,193.485,NA,3.577
0,11/01/2022,AR4,Hot,_1111856,2,AR4_2,P. lutea,3,PlutPalms1,Palms1,Palms,AR4_2_3,287.847,NA,4.816
0,11/01/2022,AR4,Hot,_1111856,2,AR4_2,P. lutea,4,PlutArlington6,Arlington6,Arlington,AR4_2_4,295.429,NA,4.712
0,11/01/2022,AR4,Hot,_1111856,2,AR4_2,P. lutea,5,PlutDavies9,Davies9,Davies,AR4_2_5,268.081,NA,4.432
0,11/01/2022,AR4,Hot,_1111856,2,AR4_2,P. lutea,6,PlutDavies18,Davies18,Davies,AR4_2_6,427.589,NA,3.922
0,11/01/2022,AR4,Hot,_1111856,2,AR4_2,P. lutea,7,PlutArlington12,Arlington12,Arlington,AR4_2_7,291.851,NA,4.193
0,11/01/2022,AR4,Hot,_1111856,2,AR4_2,P. lutea,8,PlutWood14,Wood14,Wood,AR4_2_8,308.834,NA,4.903
0,11/01/2022,AR4,Hot,_1111856,2,AR4_2,P. lutea,9,PlutDavies10,Davies10,Davies,AR4_2_9,302.803,NA,4.311
0,11/01/2022,AR4,Hot,_1111856,2,AR4_2,P. lutea,10,PlutArlington9,Arlington9,Arlington,AR4_2_10,238.218,NA,3.645
0,11/01/2022,AR4,Hot,_1111856,2,AR4_2,P. lutea,11,PlutWood29,Wood29,Wood,AR4_2_11,361.979,NA,4.426
0,11/01/2022,AR4,Hot,_1111857,3,AR4_3,A. hyacinthus,1,AhyaPalms5,Palms5,Palms,AR4_3_1,234.873,57.99,4.864
0,11/01/2022,AR4,Hot,_1111857,3,AR4_3,A. hyacinthus,2,AhyaWood5A,Wood5A,Wood,AR4_3_2,205.279,64.686,4.602
0,11/01/2022,AR4,Hot,_1111857,3,AR4_3,A. hyacinthus,4,AhyaPalms6,Palms6,Palms,AR4_3_4,289.239,66.692,4.523
0,11/01/2022,AR4,Hot,_1111857,3,AR4_3,A. hyacinthus,5,AhyaDavies15,Davies15,Davies,AR4_3_5,251.159,72.643,4.29
0,11/01/2022,AR4,Hot,_1111857,3,AR4_3,A. hyacinthus,6,AhyaWood17,Wood17,Wood,AR4_3_6,185.098,83.274,3.873
0,11/01/2022,AR4,Hot,_1111857,3,AR4_3,A. hyacinthus,7,AhyaDavies18,Davies18,Davies,AR4_3_7,242.235,103.804,3.069
0,11/01/2022,AR4,Hot,_1111857,3,AR4_3,A. hyacinthus,8,AhyaMartin12,Martin12,Martin,AR4_3_8,251.977,77.899,4.084
0,11/01/2022,AR4,Hot,_1111857,3,AR4_3,A. hyacinthus,9,AhyaMartin13,Martin13,Martin,AR4_3_9,294.574,74.968,4.199
0,11/01/2022,AR4,Hot,_1111857,3,AR4_3,A. hyacinthus,10,AhyaDavies14,Davies14,Davies,AR4_3_10,366.862,92.823,3.499
0,11/01/2022,AR4,Hot,_1111857,3,AR4_3,A. hyacinthus,11,AhyaArlington9,Arlington9,Arlington,AR4_3_11,250.549,71.203,4.346
0,11/01/2022,AR4,Hot,_1111859,4,AR4_4,P. lutea,2,PlutPalms3,Palms3,Palms,AR4_4_2,260.365,NA,4.889
0,11/01/2022,AR4,Hot,_1111859,4,AR4_4,P. lutea,3,PlutArlington16,Arlington16,Arlington,AR4_4_3,449.638,NA,5.187
0,11/01/2022,AR4,Hot,_1111859,4,AR4_4,P. lutea,4,PlutDavies7,Davies7,Davies,AR4_4_4,226.779,NA,4.357
0,11/01/2022,AR4,Hot,_1111859,4,AR4_4,P. lutea,5,PlutMartin36,Martin36,Martin,AR4_4_5,468.842,NA,4.563
0,11/01/2022,AR4,Hot,_1111859,4,AR4_4,P. lutea,7,PlutWood4,Wood4,Wood,AR4_4_7,280.912,NA,4.743
0,11/01/2022,AR4,Hot,_1111859,4,AR4_4,P. lutea,8,PlutDavies3,Davies3,Davies,AR4_4_8,193.351,NA,3.125
0,11/01/2022,AR4,Hot,_1111859,4,AR4_4,P. lutea,9,PlutMartin4,Martin4,Martin,AR4_4_9,335.632,NA,5.427
0,11/01/2022,AR4,Hot,_1111859,4,AR4_4,P. lutea,11,PlutPalms4,Palms4,Palms,AR4_4_11,127.509,NA,4.485
0,11/01/2022,AR4,Hot,_1111860,5,AR4_5,A. hyacinthus,1,AhyaMartin3,Martin3,Martin,AR4_5_1,211.579,63.544,4.625
0,11/01/2022,AR4,Hot,_1111860,5,AR4_5,A. hyacinthus,3,AhyaWood7A,Wood7A,Wood,AR4_5_3,186.892,80.944,3.94
0,11/01/2022,AR4,Hot,_1111860,5,AR4_5,A. hyacinthus,4,AhyaDavies16,Davies16,Davies,AR4_5_4,376.983,81.808,3.906
0,11/01/2022,AR4,Hot,_1111860,5,AR4_5,A. hyacinthus,5,AhyaMartin17,Martin17,Martin,AR4_5_5,223.751,106.938,2.918
0,11/01/2022,AR4,Hot,_1111860,5,AR4_5,A. hyacinthus,6,AhyaPalms16,Palms16,Palms,AR4_5_6,215.009,82.936,3.862
0,11/01/2022,AR4,Hot,_1111860,5,AR4_5,A. hyacinthus,7,AhyaArlington1,Arlington1,Arlington,AR4_5_7,337.915,76.575,4.112
0,11/01/2022,AR4,Hot,_1111860,5,AR4_5,A. hyacinthus,8,AhyaArlington10,Arlington10,Arlington,AR4_5_8,269.827,85.727,3.752
0,11/01/2022,AR4,Hot,_1111860,5,AR4_5,A. hyacinthus,9,AhyaWood16,Wood16,Wood,AR4_5_9,173.817,71.758,4.302
0,11/01/2022,AR4,Hot,_1111860,5,AR4_5,A. hyacinthus,10,AhyaDavies9,Davies9,Davies,AR4_5_10,203.081,88.579,3.64
0,11/01/2022,AR4,Hot,_1111862,6,AR4_6,P. lutea,1,PlutMartin14,Martin14,Martin,AR4_6_1,367.924,NA,4.658
0,11/01/2022,AR4,Hot,_1111862,6,AR4_6,P. lutea,2,PlutMartin32,Martin32,Martin,AR4_6_2,351.516,NA,4.963
0,11/01/2022,AR4,Hot,_1111862,6,AR4_6,P. lutea,3,PlutArlington1,Arlington1,Arlington,AR4_6_3,266.152,NA,4.459
0,11/01/2022,AR4,Hot,_1111862,6,AR4_6,P. lutea,4,PlutMartin18,Martin18,Martin,AR4_6_4,229.721,NA,5.318
0,11/01/2022,AR4,Hot,_1111862,6,AR4_6,P. lutea,5,PlutPalms23,Palms23,Palms,AR4_6_5,94.313,NA,3.706
0,11/01/2022,AR4,Hot,_1111862,6,AR4_6,P. lutea,6,PlutMartin19,Martin19,Martin,AR4_6_6,344.789,NA,4.953
0,11/01/2022,AR4,Hot,_1111862,6,AR4_6,P. lutea,7,PlutWood20,Wood20,Wood,AR4_6_7,220.039,NA,3.391
0,11/01/2022,AR4,Hot,_1111862,6,AR4_6,P. lutea,8,PlutDavies1,Davies1,Davies,AR4_6_8,311.935,NA,4.239
0,11/01/2022,AR4,Hot,_1111862,6,AR4_6,P. lutea,9,PlutArlington19,Arlington19,Arlington,AR4_6_9,298.371,NA,3.882
0,11/01/2022,AR4,Hot,_1111862,6,AR4_6,P. lutea,11,PlutPalms20,Palms20,Palms,AR4_6_11,255.201,NA,3.814
0,11/01/2022,AR5,Hot,_1111890,1,AR5_1,A. hyacinthus,1,AhyaArlington11,Arlington11,Arlington,AR5_1_1,256.983,53.978,4.982
0,11/01/2022,AR5,Hot,_1111890,1,AR5_1,A. hyacinthus,2,AhyaWood7A,Wood7A,Wood,AR5_1_2,143.234,71.117,4.294
0,11/01/2022,AR5,Hot,_1111890,1,AR5_1,A. hyacinthus,4,AhyaArlington6,Arlington6,Arlington,AR5_1_4,152.158,76.288,4.087
0,11/01/2022,AR5,Hot,_1111890,1,AR5_1,A. hyacinthus,5,AhyaArlington10,Arlington10,Arlington,AR5_1_5,243.297,88.692,3.589
0,11/01/2022,AR5,Hot,_1111890,1,AR5_1,A. hyacinthus,6,AhyaPalms4,Palms4,Palms,AR5_1_6,178.48,73.802,4.187
0,11/01/2022,AR5,Hot,_1111890,1,AR5_1,A. hyacinthus,7,AhyaArlington9,Arlington9,Arlington,AR5_1_7,141.842,84.095,3.774
0,11/01/2022,AR5,Hot,_1111890,1,AR5_1,A. hyacinthus,8,AhyaWood5A,Wood5A,Wood,AR5_1_8,211.2,89.051,3.575
0,11/01/2022,AR5,Hot,_1111890,1,AR5_1,A. hyacinthus,9,AhyaPalms3,Palms3,Palms,AR5_1_9,335.95,59.002,4.78
0,11/01/2022,AR5,Hot,_1111890,1,AR5_1,A. hyacinthus,10,AhyaDavies12,Davies12,Davies,AR5_1_10,330.431,94.537,3.355
0,11/01/2022,AR5,Hot,_1111890,1,AR5_1,A. hyacinthus,11,AhyaPalms10,Palms10,Palms,AR5_1_11,177.699,56.053,4.899
0,11/01/2022,AR5,Hot,_1111892,2,AR5_2,P. lutea,1,PlutWood4,Wood4,Wood,AR5_2_1,439.187,NA,4.852
0,11/01/2022,AR5,Hot,_1111892,2,AR5_2,P. lutea,2,PlutMartin18,Martin18,Martin,AR5_2_2,398.593,NA,4.743
0,11/01/2022,AR5,Hot,_1111892,2,AR5_2,P. lutea,3,PlutPalms4,Palms4,Palms,AR5_2_3,331.628,NA,4.559
0,11/01/2022,AR5,Hot,_1111892,2,AR5_2,P. lutea,5,PlutMartin32,Martin32,Martin,AR5_2_5,344.276,NA,5.076
0,11/01/2022,AR5,Hot,_1111892,2,AR5_2,P. lutea,6,PlutDavies10,Davies10,Davies,AR5_2_6,153.22,NA,3.818
0,11/01/2022,AR5,Hot,_1111892,2,AR5_2,P. lutea,7,PlutArlington6,Arlington6,Arlington,AR5_2_7,242.601,NA,4.414
0,11/01/2022,AR5,Hot,_1111892,2,AR5_2,P. lutea,8,PlutDavies9,Davies9,Davies,AR5_2_8,195.109,NA,4.124
0,11/01/2022,AR5,Hot,_1111892,2,AR5_2,P. lutea,9,PlutPalms20,Palms20,Palms,AR5_2_9,164.855,NA,3.624
0,11/01/2022,AR5,Hot,_1111892,2,AR5_2,P. lutea,10,PlutDavies1,Davies1,Davies,AR5_2_10,276.517,NA,4.114
0,11/01/2022,AR5,Hot,_1111892,2,AR5_2,P. lutea,11,PlutWood29,Wood29,Wood,AR5_2_11,110.282,NA,3.9
0,11/01/2022,AR5,Hot,_1111893,3,AR5_3,A. hyacinthus,2,AhyaDavies14,Davies14,Davies,AR5_3_2,364.091,73.907,4.231
0,11/01/2022,AR5,Hot,_1111893,3,AR5_3,A. hyacinthus,3,AhyaMartin13,Martin13,Martin,AR5_3_3,302.18,77.145,4.098
0,11/01/2022,AR5,Hot,_1111893,3,AR5_3,A. hyacinthus,4,AhyaArlington1,Arlington1,Arlington,AR5_3_4,232.859,69.275,4.42
0,11/01/2022,AR5,Hot,_1111893,3,AR5_3,A. hyacinthus,5,AhyaDavies9,Davies9,Davies,AR5_3_5,311.801,90.622,3.547
0,11/01/2022,AR5,Hot,_1111893,3,AR5_3,A. hyacinthus,7,AhyaWood16,Wood16,Wood,AR5_3_7,255.542,94.073,3.406
0,11/01/2022,AR5,Hot,_1111893,3,AR5_3,A. hyacinthus,8,AhyaWood17,Wood17,Wood,AR5_3_8,221.919,73.594,4.243
0,11/01/2022,AR5,Hot,_1111893,3,AR5_3,A. hyacinthus,9,AhyaMartin11,Martin11,Martin,AR5_3_9,226.791,74.186,4.219
0,11/01/2022,AR5,Hot,_1111893,3,AR5_3,A. hyacinthus,10,AhyaMartin3,Martin3,Martin,AR5_3_10,288.86,77.678,4.076
0,11/01/2022,AR5,Hot,_1111893,3,AR5_3,A. hyacinthus,11,AhyaDavies18,Davies18,Davies,AR5_3_11,294.647,93.684,3.422
0,11/01/2022,AR5,Hot,_1111895,4,AR5_4,P. lutea,1,PlutMartin19,Martin19,Martin,AR5_4_1,426.112,NA,5.426
0,11/01/2022,AR5,Hot,_1111895,4,AR5_4,P. lutea,2,PlutWood20,Wood20,Wood,AR5_4_2,170.618,NA,4.432
0,11/01/2022,AR5,Hot,_1111895,4,AR5_4,P. lutea,3,PlutArlington16,Arlington16,Arlington,AR5_4_3,299.47,NA,4.794
0,11/01/2022,AR5,Hot,_1111895,4,AR5_4,P. lutea,4,PlutMartin36,Martin36,Martin,AR5_4_4,483.81,NA,5.127
0,11/01/2022,AR5,Hot,_1111895,4,AR5_4,P. lutea,5,PlutMartin4,Martin4,Martin,AR5_4_5,440.017,NA,4.716
0,11/01/2022,AR5,Hot,_1111895,4,AR5_4,P. lutea,6,PlutWood13,Wood13,Wood,AR5_4_6,215.327,NA,3.586
0,11/01/2022,AR5,Hot,_1111895,4,AR5_4,P. lutea,7,PlutArlington9,Arlington9,Arlington,AR5_4_7,349.648,NA,4.117
0,11/01/2022,AR5,Hot,_1111895,4,AR5_4,P. lutea,10,PlutDavies18,Davies18,Davies,AR5_4_10,279.301,NA,3.535
0,11/01/2022,AR5,Hot,_1111895,4,AR5_4,P. lutea,11,PlutArlington12,Arlington12,Arlington,AR5_4_11,340.296,NA,5.48
0,11/01/2022,AR5,Hot,_1111896,5,AR5_5,A. hyacinthus,2,AhyaMartin12,Martin12,Martin,AR5_5_2,348.647,69.106,4.347
0,11/01/2022,AR5,Hot,_1111896,5,AR5_5,A. hyacinthus,3,AhyaArlington8,Arlington8,Arlington,AR5_5_3,253.516,80.178,3.911
0,11/01/2022,AR5,Hot,_1111896,5,AR5_5,A. hyacinthus,4,AhyaPalms16,Palms16,Palms,AR5_5_4,197.831,72.863,4.199
0,11/01/2022,AR5,Hot,_1111896,5,AR5_5,A. hyacinthus,5,AhyaDavies16,Davies16,Davies,AR5_5_5,359.879,67.813,4.398
0,11/01/2022,AR5,Hot,_1111896,5,AR5_5,A. hyacinthus,6,AhyaWood8,Wood8,Wood,AR5_5_6,151.584,77.763,4.006
0,11/01/2022,AR5,Hot,_1111896,5,AR5_5,A. hyacinthus,7,AhyaPalms5,Palms5,Palms,AR5_5_7,243.7,97.513,3.229
0,11/01/2022,AR5,Hot,_1111896,5,AR5_5,A. hyacinthus,9,AhyaDavies15,Davies15,Davies,AR5_5_9,282.707,83.128,3.795
0,11/01/2022,AR5,Hot,_1111896,5,AR5_5,A. hyacinthus,11,AhyaMartin17,Martin17,Martin,AR5_5_11,454.815,83.937,3.763
0,11/01/2022,AR5,Hot,_1111898,6,AR5_6,P. lutea,1,PlutArlington19,Arlington19,Arlington,AR5_6_1,229.892,NA,4.522
0,11/01/2022,AR5,Hot,_1111898,6,AR5_6,P. lutea,2,PlutArlington1,Arlington1,Arlington,AR5_6_2,358.988,NA,4.884
0,11/01/2022,AR5,Hot,_1111898,6,AR5_6,P. lutea,4,PlutPalms3,Palms3,Palms,AR5_6_4,365.397,NA,5.01
0,11/01/2022,AR5,Hot,_1111898,6,AR5_6,P. lutea,5,PlutPalms1,Palms1,Palms,AR5_6_5,336.121,NA,4.855
0,11/01/2022,AR5,Hot,_1111898,6,AR5_6,P. lutea,6,PlutDavies7,Davies7,Davies,AR5_6_6,274.21,NA,3.329
0,11/01/2022,AR5,Hot,_1111898,6,AR5_6,P. lutea,7,PlutDavies3,Davies3,Davies,AR5_6_7,199.272,NA,3.179
0,11/01/2022,AR5,Hot,_1111898,6,AR5_6,P. lutea,8,PlutWood14,Wood14,Wood,AR5_6_8,154.71,NA,4.542
0,11/01/2022,AR5,Hot,_1111898,6,AR5_6,P. lutea,9,PlutPalms17,Palms17,Palms,AR5_6_9,227.035,NA,4.582
0,11/01/2022,AR5,Hot,_1111898,6,AR5_6,P. lutea,10,PlutPalms23,Palms23,Palms,AR5_6_10,325.987,NA,4.763
0,11/01/2022,AR5,Hot,_1111898,6,AR5_6,P. lutea,11,PlutMartin14,Martin14,Martin,AR5_6_11,280.351,NA,4.634
0,11/01/2022,AR6,Hot,_1111917,1,AR6_1,A. hyacinthus,2,AhyaWood8,Wood8,Wood,AR6_1_2,255.579,65.67,4.767
0,11/01/2022,AR6,Hot,_1111917,1,AR6_1,A. hyacinthus,3,AhyaArlington9,Arlington9,Arlington,AR6_1_3,182.607,75.429,4.351
0,11/01/2022,AR6,Hot,_1111917,1,AR6_1,A. hyacinthus,4,AhyaDavies9,Davies9,Davies,AR6_1_4,384.052,89.456,3.732
0,11/01/2022,AR6,Hot,_1111917,1,AR6_1,A. hyacinthus,5,AhyaArlington1,Arlington1,Arlington,AR6_1_5,357.852,67.978,4.669
0,11/01/2022,AR6,Hot,_1111917,1,AR6_1,A. hyacinthus,6,AhyaPalms4,Palms4,Palms,AR6_1_6,181.118,73.93,4.415
0,11/01/2022,AR6,Hot,_1111917,1,AR6_1,A. hyacinthus,7,AhyaWood7A,Wood7A,Wood,AR6_1_7,53.255,99.997,3.302
0,11/01/2022,AR6,Hot,_1111917,1,AR6_1,A. hyacinthus,8,AhyaArlington11,Arlington11,Arlington,AR6_1_8,208.465,73.841,4.418
0,11/01/2022,AR6,Hot,_1111917,1,AR6_1,A. hyacinthus,9,AhyaArlington6,Arlington6,Arlington,AR6_1_9,164.318,82.705,4.04
0,11/01/2022,AR6,Hot,_1111917,1,AR6_1,A. hyacinthus,10,AhyaWood16,Wood16,Wood,AR6_1_10,230.636,90.743,3.697
0,11/01/2022,AR6,Hot,_1111917,1,AR6_1,A. hyacinthus,11,AhyaArlington10,Arlington10,Arlington,AR6_1_11,286.187,92.204,3.635
0,11/01/2022,AR6,Hot,_1111919,2,AR6_2,P. lutea,1,PlutArlington12,Arlington12,Arlington,AR6_2_1,368.865,42.257,5.846
0,11/01/2022,AR6,Hot,_1111919,2,AR6_2,P. lutea,2,PlutDavies1,Davies1,Davies,AR6_2_2,338.611,77.076,4.351
0,11/01/2022,AR6,Hot,_1111919,2,AR6_2,P. lutea,3,PlutWood4,Wood4,Wood,AR6_2_3,119.439,84.005,4.053
0,11/01/2022,AR6,Hot,_1111919,2,AR6_2,P. lutea,4,PlutArlington1,Arlington1,Arlington,AR6_2_4,200.029,66.469,4.806
0,11/01/2022,AR6,Hot,_1111919,2,AR6_2,P. lutea,5,PlutPalms23,Palms23,Palms,AR6_2_5,201.812,65.011,4.869
0,11/01/2022,AR6,Hot,_1111919,2,AR6_2,P. lutea,6,PlutPalms1,Palms1,Palms,AR6_2_6,177.797,83.863,4.059
0,11/01/2022,AR6,Hot,_1111919,2,AR6_2,P. lutea,7,PlutWood13,Wood13,Wood,AR6_2_7,189.31,100.77,3.333
0,11/01/2022,AR6,Hot,_1111919,2,AR6_2,P. lutea,8,PlutPalms17,Palms17,Palms,AR6_2_8,457.22,55.432,5.28
0,11/01/2022,AR6,Hot,_1111919,2,AR6_2,P. lutea,9,PlutPalms4,Palms4,Palms,AR6_2_9,342.225,83.333,4.082
0,11/01/2022,AR6,Hot,_1111919,2,AR6_2,P. lutea,10,PlutMartin19,Martin19,Martin,AR6_2_10,322.447,60.043,5.082
0,11/01/2022,AR6,Hot,_1111920,3,AR6_3,A. hyacinthus,1,AhyaDavies16,Davies16,Davies,AR6_3_1,305.538,59.61,4.924
0,11/01/2022,AR6,Hot,_1111920,3,AR6_3,A. hyacinthus,2,AhyaPalms3,Palms3,Palms,AR6_3_2,368.462,58.555,4.968
0,11/01/2022,AR6,Hot,_1111920,3,AR6_3,A. hyacinthus,3,AhyaDavies12,Davies12,Davies,AR6_3_3,416.393,86.414,3.353
0,11/01/2022,AR6,Hot,_1111920,3,AR6_3,A. hyacinthus,4,AhyaWood5A,Wood5A,Wood,AR6_3_4,176.149,83.983,3.777
0,11/01/2022,AR6,Hot,_1111920,3,AR6_3,A. hyacinthus,5,AhyaMartin13,Martin13,Martin,AR6_3_5,382.013,78.245,4.148
0,11/01/2022,AR6,Hot,_1111920,3,AR6_3,A. hyacinthus,7,AhyaDavies14,Davies14,Davies,AR6_3_7,175.856,80.242,4.064
0,11/01/2022,AR6,Hot,_1111920,3,AR6_3,A. hyacinthus,9,AhyaDavies18,Davies18,Davies,AR6_3_9,456.219,101.391,2.967
0,11/01/2022,AR6,Hot,_1111920,3,AR6_3,A. hyacinthus,10,AhyaPalms16,Palms16,Palms,AR6_3_10,201.75,67.765,4.435
0,11/01/2022,AR6,Hot,_1111920,3,AR6_3,A. hyacinthus,11,AhyaMartin12,Martin12,Martin,AR6_3_11,261.891,68.664,4.265
0,11/01/2022,AR6,Hot,_1111922,4,AR6_4,P. lutea,1,PlutWood14,Wood14,Wood,AR6_4_1,291.888,48.332,5.569
0,11/01/2022,AR6,Hot,_1111922,4,AR6_4,P. lutea,2,PlutMartin32,Martin32,Martin,AR6_4_2,361.722,59.657,5.083
0,11/01/2022,AR6,Hot,_1111922,4,AR6_4,P. lutea,3,PlutDavies18,Davies18,Davies,AR6_4_3,342.567,82.514,4.102
0,11/01/2022,AR6,Hot,_1111922,4,AR6_4,P. lutea,4,PlutDavies10,Davies10,Davies,AR6_4_4,275.663,67.507,4.746
0,11/01/2022,AR6,Hot,_1111922,4,AR6_4,P. lutea,5,PlutPalms3,Palms3,Palms,AR6_4_5,324.083,53.629,5.341
0,11/01/2022,AR6,Hot,_1111922,4,AR6_4,P. lutea,6,PlutArlington19,Arlington19,Arlington,AR6_4_6,310.506,61.733,4.994
0,11/01/2022,AR6,Hot,_1111922,4,AR6_4,P. lutea,7,PlutDavies3,Davies3,Davies,AR6_4_7,114.494,102.919,3.227
0,11/01/2022,AR6,Hot,_1111922,4,AR6_4,P. lutea,9,PlutWood20,Wood20,Wood,AR6_4_9,135.249,97.662,3.453
0,11/01/2022,AR6,Hot,_1111922,4,AR6_4,P. lutea,10,PlutMartin14,Martin14,Martin,AR6_4_10,241.417,74.742,4.436
0,11/01/2022,AR6,Hot,_1111922,4,AR6_4,P. lutea,11,PlutArlington16,Arlington16,Arlington,AR6_4_11,381.818,51.842,5.418
0,11/01/2022,AR6,Hot,_1111923,5,AR6_5,A. hyacinthus,1,AhyaPalms5,Palms5,Palms,AR6_5_1,279.203,67.863,4.623
0,11/01/2022,AR6,Hot,_1111923,5,AR6_5,A. hyacinthus,2,AhyaPalms10,Palms10,Palms,AR6_5_2,221.053,64.465,4.766
0,11/01/2022,AR6,Hot,_1111923,5,AR6_5,A. hyacinthus,4,AhyaMartin3,Martin3,Martin,AR6_5_4,181.691,73.977,4.364
0,11/01/2022,AR6,Hot,_1111923,5,AR6_5,A. hyacinthus,5,AhyaArlington8,Arlington8,Arlington,AR6_5_5,232.578,78.989,4.153
0,11/01/2022,AR6,Hot,_1111923,5,AR6_5,A. hyacinthus,6,AhyaPalms6,Palms6,Palms,AR6_5_6,236.277,64.841,4.751
0,11/01/2022,AR6,Hot,_1111923,5,AR6_5,A. hyacinthus,7,AhyaWood17,Wood17,Wood,AR6_5_7,229.904,91.734,3.614
0,11/01/2022,AR6,Hot,_1111923,5,AR6_5,A. hyacinthus,8,AhyaDavies15,Davies15,Davies,AR6_5_8,220.393,71.435,4.472
0,11/01/2022,AR6,Hot,_1111923,5,AR6_5,A. hyacinthus,9,AhyaMartin17,Martin17,Martin,AR6_5_9,250.61,103.713,3.108
0,11/01/2022,AR6,Hot,_1111923,5,AR6_5,A. hyacinthus,10,AhyaMartin11,Martin11,Martin,AR6_5_10,250.952,67.26,4.648
0,11/01/2022,AR6,Hot,_1111925,6,AR6_6,P. lutea,1,PlutWood29,Wood29,Wood,AR6_6_1,260.597,67.229,4.627
0,11/01/2022,AR6,Hot,_1111925,6,AR6_6,P. lutea,2,PlutMartin4,Martin4,Martin,AR6_6_2,296.222,47.995,5.434
0,11/01/2022,AR6,Hot,_1111925,6,AR6_6,P. lutea,3,PlutArlington9,Arlington9,Arlington,AR6_6_3,253.528,72.229,4.417
0,11/01/2022,AR6,Hot,_1111925,6,AR6_6,P. lutea,4,PlutArlington6,Arlington6,Arlington,AR6_6_4,181.984,76.618,4.232
0,11/01/2022,AR6,Hot,_1111925,6,AR6_6,P. lutea,5,PlutMartin18,Martin18,Martin,AR6_6_5,230.942,61.459,4.869
0,11/01/2022,AR6,Hot,_1111925,6,AR6_6,P. lutea,6,PlutDavies9,Davies9,Davies,AR6_6_6,172.523,74.527,4.32
0,11/01/2022,AR6,Hot,_1111925,6,AR6_6,P. lutea,8,PlutPalms20,Palms20,Palms,AR6_6_8,196.122,89.334,3.698
0,11/01/2022,AR6,Hot,_1111925,6,AR6_6,P. lutea,9,PlutMartin36,Martin36,Martin,AR6_6_9,195.719,71.529,4.446
0,11/01/2022,AR6,Hot,_1111925,6,AR6_6,P. lutea,10,PlutDavies7,Davies7,Davies,AR6_6_10,117.998,88.942,3.715
1,19/01/2022,AC1,Ambient,_1191970,1,,A. hyacinthus,1,AhyaMartin17,Martin17,Martin,AC1_1_1,371.428,99.26,2.817
1,19/01/2022,AC1,Ambient,_1191970,1,,A. hyacinthus,2,AhyaPalms5,Palms5,Palms,AC1_1_2,279.777,66.848,4.33
1,19/01/2022,AC1,Ambient,_1191970,1,,A. hyacinthus,3,AhyaArlington8,Arlington8,Arlington,AC1_1_3,206.451,92.143,3.149
1,19/01/2022,AC1,Ambient,_1191970,1,,A. hyacinthus,4,AhyaMartin11,Martin11,Martin,AC1_1_4,126.788,88.067,3.339
1,19/01/2022,AC1,Ambient,_1191970,1,,A. hyacinthus,5,AhyaArlington9,Arlington9,Arlington,AC1_1_5,241.747,92.897,3.114
1,19/01/2022,AC1,Ambient,_1191970,1,,A. hyacinthus,6,AhyaArlington1,Arlington1,Arlington,AC1_1_6,299.335,69.557,4.203
1,19/01/2022,AC1,Ambient,_1191970,1,,A. hyacinthus,7,AhyaWood17,Wood17,Wood,AC1_1_7,190.518,94.014,3.062
1,19/01/2022,AC1,Ambient,_1191970,1,,A. hyacinthus,9,AhyaPalms3,Palms3,Palms,AC1_1_9,199.089,74.958,3.951
1,19/01/2022,AC1,Ambient,_1191970,1,,A. hyacinthus,10,AhyaArlington6,Arlington6,Arlington,AC1_1_10,219.551,80.268,3.703
1,19/01/2022,AC1,Ambient,_1191970,1,,A. hyacinthus,11,AhyaDavies18,Davies18,Davies,AC1_1_11,362.211,74.962,3.951
1,19/01/2022,AC1,Ambient,_1191971,2,,P. lutea,1,PlutMartin36,Martin36,Martin,AC1_2_1,367.607,67.009,4.29
1,19/01/2022,AC1,Ambient,_1191971,2,,P. lutea,2,PlutPalms20,Palms20,Palms,AC1_2_2,148.068,81.493,3.618
1,19/01/2022,AC1,Ambient,_1191971,2,,P. lutea,3,PlutMartin14,Martin14,Martin,AC1_2_3,408.299,56.736,4.767
1,19/01/2022,AC1,Ambient,_1191971,2,,P. lutea,4,PlutPalms23,Palms23,Palms,AC1_2_4,256.006,78.879,3.74
1,19/01/2022,AC1,Ambient,_1191971,2,,P. lutea,5,PlutArlington16,Arlington16,Arlington,AC1_2_5,324.132,52.944,4.942
1,19/01/2022,AC1,Ambient,_1191971,2,,P. lutea,7,PlutDavies1,Davies1,Davies,AC1_2_7,297.004,80.475,3.666
1,19/01/2022,AC1,Ambient,_1191971,2,,P. lutea,8,PlutArlington9,Arlington9,Arlington,AC1_2_8,253.968,78.935,3.737
1,19/01/2022,AC1,Ambient,_1191971,2,,P. lutea,9,PlutArlington12,Arlington12,Arlington,AC1_2_9,499.975,50.185,5.07
1,19/01/2022,AC1,Ambient,_1191971,2,,P. lutea,11,PlutMartin4,Martin4,Martin,AC1_2_11,272.33,44.196,5.348
1,19/01/2022,AC1,Ambient,_1191972,3,,A. hyacinthus,1,AhyaDavies15,Davies15,Davies,AC1_3_1,322.227,67.795,4.251
1,19/01/2022,AC1,Ambient,_1191972,3,,A. hyacinthus,3,AhyaDavies14,Davies14,Davies,AC1_3_3,318.992,86.322,3.394
1,19/01/2022,AC1,Ambient,_1191972,3,,A. hyacinthus,4,AhyaArlington10,Arlington10,Arlington,AC1_3_4,350.612,87.468,3.341
1,19/01/2022,AC1,Ambient,_1191972,3,,A. hyacinthus,5,AhyaDavies9,Davies9,Davies,AC1_3_5,355.96,88.54,3.292
1,19/01/2022,AC1,Ambient,_1191972,3,,A. hyacinthus,6,AhyaWood16,Wood16,Wood,AC1_3_6,348.806,89.183,3.262
1,19/01/2022,AC1,Ambient,_1191972,3,,A. hyacinthus,7,AhyaMartin3,Martin3,Martin,AC1_3_7,199.602,90.855,3.185
1,19/01/2022,AC1,Ambient,_1191972,3,,A. hyacinthus,8,AhyaPalms6,Palms6,Palms,AC1_3_8,340.528,70.841,4.11
1,19/01/2022,AC1,Ambient,_1191972,3,,A. hyacinthus,10,AhyaWood8,Wood8,Wood,AC1_3_10,158.519,67.219,4.278
1,19/01/2022,AC1,Ambient,_1191972,3,,A. hyacinthus,11,AhyaPalms4,Palms4,Palms,AC1_3_11,172.596,76.071,3.868
1,19/01/2022,AC1,Ambient,_1191973,4,,P. lutea,1,PlutDavies10,Davies10,Davies,AC1_4_1,278.312,59.909,4.752
1,19/01/2022,AC1,Ambient,_1191973,4,,P. lutea,2,PlutArlington1,Arlington1,Arlington,AC1_4_2,278.898,55.994,4.936
1,19/01/2022,AC1,Ambient,_1191973,4,,P. lutea,3,PlutMartin18,Martin18,Martin,AC1_4_3,300.129,66.682,4.433
1,19/01/2022,AC1,Ambient,_1191973,4,,P. lutea,4,PlutWood14,Wood14,Wood,AC1_4_4,352.981,60.582,4.72
1,19/01/2022,AC1,Ambient,_1191973,4,,P. lutea,5,PlutDavies7,Davies7,Davies,AC1_4_5,235.325,73.849,4.096
1,19/01/2022,AC1,Ambient,_1191973,4,,P. lutea,6,PlutArlington6,Arlington6,Arlington,AC1_4_6,381.916,53.757,5.041
1,19/01/2022,AC1,Ambient,_1191973,4,,P. lutea,7,PlutDavies9,Davies9,Davies,AC1_4_7,163.183,74.01,4.088
1,19/01/2022,AC1,Ambient,_1191973,4,,P. lutea,8,PlutDavies18,Davies18,Davies,AC1_4_8,377.423,74.99,4.042
1,19/01/2022,AC1,Ambient,_1191973,4,,P. lutea,9,PlutMartin32,Martin32,Martin,AC1_4_9,406.236,59.095,4.79
1,19/01/2022,AC1,Ambient,_1191973,4,,P. lutea,10,PlutPalms17,Palms17,Palms,AC1_4_10,343.666,68.964,4.326
1,19/01/2022,AC1,Ambient,_1191973,4,,P. lutea,11,PlutPalms3,Palms3,Palms,AC1_4_11,335.803,51.254,5.159
1,19/01/2022,AC1,Ambient,_1191974,5,,A. hyacinthus,1,AhyaMartin12,Martin12,Martin,AC1_5_1,400.034,49.744,5.084
1,19/01/2022,AC1,Ambient,_1191974,5,,A. hyacinthus,2,AhyaWood5A,Wood5A,Wood,AC1_5_2,271.853,78.2,3.711
1,19/01/2022,AC1,Ambient,_1191974,5,,A. hyacinthus,3,AhyaWood7A,Wood7A,Wood,AC1_5_3,144.503,81.822,3.536
1,19/01/2022,AC1,Ambient,_1191974,5,,A. hyacinthus,4,AhyaPalms10,Palms10,Palms,AC1_5_4,183.913,87.685,3.253
1,19/01/2022,AC1,Ambient,_1191974,5,,A. hyacinthus,5,AhyaArlington11,Arlington11,Arlington,AC1_5_5,329.821,81.843,3.535
1,19/01/2022,AC1,Ambient,_1191974,5,,A. hyacinthus,7,AhyaDavies16,Davies16,Davies,AC1_5_7,184.744,98.979,2.708
1,19/01/2022,AC1,Ambient,_1191974,5,,A. hyacinthus,8,AhyaDavies12,Davies12,Davies,AC1_5_8,249.609,101.404,2.591
1,19/01/2022,AC1,Ambient,_1191974,5,,A. hyacinthus,10,AhyaPalms16,Palms16,Palms,AC1_5_10,204.937,80.472,3.601
1,19/01/2022,AC1,Ambient,_1191974,5,,A. hyacinthus,11,AhyaMartin13,Martin13,Martin,AC1_5_11,338.855,81.738,3.54
1,19/01/2022,AC1,Ambient,_1191975,6,,P. lutea,1,PlutWood4,Wood4,Wood,AC1_6_1,294.269,50.621,5.207
1,19/01/2022,AC1,Ambient,_1191975,6,,P. lutea,4,PlutPalms1,Palms1,Palms,AC1_6_4,285.088,66.082,4.483
1,19/01/2022,AC1,Ambient,_1191975,6,,P. lutea,5,PlutWood20,Wood20,Wood,AC1_6_5,70.897,125.093,1.722
1,19/01/2022,AC1,Ambient,_1191975,6,,P. lutea,6,PlutWood29,Wood29,Wood,AC1_6_6,483.786,67.478,4.418
1,19/01/2022,AC1,Ambient,_1191975,6,,P. lutea,7,PlutWood13,Wood13,Wood,AC1_6_7,543.17,59.435,4.794
1,19/01/2022,AC1,Ambient,_1191975,6,,P. lutea,8,PlutDavies3,Davies3,Davies,AC1_6_8,346.889,94.265,3.165
1,19/01/2022,AC1,Ambient,_1191975,6,,P. lutea,9,PlutPalms4,Palms4,Palms,AC1_6_9,236.143,76.713,3.986
1,19/01/2022,AC1,Ambient,_1191975,6,,P. lutea,10,PlutMartin19,Martin19,Martin,AC1_6_10,375.726,56.036,4.953
1,19/01/2022,AC1,Ambient,_1191975,6,,P. lutea,11,PlutArlington19,Arlington19,Arlington,AC1_6_11,194.169,72.613,4.178
1,19/01/2022,AC2,Ambient,_1191976,1,,A. hyacinthus,2,AhyaDavies16,Davies16,Davies,AC2_1_2,525.467,77.783,3.711
1,19/01/2022,AC2,Ambient,_1191976,1,,A. hyacinthus,3,AhyaMartin17,Martin17,Martin,AC2_1_3,412.511,103.67,2.451
1,19/01/2022,AC2,Ambient,_1191976,1,,A. hyacinthus,4,AhyaWood8,Wood8,Wood,AC2_1_4,117.681,96.997,2.776
1,19/01/2022,AC2,Ambient,_1191976,1,,A. hyacinthus,5,AhyaWood16,Wood16,Wood,AC2_1_5,275.797,112.767,2.008
1,19/01/2022,AC2,Ambient,_1191976,1,,A. hyacinthus,6,AhyaArlington6,Arlington6,Arlington,AC2_1_6,173.695,88.558,3.187
1,19/01/2022,AC2,Ambient,_1191976,1,,A. hyacinthus,7,AhyaDavies14,Davies14,Davies,AC2_1_7,369.463,94.669,2.889
1,19/01/2022,AC2,Ambient,_1191976,1,,A. hyacinthus,8,AhyaArlington9,Arlington9,Arlington,AC2_1_8,340.711,81.258,3.542
1,19/01/2022,AC2,Ambient,_1191976,1,,A. hyacinthus,11,AhyaArlington1,Arlington1,Arlington,AC2_1_11,252.808,63.822,4.391
1,19/01/2022,AC2,Ambient,_1191977,2,,P. lutea,2,PlutMartin36,Martin36,Martin,AC2_2_2,466.462,52.561,4.983
1,19/01/2022,AC2,Ambient,_1191977,2,,P. lutea,3,PlutArlington16,Arlington16,Arlington,AC2_2_3,232.077,66.294,4.343
1,19/01/2022,AC2,Ambient,_1191977,2,,P. lutea,4,PlutMartin19,Martin19,Martin,AC2_2_4,300.398,71.473,4.102
1,19/01/2022,AC2,Ambient,_1191977,2,,P. lutea,5,PlutWood14,Wood14,Wood,AC2_2_5,278.532,59.761,4.647
1,19/01/2022,AC2,Ambient,_1191977,2,,P. lutea,6,PlutArlington9,Arlington9,Arlington,AC2_2_6,232.382,87.036,3.377
1,19/01/2022,AC2,Ambient,_1191977,2,,P. lutea,8,PlutDavies10,Davies10,Davies,AC2_2_8,339.283,80.231,3.694
1,19/01/2022,AC2,Ambient,_1191977,2,,P. lutea,9,PlutArlington19,Arlington19,Arlington,AC2_2_9,147.128,85.859,3.432
1,19/01/2022,AC2,Ambient,_1191977,2,,P. lutea,10,PlutPalms3,Palms3,Palms,AC2_2_10,240.318,64.107,4.445
1,19/01/2022,AC2,Ambient,_1191977,2,,P. lutea,11,PlutMartin14,Martin14,Martin,AC2_2_11,215.302,67.21,4.3
1,19/01/2022,AC2,Ambient,_1191978,3,,A. hyacinthus,1,AhyaDavies15,Davies15,Davies,AC2_3_1,251.733,63.203,4.467
1,19/01/2022,AC2,Ambient,_1191978,3,,A. hyacinthus,3,AhyaMartin11,Martin11,Martin,AC2_3_3,137.422,85.2,3.451
1,19/01/2022,AC2,Ambient,_1191978,3,,A. hyacinthus,4,AhyaMart3,Martin3,Martin,AC2_3_4,166.174,83.768,3.517
1,19/01/2022,AC2,Ambient,_1191978,3,,A. hyacinthus,6,AhyaDavies12,Davies12,Davies,AC2_3_6,380.231,98.828,2.822
1,19/01/2022,AC2,Ambient,_1191978,3,,A. hyacinthus,7,AhyaDavies18,Davies18,Davies,AC2_3_7,400.375,96.007,2.953
1,19/01/2022,AC2,Ambient,_1191978,3,,A. hyacinthus,8,AhyaMartin13,Martin13,Martin,AC2_3_8,293.976,87.464,3.347
1,19/01/2022,AC2,Ambient,_1191978,3,,A. hyacinthus,9,AhyaWood7A,Wood7A,Wood,AC2_3_9,90.174,112.878,2.174
1,19/01/2022,AC2,Ambient,_1191978,3,,A. hyacinthus,10,AhyaPalms6,Palms6,Palms,AC2_3_10,199.858,69.785,4.163
1,19/01/2022,AC2,Ambient,_1191978,3,,A. hyacinthus,11,AhyaPalms3,Palms3,Palms,AC2_3_11,287.554,68.69,4.214
1,19/01/2022,AC2,Ambient,_1191979,4,,P. lutea,1,PlutWood13,Wood13,Wood,AC2_4_1,194.865,90.325,3.116
1,19/01/2022,AC2,Ambient,_1191979,4,,P. lutea,3,PlutPalms1,Palms1,Palms,AC2_4_3,300.105,56.151,4.704
1,19/01/2022,AC2,Ambient,_1191979,4,,P. lutea,4,PlutPalms4,Palms4,Palms,AC2_4_4,251.282,92.872,2.998
1,19/01/2022,AC2,Ambient,_1191979,4,,P. lutea,5,PlutPalms20,Palms20,Palms,AC2_4_5,179.482,71.157,4.007
1,19/01/2022,AC2,Ambient,_1191979,4,,P. lutea,7,PlutDavies7,Davies7,Davies,AC2_4_7,182.351,95.189,2.89
1,19/01/2022,AC2,Ambient,_1191979,4,,P. lutea,8,PlutPalms23,Palms23,Palms,AC2_4_8,198.356,65.979,4.248
1,19/01/2022,AC2,Ambient,_1191979,4,,P. lutea,9,PlutWood29,Wood29,Wood,AC2_4_9,135.64,108.738,2.26
1,19/01/2022,AC2,Ambient,_1191979,4,,P. lutea,10,PlutDavies3,Davies3,Davies,AC2_4_10,278.605,96.196,2.843
1,19/01/2022,AC2,Ambient,_1191979,4,,P. lutea,11,PlutMartin32,Martin32,Martin,AC2_4_11,205.169,52.366,4.88
1,19/01/2022,AC2,Ambient,_1191980,5,,A. hyacinthus,1,AhyaWood17,Wood17,Wood,AC2_5_1,432.485,80.339,3.638
1,19/01/2022,AC2,Ambient,_1191980,5,,A. hyacinthus,2,AhyaArlington8,Arlington8,Arlington,AC2_5_2,268.936,85.627,3.393
1,19/01/2022,AC2,Ambient,_1191980,5,,A. hyacinthus,3,AhyaArlington11,Arlington11,Arlington,AC2_5_3,191.971,85.068,3.419
1,19/01/2022,AC2,Ambient,_1191980,5,,A. hyacinthus,4,AhyaMartin12,Martin12,Martin,AC2_5_4,284.355,90.048,3.187
1,19/01/2022,AC2,Ambient,_1191980,5,,A. hyacinthus,5,AhyaPalms16,Palms16,Palms,AC2_5_5,256.483,79.491,3.678
1,19/01/2022,AC2,Ambient,_1191980,5,,A. hyacinthus,6,AhyaArlington10,Arlington10,Arlington,AC2_5_6,188.992,102.071,2.629
1,19/01/2022,AC2,Ambient,_1191980,5,,A. hyacinthus,7,AhyaDavies9,Davies9,Davies,AC2_5_7,262.587,108.14,2.347
1,19/01/2022,AC2,Ambient,_1191980,5,,A. hyacinthus,8,AhyaPalms10,Palms10,Palms,AC2_5_8,153.111,92.662,3.066
1,19/01/2022,AC2,Ambient,_1191980,5,,A. hyacinthus,9,AhyaPalms5,Palms5,Palms,AC2_5_9,319.968,80.945,3.61
1,19/01/2022,AC2,Ambient,_1191980,5,,A. hyacinthus,10,AhyaWood5A,Wood5A,Wood,AC2_5_10,226.29,93.49,3.027
1,19/01/2022,AC2,Ambient,_1191980,5,,A. hyacinthus,11,AhyaPalms4,Palms4,Palms,AC2_5_11,256.702,69.385,4.147
1,19/01/2022,AC2,Ambient,_1191981,6,,P. lutea,1,PlutWood4,Wood4,Wood,AC2_6_1,304.89,50.111,5.043
1,19/01/2022,AC2,Ambient,_1191981,6,,P. lutea,2,PlutArlington1,Arlington1,Arlington,AC2_6_2,362.052,44.401,5.309
1,19/01/2022,AC2,Ambient,_1191981,6,,P. lutea,3,PlutDavies1,Davies1,Davies,AC2_6_3,346.547,80.34,3.634
1,19/01/2022,AC2,Ambient,_1191981,6,,P. lutea,4,PlutArlington6,Arlington6,Arlington,AC2_6_4,500.598,60.924,4.539
1,19/01/2022,AC2,Ambient,_1191981,6,,P. lutea,5,PlutDavies9,Davies9,Davies,AC2_6_5,414.782,52.844,4.915
1,19/01/2022,AC2,Ambient,_1191981,6,,P. lutea,6,PlutWood20,Wood20,Wood,AC2_6_6,350.905,72.473,4.001
1,19/01/2022,AC2,Ambient,_1191981,6,,P. lutea,7,PlutMartin4,Martin4,Martin,AC2_6_7,385.798,60.602,4.554
1,19/01/2022,AC2,Ambient,_1191981,6,,P. lutea,8,PlutPalms17,Palms17,Palms,AC2_6_8,246.801,82.584,3.53
1,19/01/2022,AC2,Ambient,_1191981,6,,P. lutea,9,PlutArlington12,Arlington12,Arlington,AC2_6_9,159.471,111.692,2.173
1,19/01/2022,AC2,Ambient,_1191981,6,,P. lutea,10,PlutDavies18,Davies18,Davies,AC2_6_10,237.681,104.326,2.516
1,19/01/2022,AC2,Ambient,_1191981,6,,P. lutea,11,PlutMartin18,Martin18,Martin,AC2_6_11,132.71,81.942,3.559
1,19/01/2022,AC3,Ambient,_1191982,1,,A. hyacinthus,1,AhyaWood17,Wood17,Wood,AC3_1_1,335.559,70.843,4.148
1,19/01/2022,AC3,Ambient,_1191982,1,,A. hyacinthus,2,AhyaMartin13,Martin13,Martin,AC3_1_2,383.93,78.542,3.788
1,19/01/2022,AC3,Ambient,_1191982,1,,A. hyacinthus,3,AhyaArlington8,Arlington8,Arlington,AC3_1_3,256.971,138.521,0.978
1,19/01/2022,AC3,Ambient,_1191982,1,,A. hyacinthus,5,AhyaWood16,Wood16,Wood,AC3_1_5,182.021,88.229,3.334
1,19/01/2022,AC3,Ambient,_1191982,1,,A. hyacinthus,6,AhyaArlington1,Arlington1,Arlington,AC3_1_6,203.313,87.608,3.363
1,19/01/2022,AC3,Ambient,_1191982,1,,A. hyacinthus,7,AhyaPalms5,Palms5,Palms,AC3_1_7,251.355,89.69,3.265
1,19/01/2022,AC3,Ambient,_1191982,1,,A. hyacinthus,8,AhyaMartin11,Martin11,Martin,AC3_1_8,153.807,95.091,3.012
1,19/01/2022,AC3,Ambient,_1191982,1,,A. hyacinthus,10,AhyaPalms16,Palms16,Palms,AC3_1_10,173.475,78.961,3.768
1,19/01/2022,AC3,Ambient,_1191982,1,,A. hyacinthus,11,AhyaArlington10,Arlington10,Arlington,AC3_1_11,366.948,101.265,2.723
1,19/01/2022,AC3,Ambient,_1191983,2,,P. lutea,1,PlutArlington6,Arlington6,Arlington,AC3_2_1,412.511,46.367,5.249
1,19/01/2022,AC3,Ambient,_1191983,2,,P. lutea,2,PlutDavies18,Davies18,Davies,AC3_2_2,177.272,82.753,3.557
1,19/01/2022,AC3,Ambient,_1191983,2,,P. lutea,4,PlutMartin32,Martin32,Martin,AC3_2_4,215.351,88.593,3.285
1,19/01/2022,AC3,Ambient,_1191983,2,,P. lutea,5,PlutArlington12,Arlington12,Arlington,AC3_2_5,237.217,75.709,3.884
1,19/01/2022,AC3,Ambient,_1191983,2,,P. lutea,6,PlutWood4,Wood4,Wood,AC3_2_6,380.011,57.065,4.752
1,19/01/2022,AC3,Ambient,_1191983,2,,P. lutea,7,PlutPalms17,Palms17,Palms,AC3_2_7,265.578,80.596,3.657
1,19/01/2022,AC3,Ambient,_1191983,2,,P. lutea,8,PlutMartin18,Martin18,Martin,AC3_2_8,348.451,81.821,3.6
1,19/01/2022,AC3,Ambient,_1191983,2,,P. lutea,10,PlutMartin14,Martin14,Martin,AC3_2_10,292.816,62.655,4.492
1,19/01/2022,AC3,Ambient,_1191983,2,,P. lutea,11,PlutPalms1,Palms1,Palms,AC3_2_11,144.039,61.381,4.551
1,19/01/2022,AC3,Ambient,_1191984,3,,A. hyacinthus,1,AhyaDavies12,Davies12,Davies,AC3_3_1,382.465,82.965,3.531
1,19/01/2022,AC3,Ambient,_1191984,3,,A. hyacinthus,2,AhyaWood5A,Wood5A,Wood,AC3_3_2,260.06,83.758,3.494
1,19/01/2022,AC3,Ambient,_1191984,3,,A. hyacinthus,4,AhyaMartin17,Martin17,Martin,AC3_3_4,368.681,114.34,2.078
1,19/01/2022,AC3,Ambient,_1191984,3,,A. hyacinthus,5,AhyaWood7A,Wood7A,Wood,AC3_3_5,126.312,98.47,2.813
1,19/01/2022,AC3,Ambient,_1191984,3,,A. hyacinthus,6,AhyaPalms3,Palms3,Palms,AC3_3_6,432.521,78.915,3.718
1,19/01/2022,AC3,Ambient,_1191984,3,,A. hyacinthus,7,AhyaPalms4,Palms4,Palms,AC3_3_7,202.63,79.898,3.673
1,19/01/2022,AC3,Ambient,_1191984,3,,A. hyacinthus,8,AhyaMartin12,Martin12,Martin,AC3_3_8,207.061,86.571,3.364
1,19/01/2022,AC3,Ambient,_1191984,3,,A. hyacinthus,9,AhyaDavies18,Davies18,Davies,AC3_3_9,364.836,97.657,2.851
1,19/01/2022,AC3,Ambient,_1191984,3,,A. hyacinthus,11,AhyaDavies15,Davies15,Davies,AC3_3_11,287.908,69.848,4.138
1,19/01/2022,AC3,Ambient,_1191985,4,,P. lutea,1,PlutMartin36,Martin36,Martin,AC3_4_1,538.018,43.537,5.356
1,19/01/2022,AC3,Ambient,_1191985,4,,P. lutea,2,PlutPalms4,Palms4,Palms,AC3_4_2,499.438,62.15,4.484
1,19/01/2022,AC3,Ambient,_1191985,4,,P. lutea,4,PlutArlington16,Arlington16,Arlington,AC3_4_4,338.806,51.46,4.985
1,19/01/2022,AC3,Ambient,_1191985,4,,P. lutea,5,PlutMartin19,Martin19,Martin,AC3_4_5,319.101,69.305,4.148
1,19/01/2022,AC3,Ambient,_1191985,4,,P. lutea,6,PlutPalms23,Palms23,Palms,AC3_4_6,268.24,81.641,3.57
1,19/01/2022,AC3,Ambient,_1191985,4,,P. lutea,7,PlutArlington9,Arlington9,Arlington,AC3_4_7,385.676,71.967,4.023
1,19/01/2022,AC3,Ambient,_1191985,4,,P. lutea,8,PlutDavies9,Davies9,Davies,AC3_4_8,172.767,72.966,3.976
1,19/01/2022,AC3,Ambient,_1191985,4,,P. lutea,9,PlutWood29,Wood29,Wood,AC3_4_9,200.029,95.145,2.937
1,19/01/2022,AC3,Ambient,_1191985,4,,P. lutea,10,PlutArlington19,Arlington19,Arlington,AC3_4_10,444.352,70.51,4.092
1,19/01/2022,AC3,Ambient,_1191985,4,,P. lutea,11,PlutPalms3,Palms3,Palms,AC3_4_11,242.381,62.569,4.464
1,19/01/2022,AC3,Ambient,_1191986,5,,A. hyacinthus,1,AhyaMartin3,Martin3,Martin,AC3_5_1,251.55,63.531,4.408
1,19/01/2022,AC3,Ambient,_1191986,5,,A. hyacinthus,2,AhyaArlington6,Arlington6,Arlington,AC3_5_2,260.731,70.746,4.074
1,19/01/2022,AC3,Ambient,_1191986,5,,A. hyacinthus,3,AhyaArlington9,Arlington9,Arlington,AC3_5_3,214.643,93.383,3.028
1,19/01/2022,AC3,Ambient,_1191986,5,,A. hyacinthus,4,AhyaDavies16,Davies16,Davies,AC3_5_4,218.318,92.626,3.063
1,19/01/2022,AC3,Ambient,_1191986,5,,A. hyacinthus,5,AhyaWood8,Wood8,Wood,AC3_5_5,117.168,81.875,3.56
1,19/01/2022,AC3,Ambient,_1191986,5,,A. hyacinthus,6,AhyaDavies9,Davies9,Davies,AC3_5_6,223.873,101.77,2.64
1,19/01/2022,AC3,Ambient,_1191986,5,,A. hyacinthus,7,AhyaPalms10,Palms10,Palms,AC3_5_7,249.34,79.171,3.685
1,19/01/2022,AC3,Ambient,_1191986,5,,A. hyacinthus,9,AhyaArlington11,Arlington11,Arlington,AC3_5_9,112.565,95.552,2.928
1,19/01/2022,AC3,Ambient,_1191986,5,,A. hyacinthus,10,AhyaDavies14,Davies14,Davies,AC3_5_10,352.322,98.371,2.797
1,19/01/2022,AC3,Ambient,_1191986,5,,A. hyacinthus,11,AhyaPalms6,Palms6,Palms,AC3_5_11,309.847,68.126,4.195
1,19/01/2022,AC3,Ambient,_1191987,6,,P. lutea,1,PlutDavies7,Davies7,Davies,AC3_6_1,318.186,68.853,4.222
1,19/01/2022,AC3,Ambient,_1191987,6,,P. lutea,2,PlutDavies10,Davies10,Davies,AC3_6_2,255.335,62.683,4.51
1,19/01/2022,AC3,Ambient,_1191987,6,,P. lutea,4,PlutDavies3,Davies3,Davies,AC3_6_4,121.404,104.202,2.568
1,19/01/2022,AC3,Ambient,_1191987,6,,P. lutea,5,PlutMartin4,Martin4,Martin,AC3_6_5,393.648,50.241,5.092
1,19/01/2022,AC3,Ambient,_1191987,6,,P. lutea,6,PlutDavies1,Davies1,Davies,AC3_6_6,355.459,72.7,4.042
1,19/01/2022,AC3,Ambient,_1191987,6,,P. lutea,7,PlutPalms20,Palms20,Palms,AC3_6_7,208.392,113.786,2.12
1,19/01/2022,AC3,Ambient,_1191987,6,,P. lutea,8,PlutWood14,Wood14,Wood,AC3_6_8,241.051,62.865,4.502
1,19/01/2022,AC3,Ambient,_1191987,6,,P. lutea,9,PlutArlington1,Arlington1,Arlington,AC3_6_9,291.485,60.643,4.606
1,19/01/2022,AC3,Ambient,_1191987,6,,P. lutea,11,PlutWood13,Wood13,Wood,AC3_6_11,504.688,49.215,5.14
1,19/01/2022,AC4,Ambient,_1191988,1,,A. hyacinthus,1,AhyaWood7A,Wood7A,Wood,AC4_1_1,171.338,70.698,4.101
1,19/01/2022,AC4,Ambient,_1191988,1,,A. hyacinthus,2,AhyaArlington11,Arlington11,Arlington,AC4_1_2,312.289,59.497,4.666
1,19/01/2022,AC4,Ambient,_1191988,1,,A. hyacinthus,3,AhyaDavies12,Davies12,Davies,AC4_1_3,349.709,102.257,2.624
1,19/01/2022,AC4,Ambient,_1191988,1,,A. hyacinthus,5,AhyaPalms3,Palms3,Palms,AC4_1_5,297.187,76.771,3.817
1,19/01/2022,AC4,Ambient,_1191988,1,,A. hyacinthus,6,AhyaWood17,Wood17,Wood,AC4_1_6,304.817,90.707,3.027
1,19/01/2022,AC4,Ambient,_1191988,1,,A. hyacinthus,7,AhyaPalms6,Palms6,Palms,AC4_1_7,210.382,71.368,4.07
1,19/01/2022,AC4,Ambient,_1191988,1,,A. hyacinthus,8,AhyaArlington1,Arlington1,Arlington,AC4_1_8,168.372,78.379,3.742
1,19/01/2022,AC4,Ambient,_1191988,1,,A. hyacinthus,9,AhyaWood8,Wood8,Wood,AC4_1_9,285.002,88.918,3.248
1,19/01/2022,AC4,Ambient,_1191988,1,,A. hyacinthus,10,AhyaPalms5,Palms5,Palms,AC4_1_10,206.793,70.816,4.096
1,19/01/2022,AC4,Ambient,_1191988,1,,A. hyacinthus,11,AhyaPalms16,Palms16,Palms,AC4_1_11,236.948,76.146,3.846
1,19/01/2022,AC4,Ambient,_1191989,2,,P. lutea,1,PlutMartin14,Martin14,Martin,AC4_2_1,302.888,51.727,5.114
1,19/01/2022,AC4,Ambient,_1191989,2,,P. lutea,3,PlutMartin4,Martin4,Martin,AC4_2_3,190.775,50.949,5.152
1,19/01/2022,AC4,Ambient,_1191989,2,,P. lutea,4,PlutPalms1,Palms1,Palms,AC4_2_4,267.971,59.237,4.753
1,19/01/2022,AC4,Ambient,_1191989,2,,P. lutea,5,PlutWood14,Wood14,Wood,AC4_2_5,287.017,74.775,4.006
1,19/01/2022,AC4,Ambient,_1191989,2,,P. lutea,6,PlutWood29,Wood29,Wood,AC4_2_6,112.761,102.81,2.658
1,19/01/2022,AC4,Ambient,_1191989,2,,P. lutea,7,PlutDavies9,Davies9,Davies,AC4_2_7,167.395,74.915,3.999
1,19/01/2022,AC4,Ambient,_1191989,2,,P. lutea,8,PlutPalms17,Palms17,Palms,AC4_2_8,140.743,94.118,3.076
1,19/01/2022,AC4,Ambient,_1191989,2,,P. lutea,9,PlutPalms23,Palms23,Palms,AC4_2_9,312.277,64.992,4.476
1,19/01/2022,AC4,Ambient,_1191989,2,,P. lutea,10,PlutPalms20,Palms20,Palms,AC4_2_10,201.714,76.71,3.913
1,19/01/2022,AC4,Ambient,_1191990,3,,A. hyacinthus,1,AhyaMartin3,Martin3,Martin,AC4_3_1,231.564,71.954,4.17
1,19/01/2022,AC4,Ambient,_1191990,3,,A. hyacinthus,3,AhyaDavies18,Davies18,Davies,AC4_3_3,574.388,100.963,2.777
1,19/01/2022,AC4,Ambient,_1191990,3,,A. hyacinthus,4,AhyaDavies14,Davies14,Davies,AC4_3_4,403.745,94.313,3.096
1,19/01/2022,AC4,Ambient,_1191990,3,,A. hyacinthus,5,AhyaWood16,Wood16,Wood,AC4_3_5,222.151,94.315,3.096
1,19/01/2022,AC4,Ambient,_1191990,3,,A. hyacinthus,6,AhyaArlington9,Arlington9,Arlington,AC4_3_6,273.172,95.637,3.033
1,19/01/2022,AC4,Ambient,_1191990,3,,A. hyacinthus,7,AhyaWood5A,Wood5A,Wood,AC4_3_7,293.048,93.827,3.12
1,19/01/2022,AC4,Ambient,_1191990,3,,A. hyacinthus,8,AhyaPalms10,Palms10,Palms,AC4_3_8,178.004,80.352,3.767
1,19/01/2022,AC4,Ambient,_1191990,3,,A. hyacinthus,9,AhyaArlington6,Arlington6,Arlington,AC4_3_9,273.209,90.768,3.267
1,19/01/2022,AC4,Ambient,_1191990,3,,A. hyacinthus,10,AhyaArlington10,Arlington10,Arlington,AC4_3_10,167.053,101.799,2.737
1,19/01/2022,AC4,Ambient,_1191991,4,,P. lutea,1,PlutWood13,Wood13,Wood,AC4_4_1,217.146,68.975,4.225
1,19/01/2022,AC4,Ambient,_1191991,4,,P. lutea,2,PlutPalms3,Palms3,Palms,AC4_4_2,238.694,64.342,4.439
1,19/01/2022,AC4,Ambient,_1191991,4,,P. lutea,5,PlutArlington19,Arlington19,Arlington,AC4_4_5,253.858,72.113,4.081
1,19/01/2022,AC4,Ambient,_1191991,4,,P. lutea,6,PlutArlington6,Arlington6,Arlington,AC4_4_6,186.087,103.266,2.645
1,19/01/2022,AC4,Ambient,_1191991,4,,P. lutea,7,PlutMartin19,Martin19,Martin,AC4_4_7,277.714,75.043,3.946
1,19/01/2022,AC4,Ambient,_1191991,4,,P. lutea,8,PlutPalms4,Palms4,Palms,AC4_4_8,372.002,74.272,3.981
1,19/01/2022,AC4,Ambient,_1191991,4,,P. lutea,9,PlutMartin18,Martin18,Martin,AC4_4_9,384.101,76.564,3.875
1,19/01/2022,AC4,Ambient,_1191991,4,,P. lutea,10,PlutDavies18,Davies18,Davies,AC4_4_10,238.987,84.565,3.507
1,19/01/2022,AC4,Ambient,_1191991,4,,P. lutea,11,PlutArlington12,Arlington12,Arlington,AC4_4_11,224.959,53.984,4.916
1,19/01/2022,AC4,Ambient,_1191992,5,,A. hyacinthus,1,AhyaMartin13,Martin13,Martin,AC4_5_1,332.031,75.588,3.934
1,19/01/2022,AC4,Ambient,_1191992,5,,A. hyacinthus,3,AhyaArlington8,Arlington8,Arlington,AC4_5_3,307.869,84.977,3.489
1,19/01/2022,AC4,Ambient,_1191992,5,,A. hyacinthus,4,AhyaDavies9,Davies9,Davies,AC4_5_4,385.627,92.303,3.141
1,19/01/2022,AC4,Ambient,_1191992,5,,A. hyacinthus,6,AhyaPalms4,Palms4,Palms,AC4_5_6,289.3,86.986,3.393
1,19/01/2022,AC4,Ambient,_1191992,5,,A. hyacinthus,7,AhyaDavies15,Davies15,Davies,AC4_5_7,396.811,75.698,3.928
1,19/01/2022,AC4,Ambient,_1191992,5,,A. hyacinthus,8,AhyaMartin12,Martin12,Martin,AC4_5_8,314.682,81.952,3.632
1,19/01/2022,AC4,Ambient,_1191992,5,,A. hyacinthus,9,AhyaDavies16,Davies16,Davies,AC4_5_9,347.463,86.743,3.405
1,19/01/2022,AC4,Ambient,_1191992,5,,A. hyacinthus,10,AhyaMartin17,Martin17,Martin,AC4_5_10,194.914,94.333,3.045
1,19/01/2022,AC4,Ambient,_1191992,5,,A. hyacinthus,11,AhyaMartin11,Martin11,Martin,AC4_5_11,327.989,73.952,4.011
1,19/01/2022,AC4,Ambient,_1191993,6,,P. lutea,1,PlutArlington1,Arlington1,Arlington,AC4_6_1,275.418,41.684,5.426
1,19/01/2022,AC4,Ambient,_1191993,6,,P. lutea,2,PlutArlington16,Arlington16,Arlington,AC4_6_2,212.323,51.445,4.976
1,19/01/2022,AC4,Ambient,_1191993,6,,P. lutea,3,PlutMartin32,Martin32,Martin,AC4_6_3,344.703,49.205,5.079
1,19/01/2022,AC4,Ambient,_1191993,6,,P. lutea,4,PlutDavies3,Davies3,Davies,AC4_6_4,128.376,88.56,3.265
1,19/01/2022,AC4,Ambient,_1191993,6,,P. lutea,5,PlutDavies7,Davies7,Davies,AC4_6_5,247.717,80.873,3.62
1,19/01/2022,AC4,Ambient,_1191993,6,,P. lutea,6,PlutWood4,Wood4,Wood,AC4_6_6,122.869,93.779,3.025
1,19/01/2022,AC4,Ambient,_1191993,6,,P. lutea,7,PlutMartin36,Martin36,Martin,AC4_6_7,274.075,81.262,3.602
1,19/01/2022,AC4,Ambient,_1191993,6,,P. lutea,8,PlutDavies10,Davies10,Davies,AC4_6_8,218.831,77.686,3.767
1,19/01/2022,AC4,Ambient,_1191993,6,,P. lutea,9,PlutArlington9,Arlington9,Arlington,AC4_6_9,255.054,78.771,3.717
1,19/01/2022,AC4,Ambient,_1191993,6,,P. lutea,10,PlutWood20,Wood20,Wood,AC4_6_10,303.609,67.818,4.222
1,19/01/2022,AC4,Ambient,_1191993,6,,P. lutea,11,PlutDavies1,Davies1,Davies,AC4_6_11,217.134,73.322,3.968
1,19/01/2022,AC5,Ambient,_1191994,1,,A. hyacinthus,1,AhyaPalms16,Palms16,Palms,AC5_1_1,238.328,70.109,4.132
1,19/01/2022,AC5,Ambient,_1191994,1,,A. hyacinthus,3,AhyaDavies15,Davies15,Davies,AC5_1_3,269.509,80.263,3.671
1,19/01/2022,AC5,Ambient,_1191994,1,,A. hyacinthus,4,AhyaArlington10,Arlington10,Arlington,AC5_1_4,221.736,93.94,3.05
1,19/01/2022,AC5,Ambient,_1191994,1,,A. hyacinthus,5,AhyaMartin3,Martin3,Martin,AC5_1_5,241.747,84.548,3.476
1,19/01/2022,AC5,Ambient,_1191994,1,,A. hyacinthus,6,AhyaWood17,Wood17,Wood,AC5_1_6,292.096,88.41,3.301
1,19/01/2022,AC5,Ambient,_1191994,1,,A. hyacinthus,7,AhyaPalms6,Palms6,Palms,AC5_1_7,324.351,66.982,4.274
1,19/01/2022,AC5,Ambient,_1191994,1,,A. hyacinthus,8,AhyaPalms5,Palms5,Palms,AC5_1_8,191.031,72.95,4.003
1,19/01/2022,AC5,Ambient,_1191994,1,,A. hyacinthus,10,AhyaDavies18,Davies18,Davies,AC5_1_10,429.359,96.782,2.921
1,19/01/2022,AC5,Ambient,_1191994,1,,A. hyacinthus,11,AhyaDavies12,Davies12,Davies,AC5_1_11,227.682,86.829,3.373
1,19/01/2022,AC5,Ambient,_1191995,2,,P. lutea,1,PlutDavies7,Davies7,Davies,AC5_2_1,350.002,55.769,4.823
1,19/01/2022,AC5,Ambient,_1191995,2,,P. lutea,2,PlutDavies1,Davies1,Davies,AC5_2_2,336.963,59.733,4.641
1,19/01/2022,AC5,Ambient,_1191995,2,,P. lutea,4,PlutPalms4,Palms4,Palms,AC5_2_4,436.953,55.8,4.822
1,19/01/2022,AC5,Ambient,_1191995,2,,P. lutea,6,PlutWood4,Wood4,Wood,AC5_2_6,257.838,83.783,3.535
1,19/01/2022,AC5,Ambient,_1191995,2,,P. lutea,7,PlutMartin14,Martin14,Martin,AC5_2_7,324.193,61.292,4.569
1,19/01/2022,AC5,Ambient,_1191995,2,,P. lutea,9,PlutArlington1,Arlington1,Arlington,AC5_2_9,143.002,61.906,4.541
1,19/01/2022,AC5,Ambient,_1191995,2,,P. lutea,10,PlutArlington9,Arlington9,Arlington,AC5_2_10,167.175,76.413,3.874
1,19/01/2022,AC5,Ambient,_1191995,2,,P. lutea,11,PlutMartin19,Martin19,Martin,AC5_2_11,387.715,55.279,4.846
1,19/01/2022,AC5,Ambient,_1191996,3,,A. hyacinthus,1,AhyaPalms3,Palms3,Palms,AC5_3_1,389.986,48.865,5.191
1,19/01/2022,AC5,Ambient,_1191996,3,,A. hyacinthus,2,AhyaMartin11,Martin11,Martin,AC5_3_2,318.247,74.393,4.01
1,19/01/2022,AC5,Ambient,_1191996,3,,A. hyacinthus,3,AhyaArlington1,Arlington1,Arlington,AC5_3_3,348.122,68.946,4.262
1,19/01/2022,AC5,Ambient,_1191996,3,,A. hyacinthus,5,AhyaArlington6,Arlington6,Arlington,AC5_3_5,234.519,90.513,3.264
1,19/01/2022,AC5,Ambient,_1191996,3,,A. hyacinthus,6,AhyaDavies9,Davies9,Davies,AC5_3_6,375.482,90.652,3.258
1,19/01/2022,AC5,Ambient,_1191996,3,,A. hyacinthus,8,AhyaWood5A,Wood5A,Wood,AC5_3_8,421.839,101.923,2.736
1,19/01/2022,AC5,Ambient,_1191996,3,,A. hyacinthus,9,AhyaMartin13,Martin13,Martin,AC5_3_9,282.475,74.837,3.989
1,19/01/2022,AC5,Ambient,_1191996,3,,A. hyacinthus,10,AhyaPalms10,Palms10,Palms,AC5_3_10,170.594,75.26,3.97
1,19/01/2022,AC5,Ambient,_1191996,3,,A. hyacinthus,11,AhyaWood8,Wood8,Wood,AC5_3_11,367.802,62.317,4.569
1,19/01/2022,AC5,Ambient,_1191997,4,,P. lutea,1,PlutPalms23,Palms23,Palms,AC5_4_1,455.437,49.032,5.132
1,19/01/2022,AC5,Ambient,_1191997,4,,P. lutea,2,PlutMartin18,Martin18,Martin,AC5_4_2,280.363,69.119,4.2
1,19/01/2022,AC5,Ambient,_1191997,4,,P. lutea,3,PlutWood29,Wood29,Wood,AC5_4_3,277.921,87.994,3.324
1,19/01/2022,AC5,Ambient,_1191997,4,,P. lutea,4,PlutWood14,Wood14,Wood,AC5_4_4,262.941,73.991,3.974
1,19/01/2022,AC5,Ambient,_1191997,4,,P. lutea,5,PlutMartin36,Martin36,Martin,AC5_4_5,459.393,69.867,4.165
1,19/01/2022,AC5,Ambient,_1191997,4,,P. lutea,6,PlutDavies3,Davies3,Davies,AC5_4_6,263.246,88.877,3.283
1,19/01/2022,AC5,Ambient,_1191997,4,,P. lutea,7,PlutPalms3,Palms3,Palms,AC5_4_7,199.956,76.149,3.874
1,19/01/2022,AC5,Ambient,_1191997,4,,P. lutea,8,PlutArlington6,Arlington6,Arlington,AC5_4_8,267.47,74.761,3.938
1,19/01/2022,AC5,Ambient,_1191997,4,,P. lutea,9,PlutPalms20,Palms20,Palms,AC5_4_9,266.616,87.938,3.326
1,19/01/2022,AC5,Ambient,_1191997,4,,P. lutea,10,PlutArlington12,Arlington12,Arlington,AC5_4_10,281.755,75.184,3.918
1,19/01/2022,AC5,Ambient,_1191997,4,,P. lutea,11,PlutDavies18,Davies18,Davies,AC5_4_11,270.303,79.614,3.713
1,19/01/2022,AC5,Ambient,_1191998,5,,A. hyacinthus,2,AhyaArlington8,Arlington8,Arlington,AC5_5_2,173.426,105.658,2.432
1,19/01/2022,AC5,Ambient,_1191998,5,,A. hyacinthus,3,AhyaWood16,Wood16,Wood,AC5_5_3,190.335,88.505,3.239
1,19/01/2022,AC5,Ambient,_1191998,5,,A. hyacinthus,4,AhyaMartin17,Martin17,Martin,AC5_5_4,389.278,105.784,2.426
1,19/01/2022,AC5,Ambient,_1191998,5,,A. hyacinthus,5,AhyaArlington9,Arlington9,Arlington,AC5_5_5,207.257,96.564,2.86
1,19/01/2022,AC5,Ambient,_1191998,5,,A. hyacinthus,6,AhyaArlington11,Arlington11,Arlington,AC5_5_6,224.911,88.036,3.261
1,19/01/2022,AC5,Ambient,_1191998,5,,A. hyacinthus,7,AhyaDavies16,Davies16,Davies,AC5_5_7,244.787,88.253,3.251
1,19/01/2022,AC5,Ambient,_1191998,5,,A. hyacinthus,8,AhyaMartin12,Martin12,Martin,AC5_5_8,171.302,94.213,2.971
1,19/01/2022,AC5,Ambient,_1191998,5,,A. hyacinthus,9,AhyaPalms4,Palms4,Palms,AC5_5_9,178.92,82.099,3.541
1,19/01/2022,AC5,Ambient,_1191998,5,,A. hyacinthus,10,AhyaWood7A,Wood7A,Wood,AC5_5_10,139.95,92.664,3.044
1,19/01/2022,AC5,Ambient,_1191998,5,,A. hyacinthus,11,AhyaDavies14,Davies14,Davies,AC5_5_11,290.606,82.21,3.535
1,19/01/2022,AC5,Ambient,_1191999,6,,P. lutea,1,PlutMartin4,Martin4,Martin,AC5_6_1,251.623,41.575,5.577
1,19/01/2022,AC5,Ambient,_1191999,6,,P. lutea,2,PlutWood13,Wood13,Wood,AC5_6_2,189.774,110.079,2.362
1,19/01/2022,AC5,Ambient,_1191999,6,,P. lutea,3,PlutPalms17,Palms17,Palms,AC5_6_3,356.045,71.014,4.196
1,19/01/2022,AC5,Ambient,_1191999,6,,P. lutea,4,PlutPalms1,Palms1,Palms,AC5_6_4,218.879,75.095,4.004
1,19/01/2022,AC5,Ambient,_1191999,6,,P. lutea,5,PlutMartin32,Martin32,Martin,AC5_6_5,398.605,62.924,4.575
1,19/01/2022,AC5,Ambient,_1191999,6,,P. lutea,7,PlutArlington16,Arlington16,Arlington,AC5_6_7,279.24,56.303,4.886
1,19/01/2022,AC5,Ambient,_1191999,6,,P. lutea,8,PlutArlington19,Arlington19,Arlington,AC5_6_8,142.379,83.93,3.589
1,19/01/2022,AC5,Ambient,_1191999,6,,P. lutea,9,PlutDavies10,Davies10,Davies,AC5_6_9,177.833,68.122,4.331
1,19/01/2022,AC5,Ambient,_1191999,6,,P. lutea,10,PlutDavies9,Davies9,Davies,AC5_6_10,181.386,58.757,4.771
1,19/01/2022,AC6,Ambient,_1192000,1,,A. hyacinthus,1,AhyaPalms6,Palms6,Palms,AC6_1_1,355.081,45.442,5.286
1,19/01/2022,AC6,Ambient,_1192000,1,,A. hyacinthus,2,AhyaWood5A,Wood5A,Wood,AC6_1_2,224.3,91.49,3.134
1,19/01/2022,AC6,Ambient,_1192000,1,,A. hyacinthus,3,AhyaPalms4,Palms4,Palms,AC6_1_3,394.454,76.844,3.819
1,19/01/2022,AC6,Ambient,_1192000,1,,A. hyacinthus,4,AhyaWood8,Wood8,Wood,AC6_1_4,264.687,82.188,3.569
1,19/01/2022,AC6,Ambient,_1192000,1,,A. hyacinthus,5,AhyaMartin12,Martin12,Martin,AC6_1_5,333.972,77.572,3.785
1,19/01/2022,AC6,Ambient,_1192000,1,,A. hyacinthus,6,AhyaWood7A,Wood7A,Wood,AC6_1_6,165.747,95.978,2.925
1,19/01/2022,AC6,Ambient,_1192000,1,,A. hyacinthus,8,AhyaWood17,Wood17,Wood,AC6_1_8,289.275,86.627,3.362
1,19/01/2022,AC6,Ambient,_1192000,1,,A. hyacinthus,9,AhyaMartin13,Martin13,Martin,AC6_1_9,453.056,80.186,3.663
1,19/01/2022,AC6,Ambient,_1192000,1,,A. hyacinthus,10,AhyaArlington6,Arlington6,Arlington,AC6_1_10,192.789,71.5,4.068
1,19/01/2022,AC6,Ambient,_1192000,1,,A. hyacinthus,11,AhyaArlington8,Arlington8,Arlington,AC6_1_11,280.717,68.753,4.197
1,19/01/2022,AC6,Ambient,_1192001,2,,P. lutea,1,PlutMartin4,Martin4,Martin,AC6_2_1,355.081,52.941,5.012
1,19/01/2022,AC6,Ambient,_1192001,2,,P. lutea,2,PlutMartin36,Martin36,Martin,AC6_2_2,495.421,50.857,5.107
1,19/01/2022,AC6,Ambient,_1192001,2,,P. lutea,3,PlutWood13,Wood13,Wood,AC6_2_3,456.06,78.588,3.836
1,19/01/2022,AC6,Ambient,_1192001,2,,P. lutea,4,PlutWood14,Wood14,Wood,AC6_2_4,214.264,58.581,4.753
1,19/01/2022,AC6,Ambient,_1192001,2,,P. lutea,5,PlutArlington12,Arlington12,Arlington,AC6_2_5,270.828,68.272,4.309
1,19/01/2022,AC6,Ambient,_1192001,2,,P. lutea,6,PlutWood6,Wood6,Wood,AC6_2_6,294.366,60.653,4.658
1,19/01/2022,AC6,Ambient,_1192001,2,,P. lutea,7,PlutArlington16,Arlington16,Arlington,AC6_2_7,228.17,57.252,4.814
1,19/01/2022,AC6,Ambient,_1192001,2,,P. lutea,8,PlutWood20,Wood20,Wood,AC6_2_8,236.948,83.095,3.63
1,19/01/2022,AC6,Ambient,_1192001,2,,P. lutea,9,PlutMartin14,Martin14,Martin,AC6_2_9,438.699,55.604,4.89
1,19/01/2022,AC6,Ambient,_1192001,2,,P. lutea,10,PlutPalms3,Palms3,Palms,AC6_2_10,321.421,48.829,5.2
1,19/01/2022,AC6,Ambient,_1192001,2,,P. lutea,11,PlutDavies7,Davies7,Davies,AC6_2_11,221.175,78.69,3.832
1,19/01/2022,AC6,Ambient,_1192002,3,,A. hyacinthus,2,AhyaArlington1,Arlington1,Arlington,AC6_3_2,431.874,75.794,3.945
1,19/01/2022,AC6,Ambient,_1192002,3,,A. hyacinthus,3,AhyaArlington11,Arlington11,Arlington,AC6_3_3,363.81,80.4,3.736
1,19/01/2022,AC6,Ambient,_1192002,3,,A. hyacinthus,4,AhyaPalms5,Palms5,Palms,AC6_3_4,228.732,75.843,3.943
1,19/01/2022,AC6,Ambient,_1192002,3,,A. hyacinthus,6,AhyaDavies9,Davies9,Davies,AC6_3_6,284.685,100.113,2.842
1,19/01/2022,AC6,Ambient,_1192002,3,,A. hyacinthus,7,AhyaMartin11,Martin11,Martin,AC6_3_7,189.395,88.143,3.385
1,19/01/2022,AC6,Ambient,_1192002,3,,A. hyacinthus,8,AhyaDavies14,Davies14,Davies,AC6_3_8,238.072,104.273,2.653
1,19/01/2022,AC6,Ambient,_1192002,3,,A. hyacinthus,9,AhyaArlington9,Arlington9,Arlington,AC6_3_9,162.401,89.218,3.336
1,19/01/2022,AC6,Ambient,_1192002,3,,A. hyacinthus,10,AhyaPalms3,Palms3,Palms,AC6_3_10,279.887,66.99,4.344
1,19/01/2022,AC6,Ambient,_1192002,3,,A. hyacinthus,11,AhyaDavies16,Davies16,Davies,AC6_3_11,496.947,77.203,3.881
1,19/01/2022,AC6,Ambient,_1192003,4,,P. lutea,1,PlutMartin18,Martin18,Martin,AC6_4_1,341.59,50.112,5.198
1,19/01/2022,AC6,Ambient,_1192003,4,,P. lutea,2,PlutDavies10,Davies10,Davies,AC6_4_2,314.438,62.346,4.622
1,19/01/2022,AC6,Ambient,_1192003,4,,P. lutea,3,PlutArlington1,Arlington1,Arlington,AC6_4_3,293.866,57.786,4.827
1,19/01/2022,AC6,Ambient,_1192003,4,,P. lutea,4,PlutArlington19,Arlington19,Arlington,AC6_4_4,348.806,77.246,3.808
1,19/01/2022,AC6,Ambient,_1192003,4,,P. lutea,5,PlutArlington6,Arlington6,Arlington,AC6_4_5,353.933,62.27,4.593
1,19/01/2022,AC6,Ambient,_1192003,4,,P. lutea,6,PlutPalms1,Palms1,Palms,AC6_4_6,354.678,55.803,4.86
1,19/01/2022,AC6,Ambient,_1192003,4,,P. lutea,7,PlutDavies3,Davies3,Davies,AC6_4_7,172.193,90.123,3.39
1,19/01/2022,AC6,Ambient,_1192003,4,,P. lutea,8,PlutPalms4,Palms4,Palms,AC6_4_8,280.497,76.341,3.961
1,19/01/2022,AC6,Ambient,_1192003,4,,P. lutea,10,PlutDavies1,Davies1,Davies,AC6_4_10,315.622,62.739,4.589
1,19/01/2022,AC6,Ambient,_1192003,4,,P. lutea,11,PlutDavies18,Davies18,Davies,AC6_4_11,206.842,74.187,4.087
1,19/01/2022,AC6,Ambient,_1192004,5,,A. hyacinthus,1,AhyaMartin17,Martin17,Martin,AC6_5_1,403.745,89.106,3.317
1,19/01/2022,AC6,Ambient,_1192004,5,,A. hyacinthus,2,AhyaPalms10,Palms10,Palms,AC6_5_2,220.088,65.313,4.433
1,19/01/2022,AC6,Ambient,_1192004,5,,A. hyacinthus,4,AhyaDavies12,Davies12,Davies,AC6_5_4,250.769,90.45,3.251
1,19/01/2022,AC6,Ambient,_1192004,5,,A. hyacinthus,5,AhyaArlington10,Arlington10,Arlington,AC6_5_5,270.181,139.965,0.978
1,19/01/2022,AC6,Ambient,_1192004,5,,A. hyacinthus,6,AhyaDavies18,Davies18,Davies,AC6_5_6,323.314,112.856,2.254
1,19/01/2022,AC6,Ambient,_1192004,5,,A. hyacinthus,7,AhyaWood16,Wood16,Wood,AC6_5_7,214.802,93.205,3.144
1,19/01/2022,AC6,Ambient,_1192004,5,,A. hyacinthus,8,AhyaDavies15,Davies15,Davies,AC6_5_8,190.848,82.582,3.633
1,19/01/2022,AC6,Ambient,_1192004,5,,A. hyacinthus,10,AhyaPalms16,Palms16,Palms,AC6_5_10,205.425,80.819,3.687
1,19/01/2022,AC6,Ambient,_1192004,5,,A. hyacinthus,11,AhyaMartin3,Martin3,Martin,AC6_5_11,225.265,81.037,3.74
1,19/01/2022,AC6,Ambient,_1192005,6,,P. lutea,1,PlutWood4,Wood4,Wood,AC6_6_1,362.15,39.493,5.594
1,19/01/2022,AC6,Ambient,_1192005,6,,P. lutea,2,PlutMartin32,Martin32,Martin,AC6_6_2,397.03,39.008,5.617
1,19/01/2022,AC6,Ambient,_1192005,6,,P. lutea,3,PlutMartin19,Martin19,Martin,AC6_6_3,250.219,64.241,4.413
1,19/01/2022,AC6,Ambient,_1192005,6,,P. lutea,5,PlutArlington9,Arlington9,Arlington,AC6_6_5,228.219,68.335,4.217
1,19/01/2022,AC6,Ambient,_1192005,6,,P. lutea,6,PlutDavies9,Davies9,Davies,AC6_6_6,288.189,48.592,5.16
1,19/01/2022,AC6,Ambient,_1192005,6,,P. lutea,7,PlutPalms23,Palms23,Palms,AC6_6_7,247.46,64.259,4.412
1,19/01/2022,AC6,Ambient,_1192005,6,,P. lutea,8,PlutPalms20,Palms20,Palms,AC6_6_8,286.064,76.799,3.813
1,19/01/2022,AC6,Ambient,_1192005,6,,P. lutea,9,PlutPalms17,Palms17,Palms,AC6_6_9,206.854,80.265,3.648
1,19/01/2022,AC6,Ambient,_1192005,6,,P. lutea,11,PlutWood29,Wood29,Wood,AC6_6_11,341.309,66.317,4.314
1,19/01/2022,AR1,Hot,_1191931,1,AR1_1,A. hyacinthus,1,AhyaPalms4,Palms4,Palms,AR1_1_1,282.658,68.795,4.438
1,19/01/2022,AR1,Hot,_1191931,1,AR1_1,A. hyacinthus,2,AhyaDavies16,Davies16,Davies,AR1_1_2,447.196,90.849,3.441
1,19/01/2022,AR1,Hot,_1191931,1,AR1_1,A. hyacinthus,3,AhyaPalms16,Palms16,Palms,AR1_1_3,342.848,98.447,3.098
1,19/01/2022,AR1,Hot,_1191931,1,AR1_1,A. hyacinthus,4,AhyaArlington11,Arlington11,Arlington,AR1_1_4,298.273,86.513,3.637
1,19/01/2022,AR1,Hot,_1191931,1,AR1_1,A. hyacinthus,5,AhyaPalms6,Palms6,Palms,AR1_1_5,NA,NA,NA
1,19/01/2022,AR1,Hot,_1191931,1,AR1_1,A. hyacinthus,6,AhyaMartin12,Martin12,Martin,AR1_1_6,282.109,86.185,3.652
1,19/01/2022,AR1,Hot,_1191931,1,AR1_1,A. hyacinthus,7,AhyaArlington9,Arlington9,Arlington,AR1_1_7,265.603,88.863,3.531
1,19/01/2022,AR1,Hot,_1191931,1,AR1_1,A. hyacinthus,8,AhyaPalms10,Palms10,Palms,AR1_1_8,232.163,84.09,3.747
1,19/01/2022,AR1,Hot,_1191931,1,AR1_1,A. hyacinthus,9,AhyaArlington10,Arlington10,Arlington,AR1_1_9,295.062,121.737,2.046
1,19/01/2022,AR1,Hot,_1191931,1,AR1_1,A. hyacinthus,10,AhyaWood17,Wood17,Wood,AR1_1_10,289.983,102.592,2.911
1,19/01/2022,AR1,Hot,_1191931,1,AR1_1,A. hyacinthus,11,AhyaWood5A,Wood5A,Wood,AR1_1_11,297.455,97.331,3.149
1,19/01/2022,AR1,Hot,_1191933,2,AR1_2,P. lutea,1,PlutMartin19,Martin19,Martin,AR1_2_1,282.854,56.221,5.007
1,19/01/2022,AR1,Hot,_1191933,2,AR1_2,P. lutea,3,PlutPalms1,Palms1,Palms,AR1_2_3,279.74,65.578,4.573
1,19/01/2022,AR1,Hot,_1191933,2,AR1_2,P. lutea,4,PlutPalms23,Palms23,Palms,AR1_2_4,401.45,54.583,5.083
1,19/01/2022,AR1,Hot,_1191933,2,AR1_2,P. lutea,5,PlutWood6,Wood6,Wood,AR1_2_5,109.22,87.845,3.539
1,19/01/2022,AR1,Hot,_1191933,2,AR1_2,P. lutea,6,PlutDavies18,Davies18,Davies,AR1_2_6,277.872,74.189,4.173
1,19/01/2022,AR1,Hot,_1191933,2,AR1_2,P. lutea,7,PlutDavies1,Davies1,Davies,AR1_2_7,348.012,90.98,3.394
1,19/01/2022,AR1,Hot,_1191933,2,AR1_2,P. lutea,8,PlutWood13,Wood13,Wood,AR1_2_8,353.762,89.937,3.442
1,19/01/2022,AR1,Hot,_1191933,2,AR1_2,P. lutea,9,PlutArlington6,Arlington6,Arlington,AR1_2_9,145.248,89.699,3.453
1,19/01/2022,AR1,Hot,_1191933,2,AR1_2,P. lutea,11,PlutPalms4,Palms4,Palms,AR1_2_11,169.641,80.233,3.893
1,19/01/2022,AR1,Hot,_1191935,3,AR1_3,A. hyacinthus,1,AhyaMartin3,Martin3,Martin,AR1_3_1,205.145,72.416,4.019
1,19/01/2022,AR1,Hot,_1191935,3,AR1_3,A. hyacinthus,2,AhyaWood8,Wood8,Wood,AR1_3_2,125.934,86.233,3.38
1,19/01/2022,AR1,Hot,_1191935,3,AR1_3,A. hyacinthus,4,AhyaPalms5,Palms5,Palms,AR1_3_4,326.573,93.257,3.055
1,19/01/2022,AR1,Hot,_1191935,3,AR1_3,A. hyacinthus,5,AhyaPalms3,Palms3,Palms,AR1_3_5,380.548,72.732,4.005
1,19/01/2022,AR1,Hot,_1191935,3,AR1_3,A. hyacinthus,6,AhyaDavies15,Davies15,Davies,AR1_3_6,324.229,93.059,3.065
1,19/01/2022,AR1,Hot,_1191935,3,AR1_3,A. hyacinthus,8,AhyaMartin17,Martin17,Martin,AR1_3_8,306.942,108.363,2.357
1,19/01/2022,AR1,Hot,_1191935,3,AR1_3,A. hyacinthus,9,AhyaMartin13,Martin13,Martin,AR1_3_9,434.621,83.698,3.497
1,19/01/2022,AR1,Hot,_1191935,3,AR1_3,A. hyacinthus,10,AhyaMartin11,Martin11,Martin,AR1_3_10,177.894,75.287,3.886
1,19/01/2022,AR1,Hot,_1191935,3,AR1_3,A. hyacinthus,11,AhyaArlington6,Arlington6,Arlington,AR1_3_11,204.9,71.492,4.062
1,19/01/2022,AR1,Hot,_1191936,4,AR1_4,P. lutea,1,PlutPalms3,Palms3,Palms,AR1_4_1,201.604,71.268,4.158
1,19/01/2022,AR1,Hot,_1191936,4,AR1_4,P. lutea,2,PlutWood29,Wood29,Wood,AR1_4_2,124.237,106.187,2.529
1,19/01/2022,AR1,Hot,_1191936,4,AR1_4,P. lutea,3,PlutArlington19,Arlington19,Arlington,AR1_4_3,326.915,61.516,4.613
1,19/01/2022,AR1,Hot,_1191936,4,AR1_4,P. lutea,4,PlutArlington9,Arlington9,Arlington,AR1_4_4,359.171,65.199,4.442
1,19/01/2022,AR1,Hot,_1191936,4,AR1_4,P. lutea,5,PlutPalms17,Palms17,Palms,AR1_4_5,364.274,84.58,3.537
1,19/01/2022,AR1,Hot,_1191936,4,AR1_4,P. lutea,6,PlutWood14,Wood14,Wood,AR1_4_6,305.061,64.811,4.46
1,19/01/2022,AR1,Hot,_1191936,4,AR1_4,P. lutea,7,PlutWood4,Wood4,Wood,AR1_4_7,411.583,64.006,4.497
1,19/01/2022,AR1,Hot,_1191936,4,AR1_4,P. lutea,8,PlutArlington12,Arlington12,Arlington,AR1_4_8,167.468,91.467,3.216
1,19/01/2022,AR1,Hot,_1191936,4,AR1_4,P. lutea,9,PlutDavies7,Davies7,Davies,AR1_4_9,283.598,65.33,4.435
1,19/01/2022,AR1,Hot,_1191936,4,AR1_4,P. lutea,10,PlutDavies9,Davies9,Davies,AR1_4_10,89.283,72.01,4.124
1,19/01/2022,AR1,Hot,_1191936,4,AR1_4,P. lutea,11,PlutMartin4,Martin4,Martin,AR1_4_11,417.358,48.312,5.229
1,19/01/2022,AR1,Hot,_1191937,5,AR1_5,A. hyacinthus,1,AhyaDavies12,Davies12,Davies,AR1_5_1,376.068,88.505,3.256
1,19/01/2022,AR1,Hot,_1191937,5,AR1_5,A. hyacinthus,3,AhyaDavies18,Davies18,Davies,AR1_5_3,445.865,96.777,2.872
1,19/01/2022,AR1,Hot,_1191937,5,AR1_5,A. hyacinthus,4,AhyaDavies9,Davies9,Davies,AR1_5_4,281.84,101.069,2.673
1,19/01/2022,AR1,Hot,_1191937,5,AR1_5,A. hyacinthus,7,AhyaArlington1,Arlington1,Arlington,AR1_5_7,136.458,88.912,3.237
1,19/01/2022,AR1,Hot,_1191937,5,AR1_5,A. hyacinthus,8,AhyaWood16,Wood16,Wood,AR1_5_8,207.94,89.831,3.195
1,19/01/2022,AR1,Hot,_1191937,5,AR1_5,A. hyacinthus,9,AhyaDavies14,Davies14,Davies,AR1_5_9,350.942,90.376,3.169
1,19/01/2022,AR1,Hot,_1191937,5,AR1_5,A. hyacinthus,10,AhyaWood7A,Wood7A,Wood,AR1_5_10,47.187,89.919,3.303
1,19/01/2022,AR1,Hot,_1191937,5,AR1_5,A. hyacinthus,11,AhyaArlington8,Arlington8,Arlington,AR1_5_11,251.746,78.719,3.71
1,19/01/2022,AR1,Hot,_1191938,6,AR1_6,P. lutea,1,PlutArlington16,Arlington16,Arlington,AR1_6_1,221.272,53.66,5.062
1,19/01/2022,AR1,Hot,_1191938,6,AR1_6,P. lutea,2,PlutArlington1,Arlington1,Arlington,AR1_6_2,164.819,63.86,4.581
1,19/01/2022,AR1,Hot,_1191938,6,AR1_6,P. lutea,3,PlutMartin36,Martin36,Martin,AR1_6_3,349.562,67.624,4.403
1,19/01/2022,AR1,Hot,_1191938,6,AR1_6,P. lutea,4,PlutDavies3,Davies3,Davies,AR1_6_4,92.299,124.254,1.733
1,19/01/2022,AR1,Hot,_1191938,6,AR1_6,P. lutea,5,PlutMartin14,Martin14,Martin,AR1_6_5,332.836,84.44,3.611
1,19/01/2022,AR1,Hot,_1191938,6,AR1_6,P. lutea,6,PlutMartin18,Martin18,Martin,AR1_6_6,367.119,64.474,4.552
1,19/01/2022,AR1,Hot,_1191938,6,AR1_6,P. lutea,7,PlutWood20,Wood20,Wood,AR1_6_7,189.981,99.059,2.921
1,19/01/2022,AR1,Hot,_1191938,6,AR1_6,P. lutea,8,PlutMartin32,Martin32,Martin,AR1_6_8,434.365,82.939,3.681
1,19/01/2022,AR1,Hot,_1191938,6,AR1_6,P. lutea,10,PlutDavies10,Davies10,Davies,AR1_6_10,278.837,67.552,4.407
1,19/01/2022,AR1,Hot,_1191938,6,AR1_6,P. lutea,11,PlutPalms20,Palms20,Palms,AR1_6_11,219.929,68.43,4.365
1,19/01/2022,AR2,Hot,_1191939,1,AR2_1,A. hyacinthus,1,AhyaArlington11,Arlington11,Arlington,AR2_1_1,133.589,62.52,4.643
1,19/01/2022,AR2,Hot,_1191939,1,AR2_1,A. hyacinthus,2,AhyaDavies12,Davies12,Davies,AR2_1_2,309.835,103.954,2.711
1,19/01/2022,AR2,Hot,_1191939,1,AR2_1,A. hyacinthus,3,AhyaMartin11,Martin11,Martin,AR2_1_3,230.185,87.606,3.473
1,19/01/2022,AR2,Hot,_1191939,1,AR2_1,A. hyacinthus,4,AhyaWood8,Wood8,Wood,AR2_1_4,243.346,99.099,2.937
1,19/01/2022,AR2,Hot,_1191939,1,AR2_1,A. hyacinthus,5,AhyaWood5A,Wood5A,Wood,AR2_1_5,307.296,120.622,1.933
1,19/01/2022,AR2,Hot,_1191939,1,AR2_1,A. hyacinthus,6,AhyaArlington6,Arlington6,Arlington,AR2_1_6,171.436,105.036,2.66
1,19/01/2022,AR2,Hot,_1191939,1,AR2_1,A. hyacinthus,7,AhyaDavies18,Davies18,Davies,AR2_1_7,348.903,110.115,2.423
1,19/01/2022,AR2,Hot,_1191939,1,AR2_1,A. hyacinthus,8,AhyaMartin13,Martin13,Martin,AR2_1_8,260.939,94.384,3.157
1,19/01/2022,AR2,Hot,_1191939,1,AR2_1,A. hyacinthus,9,AhyaDavies16,Davies16,Davies,AR2_1_9,281.266,87.219,3.491
1,19/01/2022,AR2,Hot,_1191939,1,AR2_1,A. hyacinthus,10,AhyaDavies9,Davies9,Davies,AR2_1_10,318.601,97.988,2.989
1,19/01/2022,AR2,Hot,_1191939,1,AR2_1,A. hyacinthus,11,AhyaPalms6,Palms6,Palms,AR2_1_11,298.334,71.122,4.241
1,19/01/2022,AR2,Hot,_1191940,2,AR2_2,P. lutea,2,PlutArlington1,Arlington1,Arlington,AR2_2_2,141.244,90.462,3.474
1,19/01/2022,AR2,Hot,_1191940,2,AR2_2,P. lutea,3,PlutMartin14,Martin14,Martin,AR2_2_3,333.264,83.719,3.788
1,19/01/2022,AR2,Hot,_1191940,2,AR2_2,P. lutea,4,PlutDavies10,Davies10,Davies,AR2_2_4,358.267,81.131,3.908
1,19/01/2022,AR2,Hot,_1191940,2,AR2_2,P. lutea,5,PlutWood13,Wood13,Wood,AR2_2_5,357.156,90.991,3.449
1,19/01/2022,AR2,Hot,_1191940,2,AR2_2,P. lutea,6,PlutDavies3,Davies3,Davies,AR2_2_6,121.478,119.404,2.127
1,19/01/2022,AR2,Hot,_1191940,2,AR2_2,P. lutea,7,PlutWood20,Wood20,Wood,AR2_2_7,318.015,76.355,4.131
1,19/01/2022,AR2,Hot,_1191940,2,AR2_2,P. lutea,8,PlutDavies7,Davies7,Davies,AR2_2_8,295.514,85.76,3.693
1,19/01/2022,AR2,Hot,_1191940,2,AR2_2,P. lutea,9,PlutDavies9,Davies9,Davies,AR2_2_9,314.999,77.742,4.066
1,19/01/2022,AR2,Hot,_1191940,2,AR2_2,P. lutea,10,PlutDavies1,Davies1,Davies,AR2_2_10,335.571,71.625,4.351
1,19/01/2022,AR2,Hot,_1191940,2,AR2_2,P. lutea,11,PlutPalms1,Palms1,Palms,AR2_2_11,271.939,57.24,5.02
1,19/01/2022,AR2,Hot,_1191941,3,AR2_3,A. hyacinthus,2,AhyaPalms10,Palms10,Palms,AR2_3_2,185.842,83.776,3.693
1,19/01/2022,AR2,Hot,_1191941,3,AR2_3,A. hyacinthus,4,AhyaDavies15,Davies15,Davies,AR2_3_4,374.2,86.654,3.558
1,19/01/2022,AR2,Hot,_1191941,3,AR2_3,A. hyacinthus,5,AhyaWood17,Wood17,Wood,AR2_3_5,164.453,104.511,2.726
1,19/01/2022,AR2,Hot,_1191941,3,AR2_3,A. hyacinthus,6,AhyaPalms5,Palms5,Palms,AR2_3_6,425.294,88.401,3.477
1,19/01/2022,AR2,Hot,_1191941,3,AR2_3,A. hyacinthus,8,AhyaWood7A,Wood7A,Wood,AR2_3_8,99.16,110.557,2.444
1,19/01/2022,AR2,Hot,_1191941,3,AR2_3,A. hyacinthus,9,AhyaArlington8,Arlington8,Arlington,AR2_3_9,200.493,106.445,2.636
1,19/01/2022,AR2,Hot,_1191941,3,AR2_3,A. hyacinthus,10,AhyaMartin12,Martin12,Martin,AR2_3_10,380.585,79.082,3.911
1,19/01/2022,AR2,Hot,_1191941,3,AR2_3,A. hyacinthus,11,AhyaArlington10,Arlington10,Arlington,AR2_3_11,245.788,109.579,2.49
1,19/01/2022,AR2,Hot,_1191942,4,AR2_4,P. lutea,1,PlutArlington16,Arlington16,Arlington,AR2_4_1,250.195,70.666,4.221
1,19/01/2022,AR2,Hot,_1191942,4,AR2_4,P. lutea,2,PlutMartin18,Martin18,Martin,AR2_4_2,321.128,71.613,4.178
1,19/01/2022,AR2,Hot,_1191942,4,AR2_4,P. lutea,4,PlutWood4,Wood4,Wood,AR2_4_4,212.409,94.144,3.149
1,19/01/2022,AR2,Hot,_1191942,4,AR2_4,P. lutea,5,PlutPalms3,Palms3,Palms,AR2_4_5,296.979,75.214,4.014
1,19/01/2022,AR2,Hot,_1191942,4,AR2_4,P. lutea,6,PlutDavies18,Davies18,Davies,AR2_4_6,193.058,110.479,2.403
1,19/01/2022,AR2,Hot,_1191942,4,AR2_4,P. lutea,7,PlutPalms17,Palms17,Palms,AR2_4_7,479.452,68.461,4.322
1,19/01/2022,AR2,Hot,_1191942,4,AR2_4,P. lutea,8,PlutArlington12,Arlington12,Arlington,AR2_4_8,398.08,56.621,4.863
1,19/01/2022,AR2,Hot,_1191942,4,AR2_4,P. lutea,9,PlutMartin19,Martin19,Martin,AR2_4_9,180.812,88.087,3.426
1,19/01/2022,AR2,Hot,_1191942,4,AR2_4,P. lutea,10,PlutPalms20,Palms20,Palms,AR2_4_10,189.737,105.094,2.649
1,19/01/2022,AR2,Hot,_1191942,4,AR2_4,P. lutea,11,PlutWood29,Wood29,Wood,AR2_4_11,198.149,81.743,3.715
1,19/01/2022,AR2,Hot,_1191943,5,AR2_5,A. hyacinthus,1,AhyaWood16,Wood16,Wood,AR2_5_1,202.52,NA,3.553
1,19/01/2022,AR2,Hot,_1191943,5,AR2_5,A. hyacinthus,2,AhyaArlington1,Arlington1,Arlington,AR2_5_2,321.543,NA,4.134
1,19/01/2022,AR2,Hot,_1191943,5,AR2_5,A. hyacinthus,4,AhyaPalms4,Palms4,Palms,AR2_5_4,209.186,NA,2.905
1,19/01/2022,AR2,Hot,_1191943,5,AR2_5,A. hyacinthus,5,AhyaPalms3,Palms3,Palms,AR2_5_5,371.441,NA,4.122
1,19/01/2022,AR2,Hot,_1191943,5,AR2_5,A. hyacinthus,6,AhyaMartin3,Martin3,Martin,AR2_5_6,208.673,NA,3.349
1,19/01/2022,AR2,Hot,_1191943,5,AR2_5,A. hyacinthus,7,AhyaArlington9,Arlington9,Arlington,AR2_5_7,258.375,NA,3.439
1,19/01/2022,AR2,Hot,_1191943,5,AR2_5,A. hyacinthus,8,AhyaMartin17,Martin17,Martin,AR2_5_8,212.018,NA,2.294
1,19/01/2022,AR2,Hot,_1191943,5,AR2_5,A. hyacinthus,10,AhyaDavies14,Davies14,Davies,AR2_5_10,477.291,NA,3.518
1,19/01/2022,AR2,Hot,_1191943,5,AR2_5,A. hyacinthus,11,AhyaPalms16,Palms16,Palms,AR2_5_11,322.276,NA,4.576
1,19/01/2022,AR2,Hot,_1191944,6,AR2_6,P. lutea,2,PlutPalms4,Palms4,Palms,AR2_6_2,214.619,NA,2.824
1,19/01/2022,AR2,Hot,_1191944,6,AR2_6,P. lutea,3,PlutMartin32,Martin32,Martin,AR2_6_3,532.56,NA,4.096
1,19/01/2022,AR2,Hot,_1191944,6,AR2_6,P. lutea,4,PlutMartin4,Martin4,Martin,AR2_6_4,281.572,NA,4.253
1,19/01/2022,AR2,Hot,_1191944,6,AR2_6,P. lutea,5,PlutArlington9,Arlington9,Arlington,AR2_6_5,313.827,NA,4.793
1,19/01/2022,AR2,Hot,_1191944,6,AR2_6,P. lutea,6,PlutMartin36,Martin36,Martin,AR2_6_6,483.542,NA,3.735
1,19/01/2022,AR2,Hot,_1191944,6,AR2_6,P. lutea,8,PlutWood14,Wood14,Wood,AR2_6_8,253.088,NA,3.89
1,19/01/2022,AR2,Hot,_1191944,6,AR2_6,P. lutea,9,PlutPalms23,Palms23,Palms,AR2_6_9,132.05,NA,3.385
1,19/01/2022,AR2,Hot,_1191944,6,AR2_6,P. lutea,10,PlutArlington6,Arlington6,Arlington,AR2_6_10,376.3,NA,4.514
1,19/01/2022,AR2,Hot,_1191944,6,AR2_6,P. lutea,11,PlutArlington19,Arlington19,Arlington,AR2_6_11,181.215,NA,4.226
1,19/01/2022,AR3,Hot,_1191945,1,AR3_1,A. hyacinthus,1,AhyaWood16,Wood16,Wood,AR3_1_1,245.373,89.913,3.339
1,19/01/2022,AR3,Hot,_1191945,1,AR3_1,A. hyacinthus,2,AhyaWood5A,Wood5A,Wood,AR3_1_2,204.119,93.729,3.165
1,19/01/2022,AR3,Hot,_1191945,1,AR3_1,A. hyacinthus,4,AhyaMartin3,Martin3,Martin,AR3_1_4,275.357,82.625,3.672
1,19/01/2022,AR3,Hot,_1191945,1,AR3_1,A. hyacinthus,5,AhyaWood17,Wood17,Wood,AR3_1_5,157.091,89.948,3.338
1,19/01/2022,AR3,Hot,_1191945,1,AR3_1,A. hyacinthus,6,AhyaPalms4,Palms4,Palms,AR3_1_6,263.686,75.5,3.998
1,19/01/2022,AR3,Hot,_1191945,1,AR3_1,A. hyacinthus,7,AhyaArlington6,Arlington6,Arlington,AR3_1_7,216.255,87.771,3.437
1,19/01/2022,AR3,Hot,_1191945,1,AR3_1,A. hyacinthus,8,AhyaPalms5,Palms5,Palms,AR3_1_8,215.632,83.256,3.644
1,19/01/2022,AR3,Hot,_1191945,1,AR3_1,A. hyacinthus,9,AhyaMartin13,Martin13,Martin,AR3_1_9,275.235,81.333,3.731
1,19/01/2022,AR3,Hot,_1191945,1,AR3_1,A. hyacinthus,11,AhyaDavies14,Davies14,Davies,AR3_1_11,NA,NA,NA
1,19/01/2022,AR3,Hot,_1191946,2,AR3_2,P. lutea,1,PlutDavies10,Davies10,Davies,AR3_2_1,304.463,68.961,4.228
1,19/01/2022,AR3,Hot,_1191946,2,AR3_2,P. lutea,2,PlutWood14,Wood14,Wood,AR3_2_2,132.844,89.993,3.294
1,19/01/2022,AR3,Hot,_1191946,2,AR3_2,P. lutea,3,PlutPalms3,Palms3,Palms,AR3_2_3,181.13,92.936,3.164
1,19/01/2022,AR3,Hot,_1191946,2,AR3_2,P. lutea,4,PlutArlington6,Arlington6,Arlington,AR3_2_4,394.015,69.459,4.206
1,19/01/2022,AR3,Hot,_1191946,2,AR3_2,P. lutea,5,PlutArlington1,Arlington1,Arlington,AR3_2_5,216.364,71.294,4.124
1,19/01/2022,AR3,Hot,_1191946,2,AR3_2,P. lutea,6,PlutDavies18,Davies18,Davies,AR3_2_6,320.994,103.43,2.698
1,19/01/2022,AR3,Hot,_1191946,2,AR3_2,P. lutea,7,PlutDavies3,Davies3,Davies,AR3_2_7,208.771,100.825,2.813
1,19/01/2022,AR3,Hot,_1191946,2,AR3_2,P. lutea,8,PlutDavies9,Davies9,Davies,AR3_2_8,348.659,63.448,4.473
1,19/01/2022,AR3,Hot,_1191946,2,AR3_2,P. lutea,9,PlutMartin19,Martin19,Martin,AR3_2_9,185.671,98.321,2.925
1,19/01/2022,AR3,Hot,_1191946,2,AR3_2,P. lutea,10,PlutArlington9,Arlington9,Arlington,AR3_2_10,348.049,72.268,4.081
1,19/01/2022,AR3,Hot,_1191946,2,AR3_2,P. lutea,11,PlutWood29,Wood29,Wood,AR3_2_11,144.039,86.158,3.464
1,19/01/2022,AR3,Hot,_1191947,3,AR3_3,A. hyacinthus,1,AhyaArlington11,Arlington11,Arlington,AR3_3_1,265.309,59.695,4.854
1,19/01/2022,AR3,Hot,_1191947,3,AR3_3,A. hyacinthus,2,AhyaDavies15,Davies15,Davies,AR3_3_2,382.416,60.673,4.809
1,19/01/2022,AR3,Hot,_1191947,3,AR3_3,A. hyacinthus,4,AhyaWood8,Wood8,Wood,AR3_3_4,247.888,87.868,3.563
1,19/01/2022,AR3,Hot,_1191947,3,AR3_3,A. hyacinthus,6,AhyaPalms10,Palms10,Palms,AR3_3_6,175.282,84.793,3.704
1,19/01/2022,AR3,Hot,_1191947,3,AR3_3,A. hyacinthus,7,AhyaPalms3,Palms3,Palms,AR3_3_7,323.411,70.887,4.341
1,19/01/2022,AR3,Hot,_1191947,3,AR3_3,A. hyacinthus,8,AhyaArlington1,Arlington1,Arlington,AR3_3_8,293.329,81.136,3.871
1,19/01/2022,AR3,Hot,_1191947,3,AR3_3,A. hyacinthus,9,AhyaMartin12,Martin12,Martin,AR3_3_9,270.694,93.611,3.3
1,19/01/2022,AR3,Hot,_1191947,3,AR3_3,A. hyacinthus,10,AhyaDavies12,Davies12,Davies,AR3_3_10,345.973,79.086,3.965
1,19/01/2022,AR3,Hot,_1191947,3,AR3_3,A. hyacinthus,11,AhyaDavies9,Davies9,Davies,AR3_3_11,295.282,77.37,4.044
1,19/01/2022,AR3,Hot,_1191948,4,AR3_4,P. lutea,1,PlutWood13,Wood13,Wood,AR3_4_1,317.954,73.296,4.209
1,19/01/2022,AR3,Hot,_1191948,4,AR3_4,P. lutea,2,PlutMartin14,Martin14,Martin,AR3_4_2,265.163,77.502,4.01
1,19/01/2022,AR3,Hot,_1191948,4,AR3_4,P. lutea,3,PlutDavies7,Davies7,Davies,AR3_4_3,310.091,99.537,2.968
1,19/01/2022,AR3,Hot,_1191948,4,AR3_4,P. lutea,4,PlutArlington16,Arlington16,Arlington,AR3_4_4,253.906,69.655,4.381
1,19/01/2022,AR3,Hot,_1191948,4,AR3_4,P. lutea,6,PlutPalms23,Palms23,Palms,AR3_4_6,273.868,70.215,4.354
1,19/01/2022,AR3,Hot,_1191948,4,AR3_4,P. lutea,7,PlutMartin36,Martin36,Martin,AR3_4_7,327.294,67.449,4.485
1,19/01/2022,AR3,Hot,_1191948,4,AR3_4,P. lutea,8,PlutMartin18,Martin18,Martin,AR3_4_8,156.48,91.174,3.364
1,19/01/2022,AR3,Hot,_1191948,4,AR3_4,P. lutea,9,PlutArlington12,Arlington12,Arlington,AR3_4_9,330.712,64.494,4.625
1,19/01/2022,AR3,Hot,_1191948,4,AR3_4,P. lutea,10,PlutPalms17,Palms17,Palms,AR3_4_10,337.012,60.511,4.813
1,19/01/2022,AR3,Hot,_1191948,4,AR3_4,P. lutea,11,PlutWood20,Wood20,Wood,AR3_4_11,59.262,85.845,3.616
1,19/01/2022,AR3,Hot,_1191950,5,AR3_5,A. hyacinthus,1,AhyaMartin11,Martin11,Martin,AR3_5_1,285.686,67.847,4.38
1,19/01/2022,AR3,Hot,_1191950,5,AR3_5,A. hyacinthus,3,AhyaArlington9,Arlington9,Arlington,AR3_5_3,371.612,85.55,3.557
1,19/01/2022,AR3,Hot,_1191950,5,AR3_5,A. hyacinthus,4,AhyaPalms16,Palms16,Palms,AR3_5_4,249.951,92.224,3.247
1,19/01/2022,AR3,Hot,_1191950,5,AR3_5,A. hyacinthus,5,AhyaDavies16,Davies16,Davies,AR3_5_5,238.475,92.09,3.253
1,19/01/2022,AR3,Hot,_1191950,5,AR3_5,A. hyacinthus,6,AhyaWood7A,Wood7A,Wood,AR3_5_6,233.127,92.672,3.226
1,19/01/2022,AR3,Hot,_1191950,5,AR3_5,A. hyacinthus,7,AhyaArlington10,Arlington10,Arlington,AR3_5_7,185.696,102.229,2.782
1,19/01/2022,AR3,Hot,_1191950,5,AR3_5,A. hyacinthus,8,AhyaMartin17,Martin17,Martin,AR3_5_8,293.121,100.336,2.869
1,19/01/2022,AR3,Hot,_1191950,5,AR3_5,A. hyacinthus,9,AhyaDavies18,Davies18,Davies,AR3_5_9,NA,NA,NA
1,19/01/2022,AR3,Hot,_1191950,5,AR3_5,A. hyacinthus,11,AhyaArlington8,Arlington8,Arlington,AR3_5_11,NA,NA,NA
1,19/01/2022,AR3,Hot,_1191951,6,AR3_6,P. lutea,1,PlutWood4,Wood4,Wood,AR3_6_1,306.783,52.442,5.127
1,19/01/2022,AR3,Hot,_1191951,6,AR3_6,P. lutea,3,PlutArlington19,Arlington19,Arlington,AR3_6_3,355.117,91.44,3.351
1,19/01/2022,AR3,Hot,_1191951,6,AR3_6,P. lutea,4,PlutMartin32,Martin32,Martin,AR3_6_4,348.171,75.933,4.058
1,19/01/2022,AR3,Hot,_1191951,6,AR3_6,P. lutea,5,PlutDavies1,Davies1,Davies,AR3_6_5,283.562,104.327,2.765
1,19/01/2022,AR3,Hot,_1191951,6,AR3_6,P. lutea,7,PlutPalms1,Palms1,Palms,AR3_6_7,255.982,97.508,3.075
1,19/01/2022,AR3,Hot,_1191951,6,AR3_6,P. lutea,8,PlutPalms20,Palms20,Palms,AR3_6_8,191.385,98.719,3.02
1,19/01/2022,AR3,Hot,_1191951,6,AR3_6,P. lutea,9,PlutMartin4,Martin4,Martin,AR3_6_9,350.38,83.173,3.728
1,19/01/2022,AR3,Hot,_1191951,6,AR3_6,P. lutea,10,PlutPalms4,Palms4,Palms,AR3_6_10,169.824,91.659,3.341
1,19/01/2022,AR4,Hot,_1191952,1,AR4_1,A. hyacinthus,1,AhyaPalms10,Palms10,Palms,AR4_1_1,333.984,NA,4.019
1,19/01/2022,AR4,Hot,_1191952,1,AR4_1,A. hyacinthus,3,AhyaArlington11,Arlington11,Arlington,AR4_1_3,239.036,NA,3.452
1,19/01/2022,AR4,Hot,_1191952,1,AR4_1,A. hyacinthus,4,AhyaDavies12,Davies12,Davies,AR4_1_4,345.363,NA,2.467
1,19/01/2022,AR4,Hot,_1191952,1,AR4_1,A. hyacinthus,5,AhyaArlington6,Arlington6,Arlington,AR4_1_5,234.36,NA,3.054
1,19/01/2022,AR4,Hot,_1191952,1,AR4_1,A. hyacinthus,6,AhyaPalms3,Palms3,Palms,AR4_1_6,307.259,NA,3.667
1,19/01/2022,AR4,Hot,_1191952,1,AR4_1,A. hyacinthus,7,AhyaWood8,Wood8,Wood,AR4_1_7,274.027,NA,3.066
1,19/01/2022,AR4,Hot,_1191952,1,AR4_1,A. hyacinthus,8,AhyaArlington8,Arlington8,Arlington,AR4_1_8,426.502,NA,2.669
1,19/01/2022,AR4,Hot,_1191952,1,AR4_1,A. hyacinthus,9,AhyaPalms4,Palms4,Palms,AR4_1_9,234.873,NA,3.596
1,19/01/2022,AR4,Hot,_1191952,1,AR4_1,A. hyacinthus,10,AhyaMartin11,Martin11,Martin,AR4_1_10,160.851,NA,3.575
1,19/01/2022,AR4,Hot,_1191953,2,AR4_2,P. lutea,1,PlutPalms17,Palms17,Palms,AR4_2_1,573.728,61.43,4.648
1,19/01/2022,AR4,Hot,_1191953,2,AR4_2,P. lutea,2,PlutWood13,Wood13,Wood,AR4_2_2,263.332,90.063,3.213
1,19/01/2022,AR4,Hot,_1191953,2,AR4_2,P. lutea,3,PlutPalms1,Palms1,Palms,AR4_2_3,361.649,57.191,4.861
1,19/01/2022,AR4,Hot,_1191953,2,AR4_2,P. lutea,4,PlutArlington6,Arlington6,Arlington,AR4_2_4,273.013,71.469,4.145
1,19/01/2022,AR4,Hot,_1191953,2,AR4_2,P. lutea,5,PlutDavies9,Davies9,Davies,AR4_2_5,72.069,96.172,2.906
1,19/01/2022,AR4,Hot,_1191953,2,AR4_2,P. lutea,6,PlutDavies18,Davies18,Davies,AR4_2_6,349.282,89.322,3.25
1,19/01/2022,AR4,Hot,_1191953,2,AR4_2,P. lutea,7,PlutArlington12,Arlington12,Arlington,AR4_2_7,311.862,73.326,4.052
1,19/01/2022,AR4,Hot,_1191953,2,AR4_2,P. lutea,8,PlutWood14,Wood14,Wood,AR4_2_8,255.872,63.874,4.526
1,19/01/2022,AR4,Hot,_1191953,2,AR4_2,P. lutea,9,PlutDavies10,Davies10,Davies,AR4_2_9,261.769,79.955,3.719
1,19/01/2022,AR4,Hot,_1191953,2,AR4_2,P. lutea,10,PlutArlington9,Arlington9,Arlington,AR4_2_10,377.081,62.88,4.576
1,19/01/2022,AR4,Hot,_1191953,2,AR4_2,P. lutea,11,PlutWood29,Wood29,Wood,AR4_2_11,347.939,73.294,4.053
1,19/01/2022,AR4,Hot,_1191954,3,AR4_3,A. hyacinthus,1,AhyaPalms5,Palms5,Palms,AR4_3_1,274.429,64.294,4.582
1,19/01/2022,AR4,Hot,_1191954,3,AR4_3,A. hyacinthus,2,AhyaWood5A,Wood5A,Wood,AR4_3_2,230.087,83.563,3.699
1,19/01/2022,AR4,Hot,_1191954,3,AR4_3,A. hyacinthus,4,AhyaPalms6,Palms6,Palms,AR4_3_4,348.549,86.936,3.544
1,19/01/2022,AR4,Hot,_1191954,3,AR4_3,A. hyacinthus,5,AhyaDavies15,Davies15,Davies,AR4_3_5,300.349,87.722,3.508
1,19/01/2022,AR4,Hot,_1191954,3,AR4_3,A. hyacinthus,6,AhyaWood17,Wood17,Wood,AR4_3_6,224.08,93.254,3.255
1,19/01/2022,AR4,Hot,_1191954,3,AR4_3,A. hyacinthus,7,AhyaDavies18,Davies18,Davies,AR4_3_7,270.01,119.72,2.043
1,19/01/2022,AR4,Hot,_1191954,3,AR4_3,A. hyacinthus,8,AhyaMartin12,Martin12,Martin,AR4_3_8,292.022,89.715,3.417
1,19/01/2022,AR4,Hot,_1191954,3,AR4_3,A. hyacinthus,9,AhyaMartin13,Martin13,Martin,AR4_3_9,317.111,87.476,3.52
1,19/01/2022,AR4,Hot,_1191954,3,AR4_3,A. hyacinthus,10,AhyaDavies14,Davies14,Davies,AR4_3_10,405.564,90.518,3.38
1,19/01/2022,AR4,Hot,_1191954,3,AR4_3,A. hyacinthus,11,AhyaArlington9,Arlington9,Arlington,AR4_3_11,247.631,82.131,3.765
1,19/01/2022,AR4,Hot,_1191955,4,AR4_4,P. lutea,2,PlutPalms3,Palms3,Palms,AR4_4_2,245.25,65.765,4.368
1,19/01/2022,AR4,Hot,_1191955,4,AR4_4,P. lutea,3,PlutArlington16,Arlington16,Arlington,AR4_4_3,402.024,57.494,4.753
1,19/01/2022,AR4,Hot,_1191955,4,AR4_4,P. lutea,4,PlutDavies7,Davies7,Davies,AR4_4_4,220.808,94.89,3.011
1,19/01/2022,AR4,Hot,_1191955,4,AR4_4,P. lutea,5,PlutMartin36,Martin36,Martin,AR4_4_5,364.555,80.058,3.702
1,19/01/2022,AR4,Hot,_1191955,4,AR4_4,P. lutea,7,PlutWood4,Wood4,Wood,AR4_4_7,260.109,65.701,4.371
1,19/01/2022,AR4,Hot,_1191955,4,AR4_4,P. lutea,8,PlutDavies3,Davies3,Davies,AR4_4_8,317.807,79.472,3.729
1,19/01/2022,AR4,Hot,_1191955,4,AR4_4,P. lutea,9,PlutMartin4,Martin4,Martin,AR4_4_9,358.475,54.986,4.87
1,19/01/2022,AR4,Hot,_1191955,4,AR4_4,P. lutea,11,PlutPalms4,Palms4,Palms,AR4_4_11,100.71,79.708,3.718
1,19/01/2022,AR4,Hot,_1191956,5,AR4_5,A. hyacinthus,1,AhyaMartin3,Martin3,Martin,AR4_5_1,260.804,71.775,4.138
1,19/01/2022,AR4,Hot,_1191956,5,AR4_5,A. hyacinthus,3,AhyaWood7A,Wood7A,Wood,AR4_5_3,94.569,95.241,3.126
1,19/01/2022,AR4,Hot,_1191956,5,AR4_5,A. hyacinthus,4,AhyaDavies16,Davies16,Davies,AR4_5_4,389.717,95.459,3.029
1,19/01/2022,AR4,Hot,_1191956,5,AR4_5,A. hyacinthus,5,AhyaMartin17,Martin17,Martin,AR4_5_5,246.02,115.416,2.095
1,19/01/2022,AR4,Hot,_1191956,5,AR4_5,A. hyacinthus,6,AhyaPalms16,Palms16,Palms,AR4_5_6,310.69,83.365,3.595
1,19/01/2022,AR4,Hot,_1191956,5,AR4_5,A. hyacinthus,7,AhyaArlington1,Arlington1,Arlington,AR4_5_7,343.91,90.679,3.253
1,19/01/2022,AR4,Hot,_1191956,5,AR4_5,A. hyacinthus,8,AhyaArlington10,Arlington10,Arlington,AR4_5_8,251.99,105.612,2.554
1,19/01/2022,AR4,Hot,_1191956,5,AR4_5,A. hyacinthus,9,AhyaWood16,Wood16,Wood,AR4_5_9,143.173,94.805,3.06
1,19/01/2022,AR4,Hot,_1191956,5,AR4_5,A. hyacinthus,10,AhyaDavies9,Davies9,Davies,AR4_5_10,207.66,92.049,3.189
1,19/01/2022,AR4,Hot,_1191957,6,AR4_6,P. lutea,1,PlutMartin14,Martin14,Martin,AR4_6_1,374.102,53.413,4.988
1,19/01/2022,AR4,Hot,_1191957,6,AR4_6,P. lutea,2,PlutMartin32,Martin32,Martin,AR4_6_2,264.028,66.699,4.365
1,19/01/2022,AR4,Hot,_1191957,6,AR4_6,P. lutea,3,PlutArlington1,Arlington1,Arlington,AR4_6_3,251.868,71.287,4.15
1,19/01/2022,AR4,Hot,_1191957,6,AR4_6,P. lutea,4,PlutMartin18,Martin18,Martin,AR4_6_4,227.474,72.637,4.086
1,19/01/2022,AR4,Hot,_1191957,6,AR4_6,P. lutea,5,PlutPalms23,Palms23,Palms,AR4_6_5,124.64,79.716,3.755
1,19/01/2022,AR4,Hot,_1191957,6,AR4_6,P. lutea,6,PlutMartin19,Martin19,Martin,AR4_6_6,305.672,64.545,4.466
1,19/01/2022,AR4,Hot,_1191957,6,AR4_6,P. lutea,7,PlutWood20,Wood20,Wood,AR4_6_7,169.678,99.727,2.817
1,19/01/2022,AR4,Hot,_1191957,6,AR4_6,P. lutea,8,PlutDavies1,Davies1,Davies,AR4_6_8,246.813,88.154,3.359
1,19/01/2022,AR4,Hot,_1191957,6,AR4_6,P. lutea,9,PlutArlington19,Arlington19,Arlington,AR4_6_9,212.714,71.797,4.126
1,19/01/2022,AR4,Hot,_1191957,6,AR4_6,P. lutea,11,PlutPalms20,Palms20,Palms,AR4_6_11,185.269,71.805,4.126
1,19/01/2022,AR5,Hot,_1191958,1,AR5_1,A. hyacinthus,1,AhyaArlington11,Arlington11,Arlington,AR5_1_1,218.635,65.893,4.377
1,19/01/2022,AR5,Hot,_1191958,1,AR5_1,A. hyacinthus,2,AhyaWood7A,Wood7A,Wood,AR5_1_2,60.421,95.529,3.137
1,19/01/2022,AR5,Hot,_1191958,1,AR5_1,A. hyacinthus,4,AhyaArlington6,Arlington6,Arlington,AR5_1_4,159.471,92.76,3.122
1,19/01/2022,AR5,Hot,_1191958,1,AR5_1,A. hyacinthus,5,AhyaArlington10,Arlington10,Arlington,AR5_1_5,275.272,105.688,2.518
1,19/01/2022,AR5,Hot,_1191958,1,AR5_1,A. hyacinthus,6,AhyaPalms4,Palms4,Palms,AR5_1_6,224.019,89.05,3.295
1,19/01/2022,AR5,Hot,_1191958,1,AR5_1,A. hyacinthus,7,AhyaArlington9,Arlington9,Arlington,AR5_1_7,162.365,94.317,3.049
1,19/01/2022,AR5,Hot,_1191958,1,AR5_1,A. hyacinthus,8,AhyaWood5A,Wood5A,Wood,AR5_1_8,192.533,95.811,2.98
1,19/01/2022,AR5,Hot,_1191958,1,AR5_1,A. hyacinthus,9,AhyaPalms3,Palms3,Palms,AR5_1_9,228.451,68.956,4.234
1,19/01/2022,AR5,Hot,_1191958,1,AR5_1,A. hyacinthus,10,AhyaDavies12,Davies12,Davies,AR5_1_10,284.929,91.939,3.16
1,19/01/2022,AR5,Hot,_1191958,1,AR5_1,A. hyacinthus,11,AhyaPalms10,Palms10,Palms,AR5_1_11,238.133,64.313,4.451
1,19/01/2022,AR5,Hot,_1191959,2,AR5_2,P. lutea,1,PlutWood4,Wood4,Wood,AR5_2_1,575.608,27.441,6.148
1,19/01/2022,AR5,Hot,_1191959,2,AR5_2,P. lutea,2,PlutMartin18,Martin18,Martin,AR5_2_2,371.196,55.894,4.816
1,19/01/2022,AR5,Hot,_1191959,2,AR5_2,P. lutea,3,PlutPalms4,Palms4,Palms,AR5_2_3,312.887,77.852,3.788
1,19/01/2022,AR5,Hot,_1191959,2,AR5_2,P. lutea,5,PlutMartin32,Martin32,Martin,AR5_2_5,326.598,57.455,4.743
1,19/01/2022,AR5,Hot,_1191959,2,AR5_2,P. lutea,6,PlutDavies10,Davies10,Davies,AR5_2_6,250.757,64.943,4.393
1,19/01/2022,AR5,Hot,_1191959,2,AR5_2,P. lutea,7,PlutArlington6,Arlington6,Arlington,AR5_2_7,221.773,86.719,3.373
1,19/01/2022,AR5,Hot,_1191959,2,AR5_2,P. lutea,8,PlutDavies9,Davies9,Davies,AR5_2_8,420.63,55.948,4.814
1,19/01/2022,AR5,Hot,_1191959,2,AR5_2,P. lutea,9,PlutPalms20,Palms20,Palms,AR5_2_9,161.425,107.806,2.386
1,19/01/2022,AR5,Hot,_1191959,2,AR5_2,P. lutea,10,PlutDavies1,Davies1,Davies,AR5_2_10,304.341,76.98,3.829
1,19/01/2022,AR5,Hot,_1191959,2,AR5_2,P. lutea,11,PlutWood29,Wood29,Wood,AR5_2_11,85.523,83.874,3.506
1,19/01/2022,AR5,Hot,_1191960,3,AR5_3,A. hyacinthus,2,AhyaDavies14,Davies14,Davies,AR5_3_2,383.869,84.514,3.439
1,19/01/2022,AR5,Hot,_1191960,3,AR5_3,A. hyacinthus,3,AhyaMartin13,Martin13,Martin,AR5_3_3,327.135,85.375,3.399
1,19/01/2022,AR5,Hot,_1191960,3,AR5_3,A. hyacinthus,4,AhyaArlington1,Arlington1,Arlington,AR5_3_4,224.483,79.578,3.668
1,19/01/2022,AR5,Hot,_1191960,3,AR5_3,A. hyacinthus,5,AhyaDavies9,Davies9,Davies,AR5_3_5,342.933,101.002,2.672
1,19/01/2022,AR5,Hot,_1191960,3,AR5_3,A. hyacinthus,7,AhyaWood16,Wood16,Wood,AR5_3_7,234.287,101.753,2.637
1,19/01/2022,AR5,Hot,_1191960,3,AR5_3,A. hyacinthus,8,AhyaWood17,Wood17,Wood,AR5_3_8,201.799,95.744,2.917
1,19/01/2022,AR5,Hot,_1191960,3,AR5_3,A. hyacinthus,9,AhyaMartin11,Martin11,Martin,AR5_3_9,233.908,83.695,3.477
1,19/01/2022,AR5,Hot,_1191960,3,AR5_3,A. hyacinthus,10,AhyaMartin3,Martin3,Martin,AR5_3_10,303.547,73.692,3.942
1,19/01/2022,AR5,Hot,_1191960,3,AR5_3,A. hyacinthus,11,AhyaDavies18,Davies18,Davies,AR5_3_11,497.631,96.979,2.859
1,19/01/2022,AR5,Hot,_1191961,4,AR5_4,P. lutea,1,PlutMartin19,Martin19,Martin,AR5_4_1,450.603,41.795,5.461
1,19/01/2022,AR5,Hot,_1191961,4,AR5_4,P. lutea,2,PlutWood20,Wood20,Wood,AR5_4_2,160.704,93.959,3.021
1,19/01/2022,AR5,Hot,_1191961,4,AR5_4,P. lutea,3,PlutArlington16,Arlington16,Arlington,AR5_4_3,264.638,71.222,4.085
1,19/01/2022,AR5,Hot,_1191961,4,AR5_4,P. lutea,4,PlutMartin36,Martin36,Martin,AR5_4_4,438.333,60.641,4.579
1,19/01/2022,AR5,Hot,_1191961,4,AR5_4,P. lutea,5,PlutMartin4,Martin4,Martin,AR5_4_5,409.08,65.28,4.362
1,19/01/2022,AR5,Hot,_1191961,4,AR5_4,P. lutea,6,PlutWood13,Wood13,Wood,AR5_4_6,216.279,76.178,3.853
1,19/01/2022,AR5,Hot,_1191961,4,AR5_4,P. lutea,7,PlutArlington9,Arlington9,Arlington,AR5_4_7,341.871,67.383,4.264
1,19/01/2022,AR5,Hot,_1191961,4,AR5_4,P. lutea,10,PlutDavies18,Davies18,Davies,AR5_4_10,203.753,95.817,2.935
1,19/01/2022,AR5,Hot,_1191961,4,AR5_4,P. lutea,11,PlutArlington12,Arlington12,Arlington,AR5_4_11,366.386,41.785,5.461
1,19/01/2022,AR5,Hot,_1191962,5,AR5_5,A. hyacinthus,2,AhyaMartin12,Martin12,Martin,AR5_5_2,406.919,70.195,4.184
1,19/01/2022,AR5,Hot,_1191962,5,AR5_5,A. hyacinthus,3,AhyaArlington8,Arlington8,Arlington,AR5_5_3,166.357,86.03,3.443
1,19/01/2022,AR5,Hot,_1191962,5,AR5_5,A. hyacinthus,4,AhyaPalms16,Palms16,Palms,AR5_5_4,239.879,83.667,3.554
1,19/01/2022,AR5,Hot,_1191962,5,AR5_5,A. hyacinthus,5,AhyaDavies16,Davies16,Davies,AR5_5_5,397.543,78.257,3.807
1,19/01/2022,AR5,Hot,_1191962,5,AR5_5,A. hyacinthus,6,AhyaWood8,Wood8,Wood,AR5_5_6,166.467,84.482,3.515
1,19/01/2022,AR5,Hot,_1191962,5,AR5_5,A. hyacinthus,7,AhyaPalms5,Palms5,Palms,AR5_5_7,239.305,89.06,3.301
1,19/01/2022,AR5,Hot,_1191962,5,AR5_5,A. hyacinthus,9,AhyaDavies15,Davies15,Davies,AR5_5_9,388.118,95.674,2.992
1,19/01/2022,AR5,Hot,_1191962,5,AR5_5,A. hyacinthus,11,AhyaMartin17,Martin17,Martin,AR5_5_11,516.078,88.108,3.346
1,19/01/2022,AR5,Hot,_1191963,6,AR5_6,P. lutea,1,PlutArlington19,Arlington19,Arlington,AR5_6_1,154.27,60.626,4.584
1,19/01/2022,AR5,Hot,_1191963,6,AR5_6,P. lutea,2,PlutArlington1,Arlington1,Arlington,AR5_6_2,192.411,67.03,4.274
1,19/01/2022,AR5,Hot,_1191963,6,AR5_6,P. lutea,4,PlutPalms3,Palms3,Palms,AR5_6_4,258.717,66.62,4.294
1,19/01/2022,AR5,Hot,_1191963,6,AR5_6,P. lutea,5,PlutPalms1,Palms1,Palms,AR5_6_5,238.243,67.548,4.249
1,19/01/2022,AR5,Hot,_1191963,6,AR5_6,P. lutea,6,PlutDavies7,Davies7,Davies,AR5_6_6,215.266,98.359,2.759
1,19/01/2022,AR5,Hot,_1191963,6,AR5_6,P. lutea,7,PlutDavies3,Davies3,Davies,AR5_6_7,161.645,100.769,2.642
1,19/01/2022,AR5,Hot,_1191963,6,AR5_6,P. lutea,8,PlutWood14,Wood14,Wood,AR5_6_8,212.336,60.822,4.574
1,19/01/2022,AR5,Hot,_1191963,6,AR5_6,P. lutea,9,PlutPalms17,Palms17,Palms,AR5_6_9,157.909,90.385,3.144
1,19/01/2022,AR5,Hot,_1191963,6,AR5_6,P. lutea,10,PlutPalms23,Palms23,Palms,AR5_6_10,238.255,51.324,5.034
1,19/01/2022,AR5,Hot,_1191963,6,AR5_6,P. lutea,11,PlutMartin14,Martin14,Martin,AR5_6_11,235.569,64.847,4.38
1,19/01/2022,AR6,Hot,_1191964,1,AR6_1,A. hyacinthus,2,AhyaWood8,Wood8,Wood,AR6_1_2,274.271,71.111,4.082
1,19/01/2022,AR6,Hot,_1191964,1,AR6_1,A. hyacinthus,3,AhyaArlington9,Arlington9,Arlington,AR6_1_3,180.153,78.388,3.746
1,19/01/2022,AR6,Hot,_1191964,1,AR6_1,A. hyacinthus,4,AhyaDavies9,Davies9,Davies,AR6_1_4,369.035,89.317,3.243
1,19/01/2022,AR6,Hot,_1191964,1,AR6_1,A. hyacinthus,5,AhyaArlington1,Arlington1,Arlington,AR6_1_5,385.432,69.565,4.153
1,19/01/2022,AR6,Hot,_1191964,1,AR6_1,A. hyacinthus,6,AhyaPalms4,Palms4,Palms,AR6_1_6,152.378,81.505,3.603
1,19/01/2022,AR6,Hot,_1191964,1,AR6_1,A. hyacinthus,7,AhyaWood7A,Wood7A,Wood,AR6_1_7,NA,NA,NA
1,19/01/2022,AR6,Hot,_1191964,1,AR6_1,A. hyacinthus,8,AhyaArlington11,Arlington11,Arlington,AR6_1_8,194.73,76.23,3.846
1,19/01/2022,AR6,Hot,_1191964,1,AR6_1,A. hyacinthus,9,AhyaArlington6,Arlington6,Arlington,AR6_1_9,157.408,79.785,3.682
1,19/01/2022,AR6,Hot,_1191964,1,AR6_1,A. hyacinthus,10,AhyaWood16,Wood16,Wood,AR6_1_10,249.023,77.127,3.805
1,19/01/2022,AR6,Hot,_1191964,1,AR6_1,A. hyacinthus,11,AhyaArlington10,Arlington10,Arlington,AR6_1_11,258.802,114.502,2.082
1,19/01/2022,AR6,Hot,_1191965,2,AR6_2,P. lutea,1,PlutArlington12,Arlington12,Arlington,AR6_2_1,351.418,47.08,5.163
1,19/01/2022,AR6,Hot,_1191965,2,AR6_2,P. lutea,2,PlutDavies1,Davies1,Davies,AR6_2_2,325.145,69.933,4.081
1,19/01/2022,AR6,Hot,_1191965,2,AR6_2,P. lutea,3,PlutWood4,Wood4,Wood,AR6_2_3,82.532,85.822,3.328
1,19/01/2022,AR6,Hot,_1191965,2,AR6_2,P. lutea,4,PlutArlington1,Arlington1,Arlington,AR6_2_4,88.172,85.578,3.34
1,19/01/2022,AR6,Hot,_1191965,2,AR6_2,P. lutea,5,PlutPalms23,Palms23,Palms,AR6_2_5,220.283,64.947,4.317
1,19/01/2022,AR6,Hot,_1191965,2,AR6_2,P. lutea,6,PlutPalms1,Palms1,Palms,AR6_2_6,145.053,87.059,3.27
1,19/01/2022,AR6,Hot,_1191965,2,AR6_2,P. lutea,7,PlutWood13,Wood13,Wood,AR6_2_7,197.758,96.739,2.811
1,19/01/2022,AR6,Hot,_1191965,2,AR6_2,P. lutea,8,PlutPalms17,Palms17,Palms,AR6_2_8,96.242,76.952,3.748
1,19/01/2022,AR6,Hot,_1191965,2,AR6_2,P. lutea,9,PlutPalms4,Palms4,Palms,AR6_2_9,333.691,84.361,3.397
1,19/01/2022,AR6,Hot,_1191965,2,AR6_2,P. lutea,10,PlutMartin19,Martin19,Martin,AR6_2_10,265.09,58.996,4.599
1,19/01/2022,AR6,Hot,_1191966,3,AR6_3,A. hyacinthus,1,AhyaDavies16,Davies16,Davies,AR6_3_1,361.747,60.335,4.464
1,19/01/2022,AR6,Hot,_1191966,3,AR6_3,A. hyacinthus,2,AhyaPalms3,Palms3,Palms,AR6_3_2,388.692,59.567,4.501
1,19/01/2022,AR6,Hot,_1191966,3,AR6_3,A. hyacinthus,3,AhyaDavies12,Davies12,Davies,AR6_3_3,434.939,100.77,2.538
1,19/01/2022,AR6,Hot,_1191966,3,AR6_3,A. hyacinthus,4,AhyaWood5A,Wood5A,Wood,AR6_3_4,237.876,106.049,2.286
1,19/01/2022,AR6,Hot,_1191966,3,AR6_3,A. hyacinthus,5,AhyaMartin13,Martin13,Martin,AR6_3_5,406.675,92.846,2.915
1,19/01/2022,AR6,Hot,_1191966,3,AR6_3,A. hyacinthus,7,AhyaDavies14,Davies14,Davies,AR6_3_7,227.084,84.635,3.306
1,19/01/2022,AR6,Hot,_1191966,3,AR6_3,A. hyacinthus,9,AhyaDavies18,Davies18,Davies,AR6_3_9,480.172,116.399,1.793
1,19/01/2022,AR6,Hot,_1191966,3,AR6_3,A. hyacinthus,10,AhyaPalms16,Palms16,Palms,AR6_3_10,223.946,66.69,4.161
1,19/01/2022,AR6,Hot,_1191966,3,AR6_3,A. hyacinthus,11,AhyaMartin12,Martin12,Martin,AR6_3_11,284.538,80.754,3.491
1,19/01/2022,AR6,Hot,_1191967,4,AR6_4,P. lutea,1,PlutWood14,Wood14,Wood,AR6_4_1,322.019,38.391,5.639
1,19/01/2022,AR6,Hot,_1191967,4,AR6_4,P. lutea,2,PlutMartin32,Martin32,Martin,AR6_4_2,378.021,77.321,3.85
1,19/01/2022,AR6,Hot,_1191967,4,AR6_4,P. lutea,3,PlutDavies18,Davies18,Davies,AR6_4_3,364.421,84.544,3.518
1,19/01/2022,AR6,Hot,_1191967,4,AR6_4,P. lutea,4,PlutDavies10,Davies10,Davies,AR6_4_4,284.16,82.791,3.598
1,19/01/2022,AR6,Hot,_1191967,4,AR6_4,P. lutea,5,PlutPalms3,Palms3,Palms,AR6_4_5,306.685,57.497,4.761
1,19/01/2022,AR6,Hot,_1191967,4,AR6_4,P. lutea,6,PlutArlington19,Arlington19,Arlington,AR6_4_6,322.007,76.043,3.909
1,19/01/2022,AR6,Hot,_1191967,4,AR6_4,P. lutea,7,PlutDavies3,Davies3,Davies,AR6_4_7,166.748,94.048,3.081
1,19/01/2022,AR6,Hot,_1191967,4,AR6_4,P. lutea,9,PlutWood20,Wood20,Wood,AR6_4_9,148.105,105.316,2.563
1,19/01/2022,AR6,Hot,_1191967,4,AR6_4,P. lutea,10,PlutMartin14,Martin14,Martin,AR6_4_10,225.79,96.563,2.965
1,19/01/2022,AR6,Hot,_1191967,4,AR6_4,P. lutea,11,PlutArlington16,Arlington16,Arlington,AR6_4_11,347.108,54.966,4.877
1,19/01/2022,AR6,Hot,_1191968,5,AR6_5,A. hyacinthus,1,AhyaPalms5,Palms5,Palms,AR6_5_1,291.961,68.934,4.179
1,19/01/2022,AR6,Hot,_1191968,5,AR6_5,A. hyacinthus,2,AhyaPalms10,Palms10,Palms,AR6_5_2,242.125,78.355,3.738
1,19/01/2022,AR6,Hot,_1191968,5,AR6_5,A. hyacinthus,4,AhyaMartin3,Martin3,Martin,AR6_5_4,185.806,90.984,3.147
1,19/01/2022,AR6,Hot,_1191968,5,AR6_5,A. hyacinthus,5,AhyaArlington8,Arlington8,Arlington,AR6_5_5,288.055,97.459,2.844
1,19/01/2022,AR6,Hot,_1191968,5,AR6_5,A. hyacinthus,6,AhyaPalms6,Palms6,Palms,AR6_5_6,287.566,76.561,3.822
1,19/01/2022,AR6,Hot,_1191968,5,AR6_5,A. hyacinthus,7,AhyaWood17,Wood17,Wood,AR6_5_7,261.281,92.574,3.073
1,19/01/2022,AR6,Hot,_1191968,5,AR6_5,A. hyacinthus,8,AhyaDavies15,Davies15,Davies,AR6_5_8,223.787,83.7,3.488
1,19/01/2022,AR6,Hot,_1191968,5,AR6_5,A. hyacinthus,9,AhyaMartin17,Martin17,Martin,AR6_5_9,287.444,105.268,2.479
1,19/01/2022,AR6,Hot,_1191968,5,AR6_5,A. hyacinthus,10,AhyaMartin11,Martin11,Martin,AR6_5_10,280.778,65.634,4.333
1,19/01/2022,AR6,Hot,_1191969,6,AR6_6,P. lutea,1,PlutWood29,Wood29,Wood,AR6_6_1,306.014,54.195,4.804
1,19/01/2022,AR6,Hot,_1191969,6,AR6_6,P. lutea,2,PlutMartin4,Martin4,Martin,AR6_6_2,341.505,45.105,5.23
1,19/01/2022,AR6,Hot,_1191969,6,AR6_6,P. lutea,3,PlutArlington9,Arlington9,Arlington,AR6_6_3,460.309,52.026,4.906
1,19/01/2022,AR6,Hot,_1191969,6,AR6_6,P. lutea,4,PlutArlington6,Arlington6,Arlington,AR6_6_4,308.614,69.02,4.11
1,19/01/2022,AR6,Hot,_1191969,6,AR6_6,P. lutea,5,PlutMartin18,Martin18,Martin,AR6_6_5,294.708,67.305,4.19
1,19/01/2022,AR6,Hot,_1191969,6,AR6_6,P. lutea,6,PlutDavies9,Davies9,Davies,AR6_6_6,128.009,88.426,3.2
1,19/01/2022,AR6,Hot,_1191969,6,AR6_6,P. lutea,8,PlutPalms20,Palms20,Palms,AR6_6_8,262.721,93.092,2.982
1,19/01/2022,AR6,Hot,_1191969,6,AR6_6,P. lutea,9,PlutMartin36,Martin36,Martin,AR6_6_9,208.978,61.401,4.467
1,19/01/2022,AR6,Hot,_1191969,6,AR6_6,P. lutea,10,PlutDavies7,Davies7,Davies,AR6_6_10,259.059,74.969,3.831
4,25/01/2022,AC1,Ambient,_1252183,1,,A. hyacinthus,1,AhyaMartin17,Martin17,Martin,AC1_1_1,396.566,101.764,2.966
4,25/01/2022,AC1,Ambient,_1252183,1,,A. hyacinthus,2,AhyaPalms5,Palms5,Palms,AC1_1_2,389.607,67.804,4.543
4,25/01/2022,AC1,Ambient,_1252183,1,,A. hyacinthus,3,AhyaArlington8,Arlington8,Arlington,AC1_1_3,310.629,82.159,3.876
4,25/01/2022,AC1,Ambient,_1252183,1,,A. hyacinthus,4,AhyaMartin11,Martin11,Martin,AC1_1_4,207.891,82.127,3.878
4,25/01/2022,AC1,Ambient,_1252183,1,,A. hyacinthus,5,AhyaArlington9,Arlington9,Arlington,AC1_1_5,261.39,99.793,3.057
4,25/01/2022,AC1,Ambient,_1252183,1,,A. hyacinthus,6,AhyaArlington1,Arlington1,Arlington,AC1_1_6,355.386,78.412,4.05
4,25/01/2022,AC1,Ambient,_1252183,1,,A. hyacinthus,7,AhyaWood17,Wood17,Wood,AC1_1_7,200.212,85.187,3.736
4,25/01/2022,AC1,Ambient,_1252183,1,,A. hyacinthus,9,AhyaPalms3,Palms3,Palms,AC1_1_9,223.958,73.045,4.3
4,25/01/2022,AC1,Ambient,_1252183,1,,A. hyacinthus,10,AhyaArlington6,Arlington6,Arlington,AC1_1_10,232.7,76.695,4.13
4,25/01/2022,AC1,Ambient,_1252183,1,,A. hyacinthus,11,AhyaDavies18,Davies18,Davies,AC1_1_11,381.916,64.708,4.687
4,25/01/2022,AC1,Ambient,_1252184,2,,P. lutea,1,PlutMartin36,Martin36,Martin,AC1_2_1,482.04,,5.369
4,25/01/2022,AC1,Ambient,_1252184,2,,P. lutea,2,PlutPalms20,Palms20,Palms,AC1_2_2,203.924,,4.757
4,25/01/2022,AC1,Ambient,_1252184,2,,P. lutea,3,PlutMartin14,Martin14,Martin,AC1_2_3,410.13,,4.647
4,25/01/2022,AC1,Ambient,_1252184,2,,P. lutea,4,PlutPalms23,Palms23,Palms,AC1_2_4,255.359,,4.706
4,25/01/2022,AC1,Ambient,_1252184,2,,P. lutea,5,PlutArlington16,Arlington16,Arlington,AC1_2_5,283.403,,4.978
4,25/01/2022,AC1,Ambient,_1252184,2,,P. lutea,7,PlutDavies1,Davies1,Davies,AC1_2_7,212.946,,2.817
4,25/01/2022,AC1,Ambient,_1252184,2,,P. lutea,8,PlutArlington9,Arlington9,Arlington,AC1_2_8,312.033,,4.43
4,25/01/2022,AC1,Ambient,_1252184,2,,P. lutea,9,PlutArlington12,Arlington12,Arlington,AC1_2_9,294.415,,4.637
4,25/01/2022,AC1,Ambient,_1252184,2,,P. lutea,11,PlutMartin4,Martin4,Martin,AC1_2_11,345.766,,5.845
4,25/01/2022,AC1,Ambient,_1252185,3,,A. hyacinthus,1,AhyaDavies15,Davies15,Davies,AC1_3_1,377.289,,4.152
4,25/01/2022,AC1,Ambient,_1252185,3,,A. hyacinthus,3,AhyaDavies14,Davies14,Davies,AC1_3_3,322.227,,3.501
4,25/01/2022,AC1,Ambient,_1252185,3,,A. hyacinthus,4,AhyaArlington10,Arlington10,Arlington,AC1_3_4,369.035,,3.571
4,25/01/2022,AC1,Ambient,_1252185,3,,A. hyacinthus,5,AhyaDavies9,Davies9,Davies,AC1_3_5,333.642,,3.341
4,25/01/2022,AC1,Ambient,_1252185,3,,A. hyacinthus,6,AhyaWood16,Wood16,Wood,AC1_3_6,305.94,,3.36
4,25/01/2022,AC1,Ambient,_1252185,3,,A. hyacinthus,7,AhyaMartin3,Martin3,Martin,AC1_3_7,260.853,,3.857
4,25/01/2022,AC1,Ambient,_1252185,3,,A. hyacinthus,8,AhyaPalms6,Palms6,Palms,AC1_3_8,332.336,,4.728
4,25/01/2022,AC1,Ambient,_1252185,3,,A. hyacinthus,10,AhyaWood8,Wood8,Wood,AC1_3_10,144.589,,4.325
4,25/01/2022,AC1,Ambient,_1252185,3,,A. hyacinthus,11,AhyaPalms4,Palms4,Palms,AC1_3_11,204.192,,4.776
4,25/01/2022,AC1,Ambient,_1252187,4,,P. lutea,1,PlutDavies10,Davies10,Davies,AC1_4_1,294.379,64.112,4.828
4,25/01/2022,AC1,Ambient,_1252187,4,,P. lutea,2,PlutArlington1,Arlington1,Arlington,AC1_4_2,294.769,57.069,5.161
4,25/01/2022,AC1,Ambient,_1252187,4,,P. lutea,3,PlutMartin18,Martin18,Martin,AC1_4_3,276.761,65.151,4.779
4,25/01/2022,AC1,Ambient,_1252187,4,,P. lutea,4,PlutWood14,Wood14,Wood,AC1_4_4,354.226,59.932,5.026
4,25/01/2022,AC1,Ambient,_1252187,4,,P. lutea,5,PlutDavies7,Davies7,Davies,AC1_4_5,285.515,85.861,3.8
4,25/01/2022,AC1,Ambient,_1252187,4,,P. lutea,6,PlutArlington6,Arlington6,Arlington,AC1_4_6,411.534,56.236,5.201
4,25/01/2022,AC1,Ambient,_1252187,4,,P. lutea,7,PlutDavies9,Davies9,Davies,AC1_4_7,147.629,84.812,3.85
4,25/01/2022,AC1,Ambient,_1252187,4,,P. lutea,8,PlutDavies18,Davies18,Davies,AC1_4_8,394.173,79.528,4.1
4,25/01/2022,AC1,Ambient,_1252187,4,,P. lutea,9,PlutMartin32,Martin32,Martin,AC1_4_9,404.832,54.58,5.279
4,25/01/2022,AC1,Ambient,_1252187,4,,P. lutea,10,PlutPalms17,Palms17,Palms,AC1_4_10,307.222,69.86,4.557
4,25/01/2022,AC1,Ambient,_1252187,4,,P. lutea,11,PlutPalms3,Palms3,Palms,AC1_4_11,185.208,62.829,4.889
4,25/01/2022,AC1,Ambient,_1252186,5,,A. hyacinthus,1,AhyaMartin12,Martin12,Martin,AC1_5_1,388.875,NA,5.255
4,25/01/2022,AC1,Ambient,_1252186,5,,A. hyacinthus,2,AhyaWood5A,Wood5A,Wood,AC1_5_2,325.78,NA,3.882
4,25/01/2022,AC1,Ambient,_1252186,5,,A. hyacinthus,3,AhyaWood7A,Wood7A,Wood,AC1_5_3,150.925,NA,4.043
4,25/01/2022,AC1,Ambient,_1252186,5,,A. hyacinthus,4,AhyaPalms10,Palms10,Palms,AC1_5_4,196.586,NA,3.333
4,25/01/2022,AC1,Ambient,_1252186,5,,A. hyacinthus,5,AhyaArlington11,Arlington11,Arlington,AC1_5_5,340.687,NA,3.614
4,25/01/2022,AC1,Ambient,_1252186,5,,A. hyacinthus,7,AhyaDavies16,Davies16,Davies,AC1_5_7,226.254,NA,3.596
4,25/01/2022,AC1,Ambient,_1252186,5,,A. hyacinthus,8,AhyaDavies12,Davies12,Davies,AC1_5_8,258.656,NA,3.512
4,25/01/2022,AC1,Ambient,_1252186,5,,A. hyacinthus,10,AhyaPalms16,Palms16,Palms,AC1_5_10,161.376,NA,3.927
4,25/01/2022,AC1,Ambient,_1252186,5,,A. hyacinthus,11,AhyaMartin13,Martin13,Martin,AC1_5_11,366.203,NA,4.289
4,25/01/2022,AC1,Ambient,_1252188,6,,P. lutea,1,PlutWood4,Wood4,Wood,AC1_6_1,318.43,51.337,5.34
4,25/01/2022,AC1,Ambient,_1252188,6,,P. lutea,4,PlutPalms1,Palms1,Palms,AC1_6_4,266.384,58.382,5.016
4,25/01/2022,AC1,Ambient,_1252188,6,,P. lutea,5,PlutWood20,Wood20,Wood,AC1_6_5,102.163,100.295,3.085
4,25/01/2022,AC1,Ambient,_1252188,6,,P. lutea,6,PlutWood29,Wood29,Wood,AC1_6_6,371.697,77.492,4.136
4,25/01/2022,AC1,Ambient,_1252188,6,,P. lutea,7,PlutWood13,Wood13,Wood,AC1_6_7,501.306,66.806,4.628
4,25/01/2022,AC1,Ambient,_1252188,6,,P. lutea,8,PlutDavies3,Davies3,Davies,AC1_6_8,82.947,66.613,4.637
4,25/01/2022,AC1,Ambient,_1252188,6,,P. lutea,9,PlutPalms4,Palms4,Palms,AC1_6_9,192.276,91.037,3.512
4,25/01/2022,AC1,Ambient,_1252188,6,,P. lutea,10,PlutMartin19,Martin19,Martin,AC1_6_10,311.666,59.363,4.971
4,25/01/2022,AC1,Ambient,_1252188,6,,P. lutea,11,PlutArlington19,Arlington19,Arlington,AC1_6_11,89.417,64.426,4.738
4,25/01/2022,AC2,Ambient,_1252177,1,,A. hyacinthus,2,AhyaDavies16,Davies16,Davies,AC2_1_2,520.864,82.41,3.866
4,25/01/2022,AC2,Ambient,_1252177,1,,A. hyacinthus,3,AhyaMartin17,Martin17,Martin,AC2_1_3,371.563,105.221,2.828
4,25/01/2022,AC2,Ambient,_1252177,1,,A. hyacinthus,4,AhyaWood8,Wood8,Wood,AC2_1_4,156.346,84.338,3.778
4,25/01/2022,AC2,Ambient,_1252177,1,,A. hyacinthus,5,AhyaWood16,Wood16,Wood,AC2_1_5,298.933,110.655,2.58
4,25/01/2022,AC2,Ambient,_1252177,1,,A. hyacinthus,6,AhyaArlington6,Arlington6,Arlington,AC2_1_6,155.528,116.828,2.299
4,25/01/2022,AC2,Ambient,_1252177,1,,A. hyacinthus,7,AhyaDavies14,Davies14,Davies,AC2_1_7,340.845,97.045,3.2
4,25/01/2022,AC2,Ambient,_1252177,1,,A. hyacinthus,8,AhyaArlington9,Arlington9,Arlington,AC2_1_8,348.525,80.777,3.941
4,25/01/2022,AC2,Ambient,_1252177,1,,A. hyacinthus,11,AhyaArlington1,Arlington1,Arlington,AC2_1_11,300.8,70.995,4.386
4,25/01/2022,AC2,Ambient,_1252178,2,,P. lutea,2,PlutMartin36,Martin36,Martin,AC2_2_2,412.67,58.668,4.977
4,25/01/2022,AC2,Ambient,_1252178,2,,P. lutea,3,PlutArlington16,Arlington16,Arlington,AC2_2_3,272.256,60.053,4.914
4,25/01/2022,AC2,Ambient,_1252178,2,,P. lutea,4,PlutMartin19,Martin19,Martin,AC2_2_4,311.776,72.782,4.336
4,25/01/2022,AC2,Ambient,_1252178,2,,P. lutea,5,PlutWood14,Wood14,Wood,AC2_2_5,267.434,73.554,4.301
4,25/01/2022,AC2,Ambient,_1252178,2,,P. lutea,6,PlutArlington9,Arlington9,Arlington,AC2_2_6,263.246,85.274,3.769
4,25/01/2022,AC2,Ambient,_1252178,2,,P. lutea,8,PlutDavies10,Davies10,Davies,AC2_2_8,432.082,74.023,4.28
4,25/01/2022,AC2,Ambient,_1252178,2,,P. lutea,9,PlutArlington19,Arlington19,Arlington,AC2_2_9,134.004,97.095,3.233
4,25/01/2022,AC2,Ambient,_1252178,2,,P. lutea,10,PlutPalms3,Palms3,Palms,AC2_2_10,271.951,76.363,4.174
4,25/01/2022,AC2,Ambient,_1252178,2,,P. lutea,11,PlutMartin14,Martin14,Martin,AC2_2_11,276.59,63.416,4.761
4,25/01/2022,AC2,Ambient,_1252179,3,,A. hyacinthus,1,AhyaDavies15,Davies15,Davies,AC2_3_1,257.386,66.134,4.601
4,25/01/2022,AC2,Ambient,_1252179,3,,A. hyacinthus,3,AhyaMartin11,Martin11,Martin,AC2_3_3,132.649,90.516,3.494
4,25/01/2022,AC2,Ambient,_1252179,3,,A. hyacinthus,4,AhyaMart3,Martin3,Martin,AC2_3_4,177.797,82.101,3.876
4,25/01/2022,AC2,Ambient,_1252179,3,,A. hyacinthus,6,AhyaDavies12,Davies12,Davies,AC2_3_6,458.807,110.304,2.596
4,25/01/2022,AC2,Ambient,_1252179,3,,A. hyacinthus,7,AhyaDavies18,Davies18,Davies,AC2_3_7,427.992,94.137,3.33
4,25/01/2022,AC2,Ambient,_1252179,3,,A. hyacinthus,8,AhyaMartin13,Martin13,Martin,AC2_3_8,349.062,81.225,3.916
4,25/01/2022,AC2,Ambient,_1252179,3,,A. hyacinthus,9,AhyaWood7A,Wood7A,Wood,AC2_3_9,109.22,121.594,2.084
4,25/01/2022,AC2,Ambient,_1252179,3,,A. hyacinthus,10,AhyaPalms6,Palms6,Palms,AC2_3_10,263.442,75.429,4.179
4,25/01/2022,AC2,Ambient,_1252179,3,,A. hyacinthus,11,AhyaPalms3,Palms3,Palms,AC2_3_11,255.396,59.305,4.911
4,25/01/2022,AC2,Ambient,_1252180,4,,P. lutea,1,PlutWood13,Wood13,Wood,AC2_4_1,357.462,57.91,4.94
4,25/01/2022,AC2,Ambient,_1252180,4,,P. lutea,3,PlutPalms1,Palms1,Palms,AC2_4_3,277.531,67.345,4.506
4,25/01/2022,AC2,Ambient,_1252180,4,,P. lutea,4,PlutPalms4,Palms4,Palms,AC2_4_4,228.5,96.678,3.157
4,25/01/2022,AC2,Ambient,_1252180,4,,P. lutea,5,PlutPalms20,Palms20,Palms,AC2_4_5,198.552,107.681,2.651
4,25/01/2022,AC2,Ambient,_1252180,4,,P. lutea,7,PlutDavies7,Davies7,Davies,AC2_4_7,325.194,87.628,3.573
4,25/01/2022,AC2,Ambient,_1252180,4,,P. lutea,8,PlutPalms23,Palms23,Palms,AC2_4_8,230.49,66.799,4.531
4,25/01/2022,AC2,Ambient,_1252180,4,,P. lutea,9,PlutWood29,Wood29,Wood,AC2_4_9,272.476,91.333,3.403
4,25/01/2022,AC2,Ambient,_1252180,4,,P. lutea,10,PlutDavies3,Davies3,Davies,AC2_4_10,311.093,111.084,2.495
4,25/01/2022,AC2,Ambient,_1252180,4,,P. lutea,11,PlutMartin32,Martin32,Martin,AC2_4_11,353.897,54.85,5.08
4,25/01/2022,AC2,Ambient,_1252181,5,,A. hyacinthus,1,AhyaWood17,Wood17,Wood,AC2_5_1,465.729,86.843,3.647
4,25/01/2022,AC2,Ambient,_1252181,5,,A. hyacinthus,2,AhyaArlington8,Arlington8,Arlington,AC2_5_2,284.88,84.321,3.764
4,25/01/2022,AC2,Ambient,_1252181,5,,A. hyacinthus,3,AhyaArlington11,Arlington11,Arlington,AC2_5_3,230.405,84.012,3.778
4,25/01/2022,AC2,Ambient,_1252181,5,,A. hyacinthus,4,AhyaMartin12,Martin12,Martin,AC2_5_4,312.13,91.53,3.429
4,25/01/2022,AC2,Ambient,_1252181,5,,A. hyacinthus,5,AhyaPalms16,Palms16,Palms,AC2_5_5,248.058,84.558,3.753
4,25/01/2022,AC2,Ambient,_1252181,5,,A. hyacinthus,6,AhyaArlington10,Arlington10,Arlington,AC2_5_6,195.524,103.578,2.87
4,25/01/2022,AC2,Ambient,_1252181,5,,A. hyacinthus,7,AhyaDavies9,Davies9,Davies,AC2_5_7,302.827,109.812,2.58
4,25/01/2022,AC2,Ambient,_1252181,5,,A. hyacinthus,8,AhyaPalms10,Palms10,Palms,AC2_5_8,265.981,80.506,3.941
4,25/01/2022,AC2,Ambient,_1252181,5,,A. hyacinthus,9,AhyaPalms5,Palms5,Palms,AC2_5_9,365.007,80.152,3.958
4,25/01/2022,AC2,Ambient,_1252181,5,,A. hyacinthus,10,AhyaWood5A,Wood5A,Wood,AC2_5_10,299.458,88.394,3.575
4,25/01/2022,AC2,Ambient,_1252181,5,,A. hyacinthus,11,AhyaPalms4,Palms4,Palms,AC2_5_11,290.826,65.574,4.635
4,25/01/2022,AC2,Ambient,_1252182,6,,P. lutea,1,PlutWood4,Wood4,Wood,AC2_6_1,323.826,54.989,5.158
4,25/01/2022,AC2,Ambient,_1252182,6,,P. lutea,2,PlutArlington1,Arlington1,Arlington,AC2_6_2,147.543,72.858,4.31
4,25/01/2022,AC2,Ambient,_1252182,6,,P. lutea,3,PlutDavies1,Davies1,Davies,AC2_6_3,357.608,86.948,3.699
4,25/01/2022,AC2,Ambient,_1252182,6,,P. lutea,4,PlutArlington6,Arlington6,Arlington,AC2_6_4,325.194,71.422,4.303
4,25/01/2022,AC2,Ambient,_1252182,6,,P. lutea,5,PlutDavies9,Davies9,Davies,AC2_6_5,221.639,73.265,4.133
4,25/01/2022,AC2,Ambient,_1252182,6,,P. lutea,6,PlutWood20,Wood20,Wood,AC2_6_6,122.1,110.974,2.568
4,25/01/2022,AC2,Ambient,_1252182,6,,P. lutea,7,PlutMartin4,Martin4,Martin,AC2_6_7,236.912,72.102,4.502
4,25/01/2022,AC2,Ambient,_1252182,6,,P. lutea,8,PlutPalms17,Palms17,Palms,AC2_6_8,249.926,80.973,3.9
4,25/01/2022,AC2,Ambient,_1252182,6,,P. lutea,9,PlutArlington12,Arlington12,Arlington,AC2_6_9,136.092,103.773,2.999
4,25/01/2022,AC2,Ambient,_1252182,6,,P. lutea,10,PlutDavies18,Davies18,Davies,AC2_6_10,226.522,110.925,2.603
4,25/01/2022,AC2,Ambient,_1252182,6,,P. lutea,11,PlutMartin18,Martin18,Martin,AC2_6_11,329.064,48.538,5.496
4,25/01/2022,AC3,Ambient,_1252153,1,,A. hyacinthus,1,AhyaWood17,Wood17,Wood,AC3_1_1,219.331,74.407,4.26
4,25/01/2022,AC3,Ambient,_1252153,1,,A. hyacinthus,2,AhyaMartin13,Martin13,Martin,AC3_1_2,379.608,78.295,4.083
4,25/01/2022,AC3,Ambient,_1252153,1,,A. hyacinthus,3,AhyaArlington8,Arlington8,Arlington,AC3_1_3,244.115,144.989,1.045
4,25/01/2022,AC3,Ambient,_1252153,1,,A. hyacinthus,5,AhyaWood16,Wood16,Wood,AC3_1_5,175.453,95.712,3.289
4,25/01/2022,AC3,Ambient,_1252153,1,,A. hyacinthus,6,AhyaArlington1,Arlington1,Arlington,AC3_1_6,211.334,90.357,3.533
4,25/01/2022,AC3,Ambient,_1252153,1,,A. hyacinthus,7,AhyaPalms5,Palms5,Palms,AC3_1_7,247.936,90.499,3.527
4,25/01/2022,AC3,Ambient,_1252153,1,,A. hyacinthus,8,AhyaMartin11,Martin11,Martin,AC3_1_8,139.51,93.683,3.382
4,25/01/2022,AC3,Ambient,_1252153,1,,A. hyacinthus,10,AhyaPalms16,Palms16,Palms,AC3_1_10,144.235,80.455,3.984
4,25/01/2022,AC3,Ambient,_1252153,1,,A. hyacinthus,11,AhyaArlington10,Arlington10,Arlington,AC3_1_11,358.17,94.687,3.336
4,25/01/2022,AC3,Ambient,_1252154,2,,P. lutea,1,PlutArlington6,Arlington6,Arlington,AC3_2_1,365.165,57.424,5.212
4,25/01/2022,AC3,Ambient,_1252154,2,,P. lutea,2,PlutDavies18,Davies18,Davies,AC3_2_2,176.82,90.395,3.68
4,25/01/2022,AC3,Ambient,_1252154,2,,P. lutea,4,PlutMartin32,Martin32,Martin,AC3_2_4,179.067,99.081,3.276
4,25/01/2022,AC3,Ambient,_1252154,2,,P. lutea,5,PlutArlington12,Arlington12,Arlington,AC3_2_5,251.453,81.725,4.083
4,25/01/2022,AC3,Ambient,_1252154,2,,P. lutea,6,PlutWood4,Wood4,Wood,AC3_2_6,371.99,63.589,4.925
4,25/01/2022,AC3,Ambient,_1252154,2,,P. lutea,7,PlutPalms17,Palms17,Palms,AC3_2_7,367.009,69.083,4.67
4,25/01/2022,AC3,Ambient,_1252154,2,,P. lutea,8,PlutMartin18,Martin18,Martin,AC3_2_8,378.766,87.295,3.824
4,25/01/2022,AC3,Ambient,_1252154,2,,P. lutea,10,PlutMartin14,Martin14,Martin,AC3_2_10,300.129,67.332,4.751
4,25/01/2022,AC3,Ambient,_1252154,2,,P. lutea,11,PlutPalms1,Palms1,Palms,AC3_2_11,240.843,50.613,5.528
4,25/01/2022,AC3,Ambient,_1252155,3,,A. hyacinthus,1,AhyaDavies12,Davies12,Davies,AC3_3_1,270.523,91.998,3.478
4,25/01/2022,AC3,Ambient,_1252155,3,,A. hyacinthus,2,AhyaWood5A,Wood5A,Wood,AC3_3_2,244.115,83.777,3.849
4,25/01/2022,AC3,Ambient,_1252155,3,,A. hyacinthus,4,AhyaMartin17,Martin17,Martin,AC3_3_4,298.322,128.841,1.811
4,25/01/2022,AC3,Ambient,_1252155,3,,A. hyacinthus,5,AhyaWood7A,Wood7A,Wood,AC3_3_5,123.431,102.393,3.007
4,25/01/2022,AC3,Ambient,_1252155,3,,A. hyacinthus,6,AhyaPalms3,Palms3,Palms,AC3_3_6,414.843,85.39,3.776
4,25/01/2022,AC3,Ambient,_1252155,3,,A. hyacinthus,7,AhyaPalms4,Palms4,Palms,AC3_3_7,229.709,81.567,3.949
4,25/01/2022,AC3,Ambient,_1252155,3,,A. hyacinthus,8,AhyaMartin12,Martin12,Martin,AC3_3_8,249.328,88.757,3.624
4,25/01/2022,AC3,Ambient,_1252155,3,,A. hyacinthus,9,AhyaDavies18,Davies18,Davies,AC3_3_9,379.254,99.842,3.123
4,25/01/2022,AC3,Ambient,_1252155,3,,A. hyacinthus,11,AhyaDavies15,Davies15,Davies,AC3_3_11,270.974,72.687,4.351
4,25/01/2022,AC3,Ambient,_1252156,4,,P. lutea,1,PlutMartin36,Martin36,Martin,AC3_4_1,477.535,46.204,5.595
4,25/01/2022,AC3,Ambient,_1252156,4,,P. lutea,2,PlutPalms4,Palms4,Palms,AC3_4_2,504.956,65.495,4.722
4,25/01/2022,AC3,Ambient,_1252156,4,,P. lutea,4,PlutArlington16,Arlington16,Arlington,AC3_4_4,297.529,62.967,4.836
4,25/01/2022,AC3,Ambient,_1252156,4,,P. lutea,5,PlutMartin19,Martin19,Martin,AC3_4_5,340.113,72.231,4.417
4,25/01/2022,AC3,Ambient,_1252156,4,,P. lutea,6,PlutPalms23,Palms23,Palms,AC3_4_6,243.224,93.175,3.469
4,25/01/2022,AC3,Ambient,_1252156,4,,P. lutea,7,PlutArlington9,Arlington9,Arlington,AC3_4_7,321.006,80.786,4.03
4,25/01/2022,AC3,Ambient,_1252156,4,,P. lutea,8,PlutDavies9,Davies9,Davies,AC3_4_8,215.498,67.221,4.644
4,25/01/2022,AC3,Ambient,_1252156,4,,P. lutea,9,PlutWood29,Wood29,Wood,AC3_4_9,334.619,83.535,3.905
4,25/01/2022,AC3,Ambient,_1252156,4,,P. lutea,10,PlutArlington19,Arlington19,Arlington,AC3_4_10,398.483,73.997,4.337
4,25/01/2022,AC3,Ambient,_1252156,4,,P. lutea,11,PlutPalms3,Palms3,Palms,AC3_4_11,207.22,66.206,4.69
4,25/01/2022,AC3,Ambient,_1252157,5,,A. hyacinthus,1,AhyaMartin3,Martin3,Martin,AC3_5_1,182.644,69.631,4.519
4,25/01/2022,AC3,Ambient,_1252157,5,,A. hyacinthus,2,AhyaArlington6,Arlington6,Arlington,AC3_5_2,255.457,77.468,4.157
4,25/01/2022,AC3,Ambient,_1252157,5,,A. hyacinthus,3,AhyaArlington9,Arlington9,Arlington,AC3_5_3,190.995,96.706,3.268
4,25/01/2022,AC3,Ambient,_1252157,5,,A. hyacinthus,4,AhyaDavies16,Davies16,Davies,AC3_5_4,221.553,88.707,3.637
4,25/01/2022,AC3,Ambient,_1252157,5,,A. hyacinthus,5,AhyaWood8,Wood8,Wood,AC3_5_5,129.206,85.495,3.786
4,25/01/2022,AC3,Ambient,_1252157,5,,A. hyacinthus,6,AhyaDavies9,Davies9,Davies,AC3_5_6,258.326,94.17,3.385
4,25/01/2022,AC3,Ambient,_1252157,5,,A. hyacinthus,7,AhyaPalms10,Palms10,Palms,AC3_5_7,252.441,77.208,4.169
4,25/01/2022,AC3,Ambient,_1252157,5,,A. hyacinthus,9,AhyaArlington11,Arlington11,Arlington,AC3_5_9,173.621,89.379,3.606
4,25/01/2022,AC3,Ambient,_1252157,5,,A. hyacinthus,10,AhyaDavies14,Davies14,Davies,AC3_5_10,363.297,96.331,3.285
4,25/01/2022,AC3,Ambient,_1252157,5,,A. hyacinthus,11,AhyaPalms6,Palms6,Palms,AC3_5_11,282.609,81.795,3.957
4,25/01/2022,AC3,Ambient,_1252158,6,,P. lutea,1,PlutDavies7,Davies7,Davies,AC3_6_1,275.895,75.052,4.325
4,25/01/2022,AC3,Ambient,_1252158,6,,P. lutea,2,PlutDavies10,Davies10,Davies,AC3_6_2,217.451,67.978,4.648
4,25/01/2022,AC3,Ambient,_1252158,6,,P. lutea,4,PlutDavies3,Davies3,Davies,AC3_6_4,214.692,107.117,2.857
4,25/01/2022,AC3,Ambient,_1252158,6,,P. lutea,5,PlutMartin4,Martin4,Martin,AC3_6_5,396.286,56.715,5.164
4,25/01/2022,AC3,Ambient,_1252158,6,,P. lutea,6,PlutDavies1,Davies1,Davies,AC3_6_6,279.142,82.927,3.964
4,25/01/2022,AC3,Ambient,_1252158,6,,P. lutea,7,PlutPalms20,Palms20,Palms,AC3_6_7,178.676,86.911,3.782
4,25/01/2022,AC3,Ambient,_1252158,6,,P. lutea,8,PlutWood14,Wood14,Wood,AC3_6_8,242.882,69.421,4.582
4,25/01/2022,AC3,Ambient,_1252158,6,,P. lutea,9,PlutArlington1,Arlington1,Arlington,AC3_6_9,163.708,77.94,4.192
4,25/01/2022,AC3,Ambient,_1252158,6,,P. lutea,11,PlutWood13,Wood13,Wood,AC3_6_11,287.53,78.981,4.145
4,25/01/2022,AC4,Ambient,_1252159,1,,A. hyacinthus,1,AhyaWood7A,Wood7A,Wood,AC4_1_1,181.679,73.278,4.376
4,25/01/2022,AC4,Ambient,_1252159,1,,A. hyacinthus,2,AhyaArlington11,Arlington11,Arlington,AC4_1_2,252.1,67.577,4.638
4,25/01/2022,AC4,Ambient,_1252159,1,,A. hyacinthus,3,AhyaDavies12,Davies12,Davies,AC4_1_3,324.595,96.679,3.299
4,25/01/2022,AC4,Ambient,_1252159,1,,A. hyacinthus,5,AhyaPalms3,Palms3,Palms,AC4_1_5,306.636,79.341,4.097
4,25/01/2022,AC4,Ambient,_1252159,1,,A. hyacinthus,6,AhyaWood17,Wood17,Wood,AC4_1_6,315.097,89.814,3.615
4,25/01/2022,AC4,Ambient,_1252159,1,,A. hyacinthus,7,AhyaPalms6,Palms6,Palms,AC4_1_7,296.186,68.873,4.578
4,25/01/2022,AC4,Ambient,_1252159,1,,A. hyacinthus,8,AhyaArlington1,Arlington1,Arlington,AC4_1_8,161.388,80.322,4.051
4,25/01/2022,AC4,Ambient,_1252159,1,,A. hyacinthus,9,AhyaWood8,Wood8,Wood,AC4_1_9,260.988,84.036,3.88
4,25/01/2022,AC4,Ambient,_1252159,1,,A. hyacinthus,10,AhyaPalms5,Palms5,Palms,AC4_1_10,209.723,69.901,4.531
4,25/01/2022,AC4,Ambient,_1252159,1,,A. hyacinthus,11,AhyaPalms16,Palms16,Palms,AC4_1_11,144.076,66.146,4.704
4,25/01/2022,AC4,Ambient,_1252160,2,,P. lutea,1,PlutMartin14,Martin14,Martin,AC4_2_1,232.346,61.821,4.946
4,25/01/2022,AC4,Ambient,_1252160,2,,P. lutea,3,PlutMartin4,Martin4,Martin,AC4_2_3,272.183,59.846,5.036
4,25/01/2022,AC4,Ambient,_1252160,2,,P. lutea,4,PlutPalms1,Palms1,Palms,AC4_2_4,253.369,63.4,4.875
4,25/01/2022,AC4,Ambient,_1252160,2,,P. lutea,5,PlutWood14,Wood14,Wood,AC4_2_5,336.06,68.151,4.66
4,25/01/2022,AC4,Ambient,_1252160,2,,P. lutea,6,PlutWood29,Wood29,Wood,AC4_2_6,278.764,87.658,3.777
4,25/01/2022,AC4,Ambient,_1252160,2,,P. lutea,7,PlutDavies9,Davies9,Davies,AC4_2_7,220.637,64.343,4.832
4,25/01/2022,AC4,Ambient,_1252160,2,,P. lutea,8,PlutPalms17,Palms17,Palms,AC4_2_8,330.199,67.719,4.679
4,25/01/2022,AC4,Ambient,_1252160,2,,P. lutea,9,PlutPalms23,Palms23,Palms,AC4_2_9,320.982,71.661,4.501
4,25/01/2022,AC4,Ambient,_1252160,2,,P. lutea,10,PlutPalms20,Palms20,Palms,AC4_2_10,212.616,81.639,4.049
4,25/01/2022,AC4,Ambient,_1252161,3,,A. hyacinthus,1,AhyaMartin3,Martin3,Martin,AC4_3_1,278.361,71.357,4.44
4,25/01/2022,AC4,Ambient,_1252161,3,,A. hyacinthus,3,AhyaDavies18,Davies18,Davies,AC4_3_3,524.783,97.044,3.262
4,25/01/2022,AC4,Ambient,_1252161,3,,A. hyacinthus,4,AhyaDavies14,Davies14,Davies,AC4_3_4,336.816,93.918,3.405
4,25/01/2022,AC4,Ambient,_1252161,3,,A. hyacinthus,5,AhyaWood16,Wood16,Wood,AC4_3_5,198.027,88.13,3.67
4,25/01/2022,AC4,Ambient,_1252161,3,,A. hyacinthus,6,AhyaArlington9,Arlington9,Arlington,AC4_3_6,259.437,97.831,3.226
4,25/01/2022,AC4,Ambient,_1252161,3,,A. hyacinthus,7,AhyaWood5A,Wood5A,Wood,AC4_3_7,314.389,89.992,3.585
4,25/01/2022,AC4,Ambient,_1252161,3,,A. hyacinthus,8,AhyaPalms10,Palms10,Palms,AC4_3_8,159.532,76.009,4.226
4,25/01/2022,AC4,Ambient,_1252161,3,,A. hyacinthus,9,AhyaArlington6,Arlington6,Arlington,AC4_3_9,190.995,76.285,4.214
4,25/01/2022,AC4,Ambient,_1252161,3,,A. hyacinthus,10,AhyaArlington10,Arlington10,Arlington,AC4_3_10,135.115,102.043,3.032
4,25/01/2022,AC4,Ambient,_1252162,4,,P. lutea,1,PlutWood13,Wood13,Wood,AC4_4_1,372.906,61.939,5.379
4,25/01/2022,AC4,Ambient,_1252162,4,,P. lutea,2,PlutPalms3,Palms3,Palms,AC4_4_2,350.637,51.628,5.894
4,25/01/2022,AC4,Ambient,_1252162,4,,P. lutea,5,PlutArlington19,Arlington19,Arlington,AC4_4_5,230.514,65.404,5.205
4,25/01/2022,AC4,Ambient,_1252162,4,,P. lutea,6,PlutArlington6,Arlington6,Arlington,AC4_4_6,276.81,70.256,4.963
4,25/01/2022,AC4,Ambient,_1252162,4,,P. lutea,7,PlutMartin19,Martin19,Martin,AC4_4_7,267.055,67.641,5.093
4,25/01/2022,AC4,Ambient,_1252162,4,,P. lutea,8,PlutPalms4,Palms4,Palms,AC4_4_8,352.273,78.821,4.534
4,25/01/2022,AC4,Ambient,_1252162,4,,P. lutea,9,PlutMartin18,Martin18,Martin,AC4_4_9,424.122,63.623,5.294
4,25/01/2022,AC4,Ambient,_1252162,4,,P. lutea,10,PlutDavies18,Davies18,Davies,AC4_4_10,326.903,71.224,4.914
4,25/01/2022,AC4,Ambient,_1252162,4,,P. lutea,11,PlutArlington12,Arlington12,Arlington,AC4_4_11,103.079,56.071,5.672
4,25/01/2022,AC4,Ambient,_1252163,5,,A. hyacinthus,1,AhyaMartin13,Martin13,Martin,AC4_5_1,310.69,70.797,4.841
4,25/01/2022,AC4,Ambient,_1252163,5,,A. hyacinthus,3,AhyaArlington8,Arlington8,Arlington,AC4_5_3,265.957,84.955,4.144
4,25/01/2022,AC4,Ambient,_1252163,5,,A. hyacinthus,4,AhyaDavies9,Davies9,Davies,AC4_5_4,383.686,93.299,3.733
4,25/01/2022,AC4,Ambient,_1252163,5,,A. hyacinthus,6,AhyaPalms4,Palms4,Palms,AC4_5_6,208.319,83.23,4.229
4,25/01/2022,AC4,Ambient,_1252163,5,,A. hyacinthus,7,AhyaDavies15,Davies15,Davies,AC4_5_7,365.336,75.498,4.61
4,25/01/2022,AC4,Ambient,_1252163,5,,A. hyacinthus,8,AhyaMartin12,Martin12,Martin,AC4_5_8,283.476,80.055,4.385
4,25/01/2022,AC4,Ambient,_1252163,5,,A. hyacinthus,9,AhyaDavies16,Davies16,Davies,AC4_5_9,324.876,84.198,4.181
4,25/01/2022,AC4,Ambient,_1252163,5,,A. hyacinthus,10,AhyaMartin17,Martin17,Martin,AC4_5_10,142.477,92.852,3.755
4,25/01/2022,AC4,Ambient,_1252163,5,,A. hyacinthus,11,AhyaMartin11,Martin11,Martin,AC4_5_11,288.055,75.52,4.608
4,25/01/2022,AC4,Ambient,_1252164,6,,P. lutea,1,PlutArlington1,Arlington1,Arlington,AC4_6_1,235.288,46.403,5.632
4,25/01/2022,AC4,Ambient,_1252164,6,,P. lutea,2,PlutArlington16,Arlington16,Arlington,AC4_6_2,219.063,63.66,4.855
4,25/01/2022,AC4,Ambient,_1252164,6,,P. lutea,3,PlutMartin32,Martin32,Martin,AC4_6_3,342.03,58.169,5.102
4,25/01/2022,AC4,Ambient,_1252164,6,,P. lutea,4,PlutDavies3,Davies3,Davies,AC4_6_4,103.824,96.427,3.378
4,25/01/2022,AC4,Ambient,_1252164,6,,P. lutea,5,PlutDavies7,Davies7,Davies,AC4_6_5,176.637,88.589,3.731
4,25/01/2022,AC4,Ambient,_1252164,6,,P. lutea,6,PlutWood4,Wood4,Wood,AC4_6_6,233.945,57.935,5.113
4,25/01/2022,AC4,Ambient,_1252164,6,,P. lutea,7,PlutMartin36,Martin36,Martin,AC4_6_7,319.114,65.548,4.77
4,25/01/2022,AC4,Ambient,_1252164,6,,P. lutea,8,PlutDavies10,Davies10,Davies,AC4_6_8,211.652,82.62,4
4,25/01/2022,AC4,Ambient,_1252164,6,,P. lutea,9,PlutArlington9,Arlington9,Arlington,AC4_6_9,333.776,62.273,4.917
4,25/01/2022,AC4,Ambient,_1252164,6,,P. lutea,10,PlutWood20,Wood20,Wood,AC4_6_10,244.262,79.208,4.154
4,25/01/2022,AC4,Ambient,_1252164,6,,P. lutea,11,PlutDavies1,Davies1,Davies,AC4_6_11,185.72,72.769,4.444
4,25/01/2022,AC5,Ambient,_1252165,1,,A. hyacinthus,1,AhyaPalms16,Palms16,Palms,AC5_1_1,280.558,63.412,5.811
4,25/01/2022,AC5,Ambient,_1252165,1,,A. hyacinthus,3,AhyaDavies15,Davies15,Davies,AC5_1_3,252.722,74.689,5.229
4,25/01/2022,AC5,Ambient,_1252165,1,,A. hyacinthus,4,AhyaArlington10,Arlington10,Arlington,AC5_1_4,209.418,88.149,4.53
4,25/01/2022,AC5,Ambient,_1252165,1,,A. hyacinthus,5,AhyaMartin3,Martin3,Martin,AC5_1_5,204.668,79.064,5.002
4,25/01/2022,AC5,Ambient,_1252165,1,,A. hyacinthus,6,AhyaWood17,Wood17,Wood,AC5_1_6,300.495,87.119,4.585
4,25/01/2022,AC5,Ambient,_1252165,1,,A. hyacinthus,7,AhyaPalms6,Palms6,Palms,AC5_1_7,370.024,62.935,5.836
4,25/01/2022,AC5,Ambient,_1252165,1,,A. hyacinthus,8,AhyaPalms5,Palms5,Palms,AC5_1_8,152.451,64.441,5.758
4,25/01/2022,AC5,Ambient,_1252165,1,,A. hyacinthus,10,AhyaDavies18,Davies18,Davies,AC5_1_10,309.383,63.572,5.802
4,25/01/2022,AC5,Ambient,_1252165,1,,A. hyacinthus,11,AhyaDavies12,Davies12,Davies,AC5_1_11,266.836,70.71,5.434
4,25/01/2022,AC5,Ambient,_1252166,2,,P. lutea,1,PlutDavies7,Davies7,Davies,AC5_2_1,211.591,73.88,5.704
4,25/01/2022,AC5,Ambient,_1252166,2,,P. lutea,2,PlutDavies1,Davies1,Davies,AC5_2_2,278.287,58.795,6.547
4,25/01/2022,AC5,Ambient,_1252166,2,,P. lutea,4,PlutPalms4,Palms4,Palms,AC5_2_4,252.625,71.874,5.816
4,25/01/2022,AC5,Ambient,_1252166,2,,P. lutea,6,PlutWood4,Wood4,Wood,AC5_2_6,190.262,84.681,5.101
4,25/01/2022,AC5,Ambient,_1252166,2,,P. lutea,7,PlutMartin14,Martin14,Martin,AC5_2_7,269.815,63.958,6.258
4,25/01/2022,AC5,Ambient,_1252166,2,,P. lutea,9,PlutArlington1,Arlington1,Arlington,AC5_2_9,219.307,51.008,6.982
4,25/01/2022,AC5,Ambient,_1252166,2,,P. lutea,10,PlutArlington9,Arlington9,Arlington,AC5_2_10,138.753,67.686,6.05
4,25/01/2022,AC5,Ambient,_1252166,2,,P. lutea,11,PlutMartin19,Martin19,Martin,AC5_2_11,370.635,44.62,7.338
4,25/01/2022,AC5,Ambient,_1252167,3,,A. hyacinthus,1,AhyaPalms3,Palms3,Palms,AC5_3_1,363.932,84.958,5.942
4,25/01/2022,AC5,Ambient,_1252167,3,,A. hyacinthus,2,AhyaMartin11,Martin11,Martin,AC5_3_2,237.974,71.586,6.798
4,25/01/2022,AC5,Ambient,_1252167,3,,A. hyacinthus,3,AhyaArlington1,Arlington1,Arlington,AC5_3_3,284.013,65.2,7.207
4,25/01/2022,AC5,Ambient,_1252167,3,,A. hyacinthus,5,AhyaArlington6,Arlington6,Arlington,AC5_3_5,176.417,87.172,5.801
4,25/01/2022,AC5,Ambient,_1252167,3,,A. hyacinthus,6,AhyaDavies9,Davies9,Davies,AC5_3_6,289.166,77.152,6.442
4,25/01/2022,AC5,Ambient,_1252167,3,,A. hyacinthus,8,AhyaWood5A,Wood5A,Wood,AC5_3_8,287.053,78.787,6.337
4,25/01/2022,AC5,Ambient,_1252167,3,,A. hyacinthus,9,AhyaMartin13,Martin13,Martin,AC5_3_9,253.528,63.424,7.321
4,25/01/2022,AC5,Ambient,_1252167,3,,A. hyacinthus,10,AhyaPalms10,Palms10,Palms,AC5_3_10,100.478,65.271,7.202
4,25/01/2022,AC5,Ambient,_1252167,3,,A. hyacinthus,11,AhyaWood8,Wood8,Wood,AC5_3_11,338.159,50.653,8.138
4,25/01/2022,AC5,Ambient,_1252168,4,,P. lutea,1,PlutPalms23,Palms23,Palms,AC5_4_1,351.272,54.109,5.206
4,25/01/2022,AC5,Ambient,_1252168,4,,P. lutea,2,PlutMartin18,Martin18,Martin,AC5_4_2,244.872,55.804,5.128
4,25/01/2022,AC5,Ambient,_1252168,4,,P. lutea,3,PlutWood29,Wood29,Wood,AC5_4_3,185.72,95.445,3.308
4,25/01/2022,AC5,Ambient,_1252168,4,,P. lutea,4,PlutWood14,Wood14,Wood,AC5_4_4,189.761,85.971,3.743
4,25/01/2022,AC5,Ambient,_1252168,4,,P. lutea,5,PlutMartin36,Martin36,Martin,AC5_4_5,373.284,78.892,4.068
4,25/01/2022,AC5,Ambient,_1252168,4,,P. lutea,6,PlutDavies3,Davies3,Davies,AC5_4_6,172.694,110.881,2.599
4,25/01/2022,AC5,Ambient,_1252168,4,,P. lutea,7,PlutPalms3,Palms3,Palms,AC5_4_7,264.833,62.432,4.824
4,25/01/2022,AC5,Ambient,_1252168,4,,P. lutea,8,PlutArlington6,Arlington6,Arlington,AC5_4_8,256.324,68.168,4.56
4,25/01/2022,AC5,Ambient,_1252168,4,,P. lutea,9,PlutPalms20,Palms20,Palms,AC5_4_9,224.032,87.114,3.69
4,25/01/2022,AC5,Ambient,_1252168,4,,P. lutea,10,PlutArlington12,Arlington12,Arlington,AC5_4_10,245.543,81.155,3.964
4,25/01/2022,AC5,Ambient,_1252168,4,,P. lutea,11,PlutDavies18,Davies18,Davies,AC5_4_11,271.499,74.904,4.251
4,25/01/2022,AC5,Ambient,_1252169,5,,A. hyacinthus,2,AhyaArlington8,Arlington8,Arlington,AC5_5_2,112.004,106.108,2.673
4,25/01/2022,AC5,Ambient,_1252169,5,,A. hyacinthus,3,AhyaWood16,Wood16,Wood,AC5_5_3,138.277,85.993,3.625
4,25/01/2022,AC5,Ambient,_1252169,5,,A. hyacinthus,4,AhyaMartin17,Martin17,Martin,AC5_5_4,331.896,107.891,2.589
4,25/01/2022,AC5,Ambient,_1252169,5,,A. hyacinthus,5,AhyaArlington9,Arlington9,Arlington,AC5_5_5,176.173,100.412,2.943
4,25/01/2022,AC5,Ambient,_1252169,5,,A. hyacinthus,6,AhyaArlington11,Arlington11,Arlington,AC5_5_6,161.852,83.314,3.751
4,25/01/2022,AC5,Ambient,_1252169,5,,A. hyacinthus,7,AhyaDavies16,Davies16,Davies,AC5_5_7,223.836,82.336,3.798
4,25/01/2022,AC5,Ambient,_1252169,5,,A. hyacinthus,8,AhyaMartin12,Martin12,Martin,AC5_5_8,164.99,83.309,3.752
4,25/01/2022,AC5,Ambient,_1252169,5,,A. hyacinthus,9,AhyaPalms4,Palms4,Palms,AC5_5_9,165.112,72.646,4.256
4,25/01/2022,AC5,Ambient,_1252169,5,,A. hyacinthus,10,AhyaWood7A,Wood7A,Wood,AC5_5_10,109.794,84.743,3.684
4,25/01/2022,AC5,Ambient,_1252169,5,,A. hyacinthus,11,AhyaDavies14,Davies14,Davies,AC5_5_11,276.529,75.816,4.106
4,25/01/2022,AC5,Ambient,_1252170,6,,P. lutea,1,PlutMartin4,Martin4,Martin,AC5_6_1,211.737,49.792,5.408
4,25/01/2022,AC5,Ambient,_1252170,6,,P. lutea,2,PlutWood13,Wood13,Wood,AC5_6_2,285.747,72.881,4.347
4,25/01/2022,AC5,Ambient,_1252170,6,,P. lutea,3,PlutPalms17,Palms17,Palms,AC5_6_3,358.853,69.355,4.509
4,25/01/2022,AC5,Ambient,_1252170,6,,P. lutea,4,PlutPalms1,Palms1,Palms,AC5_6_4,159.276,80.732,3.986
4,25/01/2022,AC5,Ambient,_1252170,6,,P. lutea,5,PlutMartin32,Martin32,Martin,AC5_6_5,348.256,58.879,4.99
4,25/01/2022,AC5,Ambient,_1252170,6,,P. lutea,7,PlutArlington16,Arlington16,Arlington,AC5_6_7,219.71,43.953,5.676
4,25/01/2022,AC5,Ambient,_1252170,6,,P. lutea,8,PlutArlington19,Arlington19,Arlington,AC5_6_8,245.202,48.178,5.482
4,25/01/2022,AC5,Ambient,_1252170,6,,P. lutea,9,PlutDavies10,Davies10,Davies,AC5_6_9,240.538,54.029,5.213
4,25/01/2022,AC5,Ambient,_1252170,6,,P. lutea,10,PlutDavies9,Davies9,Davies,AC5_6_10,47.211,73.403,4.323
4,25/01/2022,AC6,Ambient,_1252171,1,,A. hyacinthus,1,AhyaPalms6,Palms6,Palms,AC6_1_1,270.095,50.866,5.331
4,25/01/2022,AC6,Ambient,_1252171,1,,A. hyacinthus,2,AhyaWood5A,Wood5A,Wood,AC6_1_2,151.658,82.62,3.89
4,25/01/2022,AC6,Ambient,_1252171,1,,A. hyacinthus,3,AhyaPalms4,Palms4,Palms,AC6_1_3,296.027,74.228,4.271
4,25/01/2022,AC6,Ambient,_1252171,1,,A. hyacinthus,4,AhyaWood8,Wood8,Wood,AC6_1_4,234.568,90.976,3.511
4,25/01/2022,AC6,Ambient,_1252171,1,,A. hyacinthus,5,AhyaMartin12,Martin12,Martin,AC6_1_5,262.526,80.445,3.989
4,25/01/2022,AC6,Ambient,_1252171,1,,A. hyacinthus,6,AhyaWood7A,Wood7A,Wood,AC6_1_6,104.593,94.127,3.368
4,25/01/2022,AC6,Ambient,_1252171,1,,A. hyacinthus,8,AhyaWood17,Wood17,Wood,AC6_1_8,225.753,83.695,3.842
4,25/01/2022,AC6,Ambient,_1252171,1,,A. hyacinthus,9,AhyaMartin13,Martin13,Martin,AC6_1_9,401.462,77.54,4.121
4,25/01/2022,AC6,Ambient,_1252171,1,,A. hyacinthus,10,AhyaArlington6,Arlington6,Arlington,AC6_1_10,172.034,74.536,4.257
4,25/01/2022,AC6,Ambient,_1252171,1,,A. hyacinthus,11,AhyaArlington8,Arlington8,Arlington,AC6_1_11,262.514,62.072,4.823
4,25/01/2022,AC6,Ambient,_1252172,2,,P. lutea,1,PlutMartin4,Martin4,Martin,AC6_2_1,368.828,50.616,5.315
4,25/01/2022,AC6,Ambient,_1252172,2,,P. lutea,2,PlutMartin36,Martin36,Martin,AC6_2_2,390.376,57.406,5
4,25/01/2022,AC6,Ambient,_1252172,2,,P. lutea,3,PlutWood13,Wood13,Wood,AC6_2_3,314.389,86.07,3.672
4,25/01/2022,AC6,Ambient,_1252172,2,,P. lutea,4,PlutWood14,Wood14,Wood,AC6_2_4,245.324,49.198,5.381
4,25/01/2022,AC6,Ambient,_1252172,2,,P. lutea,5,PlutArlington12,Arlington12,Arlington,AC6_2_5,250.549,67.205,4.546
4,25/01/2022,AC6,Ambient,_1252172,2,,P. lutea,6,PlutWood6,Wood6,Wood,AC6_2_6,246.337,65.77,4.613
4,25/01/2022,AC6,Ambient,_1252172,2,,P. lutea,7,PlutArlington16,Arlington16,Arlington,AC6_2_7,105.557,71.267,4.358
4,25/01/2022,AC6,Ambient,_1252172,2,,P. lutea,8,PlutWood20,Wood20,Wood,AC6_2_8,222.505,68.291,4.496
4,25/01/2022,AC6,Ambient,_1252172,2,,P. lutea,9,PlutMartin14,Martin14,Martin,AC6_2_9,232.419,65.138,4.642
4,25/01/2022,AC6,Ambient,_1252172,2,,P. lutea,10,PlutPalms3,Palms3,Palms,AC6_2_10,256.641,46.757,5.494
4,25/01/2022,AC6,Ambient,_1252172,2,,P. lutea,11,PlutDavies7,Davies7,Davies,AC6_2_11,173.353,74.485,4.209
4,25/01/2022,AC6,Ambient,_1252173,3,,A. hyacinthus,2,AhyaArlington1,Arlington1,Arlington,AC6_3_2,400.095,68.198,4.542
4,25/01/2022,AC6,Ambient,_1252173,3,,A. hyacinthus,3,AhyaArlington11,Arlington11,Arlington,AC6_3_3,244.957,81.449,3.931
4,25/01/2022,AC6,Ambient,_1252173,3,,A. hyacinthus,4,AhyaPalms5,Palms5,Palms,AC6_3_4,154.881,84.745,3.779
4,25/01/2022,AC6,Ambient,_1252173,3,,A. hyacinthus,6,AhyaDavies9,Davies9,Davies,AC6_3_6,217.964,100.811,3.037
4,25/01/2022,AC6,Ambient,_1252173,3,,A. hyacinthus,7,AhyaMartin11,Martin11,Martin,AC6_3_7,216.34,73.937,4.278
4,25/01/2022,AC6,Ambient,_1252173,3,,A. hyacinthus,8,AhyaDavies14,Davies14,Davies,AC6_3_8,393.368,93.152,3.391
4,25/01/2022,AC6,Ambient,_1252173,3,,A. hyacinthus,9,AhyaArlington9,Arlington9,Arlington,AC6_3_9,147.275,87.615,3.646
4,25/01/2022,AC6,Ambient,_1252173,3,,A. hyacinthus,10,AhyaPalms3,Palms3,Palms,AC6_3_10,173.109,65.702,4.658
4,25/01/2022,AC6,Ambient,_1252173,3,,A. hyacinthus,11,AhyaDavies16,Davies16,Davies,AC6_3_11,240.33,78.344,4.074
4,25/01/2022,AC6,Ambient,_1252174,4,,P. lutea,1,PlutMartin18,Martin18,Martin,AC6_4_1,258.473,59.618,4.972
4,25/01/2022,AC6,Ambient,_1252174,4,,P. lutea,2,PlutDavies10,Davies10,Davies,AC6_4_2,265.334,65.655,4.691
4,25/01/2022,AC6,Ambient,_1252174,4,,P. lutea,3,PlutArlington1,Arlington1,Arlington,AC6_4_3,217.781,65.899,4.68
4,25/01/2022,AC6,Ambient,_1252174,4,,P. lutea,4,PlutArlington19,Arlington19,Arlington,AC6_4_4,425.721,56.504,5.117
4,25/01/2022,AC6,Ambient,_1252174,4,,P. lutea,5,PlutArlington6,Arlington6,Arlington,AC6_4_5,240.123,63.51,4.791
4,25/01/2022,AC6,Ambient,_1252174,4,,P. lutea,6,PlutPalms1,Palms1,Palms,AC6_4_6,220.1,74.174,4.295
4,25/01/2022,AC6,Ambient,_1252174,4,,P. lutea,7,PlutDavies3,Davies3,Davies,AC6_4_7,160.375,84.732,3.804
4,25/01/2022,AC6,Ambient,_1252174,4,,P. lutea,8,PlutPalms4,Palms4,Palms,AC6_4_8,230.942,76.355,4.193
4,25/01/2022,AC6,Ambient,_1252174,4,,P. lutea,10,PlutDavies1,Davies1,Davies,AC6_4_10,225.106,76.705,4.177
4,25/01/2022,AC6,Ambient,_1252174,4,,P. lutea,11,PlutDavies18,Davies18,Davies,AC6_4_11,140.291,72.299,4.382
4,25/01/2022,AC6,Ambient,_1252175,5,,A. hyacinthus,1,AhyaMartin17,Martin17,Martin,AC6_5_1,293.988,92.894,3.364
4,25/01/2022,AC6,Ambient,_1252175,5,,A. hyacinthus,2,AhyaPalms10,Palms10,Palms,AC6_5_2,231.064,67.953,4.529
4,25/01/2022,AC6,Ambient,_1252175,5,,A. hyacinthus,4,AhyaDavies12,Davies12,Davies,AC6_5_4,167.395,89.239,3.535
4,25/01/2022,AC6,Ambient,_1252175,5,,A. hyacinthus,5,AhyaArlington10,Arlington10,Arlington,AC6_5_5,239.012,141.593,1.09
4,25/01/2022,AC6,Ambient,_1252175,5,,A. hyacinthus,6,AhyaDavies18,Davies18,Davies,AC6_5_6,281.364,115.142,2.325
4,25/01/2022,AC6,Ambient,_1252175,5,,A. hyacinthus,7,AhyaWood16,Wood16,Wood,AC6_5_7,231.882,84.344,3.763
4,25/01/2022,AC6,Ambient,_1252175,5,,A. hyacinthus,8,AhyaDavies15,Davies15,Davies,AC6_5_8,111.405,77.109,4.101
4,25/01/2022,AC6,Ambient,_1252175,5,,A. hyacinthus,10,AhyaPalms16,Palms16,Palms,AC6_5_10,196.708,77.565,4.08
4,25/01/2022,AC6,Ambient,_1252175,5,,A. hyacinthus,11,AhyaMartin3,Martin3,Martin,AC6_5_11,217.671,69.593,4.452
4,25/01/2022,AC6,Ambient,_1252176,6,,P. lutea,1,PlutWood4,Wood4,Wood,AC6_6_1,369.023,44.863,5.668
4,25/01/2022,AC6,Ambient,_1252176,6,,P. lutea,2,PlutMartin32,Martin32,Martin,AC6_6_2,315.732,39.896,5.896
4,25/01/2022,AC6,Ambient,_1252176,6,,P. lutea,3,PlutMartin19,Martin19,Martin,AC6_6_3,211.432,66.72,4.662
4,25/01/2022,AC6,Ambient,_1252176,6,,P. lutea,5,PlutArlington9,Arlington9,Arlington,AC6_6_5,176.698,78.344,4.127
4,25/01/2022,AC6,Ambient,_1252176,6,,P. lutea,6,PlutDavies9,Davies9,Davies,AC6_6_6,263.344,47.487,5.547
4,25/01/2022,AC6,Ambient,_1252176,6,,P. lutea,7,PlutPalms23,Palms23,Palms,AC6_6_7,193.961,76.638,4.205
4,25/01/2022,AC6,Ambient,_1252176,6,,P. lutea,8,PlutPalms20,Palms20,Palms,AC6_6_8,180.324,68.026,4.602
4,25/01/2022,AC6,Ambient,_1252176,6,,P. lutea,9,PlutPalms17,Palms17,Palms,AC6_6_9,236.057,73.048,4.37
4,25/01/2022,AC6,Ambient,_1252176,6,,P. lutea,11,PlutWood29,Wood29,Wood,AC6_6_11,365.19,49.131,5.471
4,25/01/2022,AR1,Hot,_1252189,1,AR1_1,A. hyacinthus,1,AhyaPalms4,Palms4,Palms,AR1_1_1,192.789,77.286,4.071
4,25/01/2022,AR1,Hot,_1252189,1,AR1_1,A. hyacinthus,2,AhyaDavies16,Davies16,Davies,AR1_1_2,332.202,125.008,1.791
4,25/01/2022,AR1,Hot,_1252189,1,AR1_1,A. hyacinthus,3,AhyaPalms16,Palms16,Palms,AR1_1_3,248.437,106.935,2.655
4,25/01/2022,AR1,Hot,_1252189,1,AR1_1,A. hyacinthus,4,AhyaArlington11,Arlington11,Arlington,AR1_1_4,230.246,89.936,3.467
4,25/01/2022,AR1,Hot,_1252189,1,AR1_1,A. hyacinthus,5,AhyaPalms6,Palms6,Palms,AR1_1_5,NA,NA,NA
4,25/01/2022,AR1,Hot,_1252189,1,AR1_1,A. hyacinthus,6,AhyaMartin12,Martin12,Martin,AR1_1_6,220.406,76.24,4.121
4,25/01/2022,AR1,Hot,_1252189,1,AR1_1,A. hyacinthus,7,AhyaArlington9,Arlington9,Arlington,AR1_1_7,NA,NA,NA
4,25/01/2022,AR1,Hot,_1252189,1,AR1_1,A. hyacinthus,8,AhyaPalms10,Palms10,Palms,AR1_1_8,183.804,73.676,4.243
4,25/01/2022,AR1,Hot,_1252189,1,AR1_1,A. hyacinthus,9,AhyaArlington10,Arlington10,Arlington,AR1_1_9,NA,NA,NA
4,25/01/2022,AR1,Hot,_1252189,1,AR1_1,A. hyacinthus,10,AhyaWood17,Wood17,Wood,AR1_1_10,153.318,95.973,3.178
4,25/01/2022,AR1,Hot,_1252189,1,AR1_1,A. hyacinthus,11,AhyaWood5A,Wood5A,Wood,AR1_1_11,NA,NA,NA
4,25/01/2022,AR1,Hot,_1252190,2,AR1_2,P. lutea,1,PlutMartin19,Martin19,Martin,AR1_2_1,249.939,51.447,5.41
4,25/01/2022,AR1,Hot,_1252190,2,AR1_2,P. lutea,3,PlutPalms1,Palms1,Palms,AR1_2_3,227.633,56.373,5.176
4,25/01/2022,AR1,Hot,_1252190,2,AR1_2,P. lutea,4,PlutPalms23,Palms23,Palms,AR1_2_4,286.345,63.653,4.829
4,25/01/2022,AR1,Hot,_1252190,2,AR1_2,P. lutea,5,PlutWood6,Wood6,Wood,AR1_2_5,115.398,68.876,4.581
4,25/01/2022,AR1,Hot,_1252190,2,AR1_2,P. lutea,6,PlutDavies18,Davies18,Davies,AR1_2_6,197.99,63.147,4.854
4,25/01/2022,AR1,Hot,_1252190,2,AR1_2,P. lutea,7,PlutDavies1,Davies1,Davies,AR1_2_7,255.799,102.704,2.972
4,25/01/2022,AR1,Hot,_1252190,2,AR1_2,P. lutea,8,PlutWood13,Wood13,Wood,AR1_2_8,218.77,97.821,3.204
4,25/01/2022,AR1,Hot,_1252190,2,AR1_2,P. lutea,9,PlutArlington6,Arlington6,Arlington,AR1_2_9,252.087,67.131,4.664
4,25/01/2022,AR1,Hot,_1252190,2,AR1_2,P. lutea,11,PlutPalms4,Palms4,Palms,AR1_2_11,190.518,81.185,3.995
4,25/01/2022,AR1,Hot,_1252191,3,AR1_3,A. hyacinthus,1,AhyaMartin3,Martin3,Martin,AR1_3_1,NA,NA,NA
4,25/01/2022,AR1,Hot,_1252191,3,AR1_3,A. hyacinthus,2,AhyaWood8,Wood8,Wood,AR1_3_2,118.499,90.166,3.461
4,25/01/2022,AR1,Hot,_1252191,3,AR1_3,A. hyacinthus,4,AhyaPalms5,Palms5,Palms,AR1_3_4,221.846,94.627,3.247
4,25/01/2022,AR1,Hot,_1252191,3,AR1_3,A. hyacinthus,5,AhyaPalms3,Palms3,Palms,AR1_3_5,290.618,77.982,4.045
4,25/01/2022,AR1,Hot,_1252191,3,AR1_3,A. hyacinthus,6,AhyaDavies15,Davies15,Davies,AR1_3_6,NA,NA,NA
4,25/01/2022,AR1,Hot,_1252191,3,AR1_3,A. hyacinthus,8,AhyaMartin17,Martin17,Martin,AR1_3_8,246.862,117.108,2.168
4,25/01/2022,AR1,Hot,_1252191,3,AR1_3,A. hyacinthus,9,AhyaMartin13,Martin13,Martin,AR1_3_9,358.426,86.032,3.659
4,25/01/2022,AR1,Hot,_1252191,3,AR1_3,A. hyacinthus,10,AhyaMartin11,Martin11,Martin,AR1_3_10,135.066,73.888,4.242
4,25/01/2022,AR1,Hot,_1252191,3,AR1_3,A. hyacinthus,11,AhyaArlington6,Arlington6,Arlington,AR1_3_11,227.951,75.15,4.181
4,25/01/2022,AR1,Hot,_1252192,4,AR1_4,P. lutea,1,PlutPalms3,Palms3,Palms,AR1_4_1,139.693,52.599,5.322
4,25/01/2022,AR1,Hot,_1252192,4,AR1_4,P. lutea,2,PlutWood29,Wood29,Wood,AR1_4_2,146.725,87.21,3.67
4,25/01/2022,AR1,Hot,_1252192,4,AR1_4,P. lutea,3,PlutArlington19,Arlington19,Arlington,AR1_4_3,205.462,58.914,5.021
4,25/01/2022,AR1,Hot,_1252192,4,AR1_4,P. lutea,4,PlutArlington9,Arlington9,Arlington,AR1_4_4,272.842,69.274,4.526
4,25/01/2022,AR1,Hot,_1252192,4,AR1_4,P. lutea,5,PlutPalms17,Palms17,Palms,AR1_4_5,340.919,71.829,4.404
4,25/01/2022,AR1,Hot,_1252192,4,AR1_4,P. lutea,6,PlutWood14,Wood14,Wood,AR1_4_6,213.678,97.769,3.166
4,25/01/2022,AR1,Hot,_1252192,4,AR1_4,P. lutea,7,PlutWood4,Wood4,Wood,AR1_4_7,349.001,40.895,5.881
4,25/01/2022,AR1,Hot,_1252192,4,AR1_4,P. lutea,8,PlutArlington12,Arlington12,Arlington,AR1_4_8,175.318,78.631,4.079
4,25/01/2022,AR1,Hot,_1252192,4,AR1_4,P. lutea,9,PlutDavies7,Davies7,Davies,AR1_4_9,243.517,83.898,3.828
4,25/01/2022,AR1,Hot,_1252192,4,AR1_4,P. lutea,10,PlutDavies9,Davies9,Davies,AR1_4_10,173.206,59.458,4.995
4,25/01/2022,AR1,Hot,_1252192,4,AR1_4,P. lutea,11,PlutMartin4,Martin4,Martin,AR1_4_11,267.751,73.673,4.316
4,25/01/2022,AR1,Hot,_1252193,5,AR1_5,A. hyacinthus,1,AhyaDavies12,Davies12,Davies,AR1_5_1,350.893,99.747,2.973
4,25/01/2022,AR1,Hot,_1252193,5,AR1_5,A. hyacinthus,3,AhyaDavies18,Davies18,Davies,AR1_5_3,NA,NA,NA
4,25/01/2022,AR1,Hot,_1252193,5,AR1_5,A. hyacinthus,4,AhyaDavies9,Davies9,Davies,AR1_5_4,238.963,100.479,2.938
4,25/01/2022,AR1,Hot,_1252193,5,AR1_5,A. hyacinthus,7,AhyaArlington1,Arlington1,Arlington,AR1_5_7,107.181,89.94,3.449
4,25/01/2022,AR1,Hot,_1252193,5,AR1_5,A. hyacinthus,8,AhyaWood16,Wood16,Wood,AR1_5_8,192.24,86.375,3.622
4,25/01/2022,AR1,Hot,_1252193,5,AR1_5,A. hyacinthus,9,AhyaDavies14,Davies14,Davies,AR1_5_9,294.122,112.342,2.523
4,25/01/2022,AR1,Hot,_1252193,5,AR1_5,A. hyacinthus,10,AhyaWood7A,Wood7A,Wood,AR1_5_10,127.68,87.913,3.547
4,25/01/2022,AR1,Hot,_1252193,5,AR1_5,A. hyacinthus,11,AhyaArlington8,Arlington8,Arlington,AR1_5_11,220.454,83.796,3.747
4,25/01/2022,AR1,Hot,_1252194,6,AR1_6,P. lutea,1,PlutArlington16,Arlington16,Arlington,AR1_6_1,192.594,43.949,5.719
4,25/01/2022,AR1,Hot,_1252194,6,AR1_6,P. lutea,2,PlutArlington1,Arlington1,Arlington,AR1_6_2,132.893,75.54,4.233
4,25/01/2022,AR1,Hot,_1252194,6,AR1_6,P. lutea,3,PlutMartin36,Martin36,Martin,AR1_6_3,258.766,66.122,4.676
4,25/01/2022,AR1,Hot,_1252194,6,AR1_6,P. lutea,4,PlutDavies3,Davies3,Davies,AR1_6_4,87.562,89.319,3.585
4,25/01/2022,AR1,Hot,_1252194,6,AR1_6,P. lutea,5,PlutMartin14,Martin14,Martin,AR1_6_5,266.836,85.355,3.771
4,25/01/2022,AR1,Hot,_1252194,6,AR1_6,P. lutea,6,PlutMartin18,Martin18,Martin,AR1_6_6,315.085,78.103,4.112
4,25/01/2022,AR1,Hot,_1252194,6,AR1_6,P. lutea,7,PlutWood20,Wood20,Wood,AR1_6_7,265.834,80.82,3.985
4,25/01/2022,AR1,Hot,_1252194,6,AR1_6,P. lutea,8,PlutMartin32,Martin32,Martin,AR1_6_8,332.043,72.387,4.381
4,25/01/2022,AR1,Hot,_1252194,6,AR1_6,P. lutea,10,PlutDavies10,Davies10,Davies,AR1_6_10,219.807,59.871,4.97
4,25/01/2022,AR1,Hot,_1252194,6,AR1_6,P. lutea,11,PlutPalms20,Palms20,Palms,AR1_6_11,180.739,66.791,4.645
4,25/01/2022,AR2,Hot,_1252195,1,AR2_1,A. hyacinthus,1,AhyaArlington11,Arlington11,Arlington,AR2_1_1,124.29,71.235,4.34
4,25/01/2022,AR2,Hot,_1252195,1,AR2_1,A. hyacinthus,2,AhyaDavies12,Davies12,Davies,AR2_1_2,213.882,113.871,2.325
4,25/01/2022,AR2,Hot,_1252195,1,AR2_1,A. hyacinthus,3,AhyaMartin11,Martin11,Martin,AR2_1_3,164.958,83.939,3.739
4,25/01/2022,AR2,Hot,_1252195,1,AR2_1,A. hyacinthus,4,AhyaWood8,Wood8,Wood,AR2_1_4,190.917,106.506,2.673
4,25/01/2022,AR2,Hot,_1252195,1,AR2_1,A. hyacinthus,5,AhyaWood5A,Wood5A,Wood,AR2_1_5,232.992,135.248,1.315
4,25/01/2022,AR2,Hot,_1252195,1,AR2_1,A. hyacinthus,6,AhyaArlington6,Arlington6,Arlington,AR2_1_6,193.644,100.798,2.943
4,25/01/2022,AR2,Hot,_1252195,1,AR2_1,A. hyacinthus,7,AhyaDavies18,Davies18,Davies,AR2_1_7,NA,NA,NA
4,25/01/2022,AR2,Hot,_1252195,1,AR2_1,A. hyacinthus,8,AhyaMartin13,Martin13,Martin,AR2_1_8,158.194,87.707,3.561
4,25/01/2022,AR2,Hot,_1252195,1,AR2_1,A. hyacinthus,9,AhyaDavies16,Davies16,Davies,AR2_1_9,206.86,128.866,1.617
4,25/01/2022,AR2,Hot,_1252195,1,AR2_1,A. hyacinthus,10,AhyaDavies9,Davies9,Davies,AR2_1_10,NA,NA,NA
4,25/01/2022,AR2,Hot,_1252195,1,AR2_1,A. hyacinthus,11,AhyaPalms6,Palms6,Palms,AR2_1_11,NA,NA,NA
4,25/01/2022,AR2,Hot,_1252196,2,AR2_2,P. lutea,2,PlutArlington1,Arlington1,Arlington,AR2_2_2,157.668,67.262,4.623
4,25/01/2022,AR2,Hot,_1252196,2,AR2_2,P. lutea,3,PlutMartin14,Martin14,Martin,AR2_2_3,228.708,84.267,3.844
4,25/01/2022,AR2,Hot,_1252196,2,AR2_2,P. lutea,4,PlutDavies10,Davies10,Davies,AR2_2_4,311.568,114.076,2.478
4,25/01/2022,AR2,Hot,_1252196,2,AR2_2,P. lutea,5,PlutWood13,Wood13,Wood,AR2_2_5,121.993,111.22,2.609
4,25/01/2022,AR2,Hot,_1252196,2,AR2_2,P. lutea,6,PlutDavies3,Davies3,Davies,AR2_2_6,200.773,98.344,3.199
4,25/01/2022,AR2,Hot,_1252196,2,AR2_2,P. lutea,7,PlutWood20,Wood20,Wood,AR2_2_7,97.708,89.944,3.584
4,25/01/2022,AR2,Hot,_1252196,2,AR2_2,P. lutea,8,PlutDavies7,Davies7,Davies,AR2_2_8,217.36,91.962,3.491
4,25/01/2022,AR2,Hot,_1252196,2,AR2_2,P. lutea,9,PlutDavies9,Davies9,Davies,AR2_2_9,106.179,102.364,3.015
4,25/01/2022,AR2,Hot,_1252196,2,AR2_2,P. lutea,10,PlutDavies1,Davies1,Davies,AR2_2_10,313.114,75.123,4.262
4,25/01/2022,AR2,Hot,_1252196,2,AR2_2,P. lutea,11,PlutPalms1,Palms1,Palms,AR2_2_11,117.333,78.56,4.105
4,25/01/2022,AR2,Hot,_1252197,3,AR2_3,A. hyacinthus,2,AhyaPalms10,Palms10,Palms,AR2_3_2,125.085,82.212,3.792
4,25/01/2022,AR2,Hot,_1252197,3,AR2_3,A. hyacinthus,4,AhyaDavies15,Davies15,Davies,AR2_3_4,NA,NA,NA
4,25/01/2022,AR2,Hot,_1252197,3,AR2_3,A. hyacinthus,5,AhyaWood17,Wood17,Wood,AR2_3_5,118.922,101.971,2.861
4,25/01/2022,AR2,Hot,_1252197,3,AR2_3,A. hyacinthus,6,AhyaPalms5,Palms5,Palms,AR2_3_6,367.459,91.309,3.363
4,25/01/2022,AR2,Hot,_1252197,3,AR2_3,A. hyacinthus,8,AhyaWood7A,Wood7A,Wood,AR2_3_8,125.739,116.714,2.166
4,25/01/2022,AR2,Hot,_1252197,3,AR2_3,A. hyacinthus,9,AhyaArlington8,Arlington8,Arlington,AR2_3_9,NA,NA,NA
4,25/01/2022,AR2,Hot,_1252197,3,AR2_3,A. hyacinthus,10,AhyaMartin12,Martin12,Martin,AR2_3_10,330.324,71.9,4.278
4,25/01/2022,AR2,Hot,_1252197,3,AR2_3,A. hyacinthus,11,AhyaArlington10,Arlington10,Arlington,AR2_3_11,NA,NA,NA
4,25/01/2022,AR2,Hot,_1252198,4,AR2_4,P. lutea,1,PlutArlington16,Arlington16,Arlington,AR2_4_1,143.078,54.448,5.14
4,25/01/2022,AR2,Hot,_1252198,4,AR2_4,P. lutea,2,PlutMartin18,Martin18,Martin,AR2_4_2,260.239,64.811,4.656
4,25/01/2022,AR2,Hot,_1252198,4,AR2_4,P. lutea,4,PlutWood4,Wood4,Wood,AR2_4_4,158.581,60.045,4.879
4,25/01/2022,AR2,Hot,_1252198,4,AR2_4,P. lutea,5,PlutPalms3,Palms3,Palms,AR2_4_5,174.985,97.823,3.115
4,25/01/2022,AR2,Hot,_1252198,4,AR2_4,P. lutea,6,PlutDavies18,Davies18,Davies,AR2_4_6,144.71,81.56,3.874
4,25/01/2022,AR2,Hot,_1252198,4,AR2_4,P. lutea,7,PlutPalms17,Palms17,Palms,AR2_4_7,224.446,93.924,3.297
4,25/01/2022,AR2,Hot,_1252198,4,AR2_4,P. lutea,8,PlutArlington12,Arlington12,Arlington,AR2_4_8,220.688,54.301,5.147
4,25/01/2022,AR2,Hot,_1252198,4,AR2_4,P. lutea,9,PlutMartin19,Martin19,Martin,AR2_4_9,132.321,77.483,4.065
4,25/01/2022,AR2,Hot,_1252198,4,AR2_4,P. lutea,10,PlutPalms20,Palms20,Palms,AR2_4_10,101.788,78.104,4.036
4,25/01/2022,AR2,Hot,_1252198,4,AR2_4,P. lutea,11,PlutWood29,Wood29,Wood,AR2_4_11,181.019,68.636,4.478
4,25/01/2022,AR2,Hot,_1252199,5,AR2_5,A. hyacinthus,1,AhyaWood16,Wood16,Wood,AR2_5_1,155.317,84.839,4.947
4,25/01/2022,AR2,Hot,_1252199,5,AR2_5,A. hyacinthus,2,AhyaArlington1,Arlington1,Arlington,AR2_5_2,207.891,76.532,5.445
4,25/01/2022,AR2,Hot,_1252199,5,AR2_5,A. hyacinthus,4,AhyaPalms4,Palms4,Palms,AR2_5_4,173.536,84.707,4.955
4,25/01/2022,AR2,Hot,_1252199,5,AR2_5,A. hyacinthus,5,AhyaPalms3,Palms3,Palms,AR2_5_5,344.925,74.025,5.595
4,25/01/2022,AR2,Hot,_1252199,5,AR2_5,A. hyacinthus,6,AhyaMartin3,Martin3,Martin,AR2_5_6,164.078,71.182,5.765
4,25/01/2022,AR2,Hot,_1252199,5,AR2_5,A. hyacinthus,7,AhyaArlington9,Arlington9,Arlington,AR2_5_7,205.969,82.268,5.101
4,25/01/2022,AR2,Hot,_1252199,5,AR2_5,A. hyacinthus,8,AhyaMartin17,Martin17,Martin,AR2_5_8,171.646,106.057,3.677
4,25/01/2022,AR2,Hot,_1252199,5,AR2_5,A. hyacinthus,10,AhyaDavies14,Davies14,Davies,AR2_5_10,366.697,96.917,4.224
4,25/01/2022,AR2,Hot,_1252199,5,AR2_5,A. hyacinthus,11,AhyaPalms16,Palms16,Palms,AR2_5_11,233.765,52.942,6.857
4,25/01/2022,AR2,Hot,_1252200,6,AR2_6,P. lutea,2,PlutPalms4,Palms4,Palms,AR2_6_2,279.897,79.621,3.95
4,25/01/2022,AR2,Hot,_1252200,6,AR2_6,P. lutea,3,PlutMartin32,Martin32,Martin,AR2_6_3,311.514,73.537,4.238
4,25/01/2022,AR2,Hot,_1252200,6,AR2_6,P. lutea,4,PlutMartin4,Martin4,Martin,AR2_6_4,212.733,80.217,3.921
4,25/01/2022,AR2,Hot,_1252200,6,AR2_6,P. lutea,5,PlutArlington9,Arlington9,Arlington,AR2_6_5,227.28,79.583,3.952
4,25/01/2022,AR2,Hot,_1252200,6,AR2_6,P. lutea,6,PlutMartin36,Martin36,Martin,AR2_6_6,389.511,72.757,4.275
4,25/01/2022,AR2,Hot,_1252200,6,AR2_6,P. lutea,8,PlutWood14,Wood14,Wood,AR2_6_8,164.507,47.044,5.494
4,25/01/2022,AR2,Hot,_1252200,6,AR2_6,P. lutea,9,PlutPalms23,Palms23,Palms,AR2_6_9,151.86,74.788,4.179
4,25/01/2022,AR2,Hot,_1252200,6,AR2_6,P. lutea,10,PlutArlington6,Arlington6,Arlington,AR2_6_10,253.852,64.918,4.647
4,25/01/2022,AR2,Hot,_1252200,6,AR2_6,P. lutea,11,PlutArlington19,Arlington19,Arlington,AR2_6_11,157.368,50.749,5.319
4,25/01/2022,AR3,Hot,_1252201,1,AR3_1,A. hyacinthus,1,AhyaWood16,Wood16,Wood,AR3_1_1,220.828,81.487,3.813
4,25/01/2022,AR3,Hot,_1252201,1,AR3_1,A. hyacinthus,2,AhyaWood5A,Wood5A,Wood,AR3_1_2,147.952,102.849,2.788
4,25/01/2022,AR3,Hot,_1252201,1,AR3_1,A. hyacinthus,4,AhyaMartin3,Martin3,Martin,AR3_1_4,262.43,81.804,3.798
4,25/01/2022,AR3,Hot,_1252201,1,AR3_1,A. hyacinthus,5,AhyaWood17,Wood17,Wood,AR3_1_5,165.13,92.012,3.308
4,25/01/2022,AR3,Hot,_1252201,1,AR3_1,A. hyacinthus,6,AhyaPalms4,Palms4,Palms,AR3_1_6,214.837,79.04,3.93
4,25/01/2022,AR3,Hot,_1252201,1,AR3_1,A. hyacinthus,7,AhyaArlington6,Arlington6,Arlington,AR3_1_7,184.283,81.01,3.836
4,25/01/2022,AR3,Hot,_1252201,1,AR3_1,A. hyacinthus,8,AhyaPalms5,Palms5,Palms,AR3_1_8,209.072,71.642,4.285
4,25/01/2022,AR3,Hot,_1252201,1,AR3_1,A. hyacinthus,9,AhyaMartin13,Martin13,Martin,AR3_1_9,151.463,89.598,3.424
4,25/01/2022,AR3,Hot,_1252201,1,AR3_1,A. hyacinthus,11,AhyaDavies14,Davies14,Davies,AR3_1_11,NA,NA,NA
4,25/01/2022,AR3,Hot,_1252202,2,AR3_2,P. lutea,1,PlutDavies10,Davies10,Davies,AR3_2_1,223.802,65.038,4.648
4,25/01/2022,AR3,Hot,_1252202,2,AR3_2,P. lutea,2,PlutWood14,Wood14,Wood,AR3_2_2,275.817,72.921,4.274
4,25/01/2022,AR3,Hot,_1252202,2,AR3_2,P. lutea,3,PlutPalms3,Palms3,Palms,AR3_2_3,143.701,99.961,2.991
4,25/01/2022,AR3,Hot,_1252202,2,AR3_2,P. lutea,4,PlutArlington6,Arlington6,Arlington,AR3_2_4,91.417,102.325,2.879
4,25/01/2022,AR3,Hot,_1252202,2,AR3_2,P. lutea,5,PlutArlington1,Arlington1,Arlington,AR3_2_5,162.274,77.052,4.078
4,25/01/2022,AR3,Hot,_1252202,2,AR3_2,P. lutea,6,PlutDavies18,Davies18,Davies,AR3_2_6,257.867,85.116,3.695
4,25/01/2022,AR3,Hot,_1252202,2,AR3_2,P. lutea,7,PlutDavies3,Davies3,Davies,AR3_2_7,163.133,102.337,2.878
4,25/01/2022,AR3,Hot,_1252202,2,AR3_2,P. lutea,8,PlutDavies9,Davies9,Davies,AR3_2_8,219.625,45.187,5.59
4,25/01/2022,AR3,Hot,_1252202,2,AR3_2,P. lutea,9,PlutMartin19,Martin19,Martin,AR3_2_9,195.319,78.462,4.011
4,25/01/2022,AR3,Hot,_1252202,2,AR3_2,P. lutea,10,PlutArlington9,Arlington9,Arlington,AR3_2_10,382.178,59.616,4.905
4,25/01/2022,AR3,Hot,_1252202,2,AR3_2,P. lutea,11,PlutWood29,Wood29,Wood,AR3_2_11,175.071,70.088,4.408
4,25/01/2022,AR3,Hot,_1252203,3,AR3_3,A. hyacinthus,1,AhyaArlington11,Arlington11,Arlington,AR3_3_1,255.247,67.474,4.516
4,25/01/2022,AR3,Hot,_1252203,3,AR3_3,A. hyacinthus,2,AhyaDavies15,Davies15,Davies,AR3_3_2,NA,NA,NA
4,25/01/2022,AR3,Hot,_1252203,3,AR3_3,A. hyacinthus,4,AhyaWood8,Wood8,Wood,AR3_3_4,148.575,89.057,3.505
4,25/01/2022,AR3,Hot,_1252203,3,AR3_3,A. hyacinthus,6,AhyaPalms10,Palms10,Palms,AR3_3_6,132.235,86.45,3.627
4,25/01/2022,AR3,Hot,_1252203,3,AR3_3,A. hyacinthus,7,AhyaPalms3,Palms3,Palms,AR3_3_7,351.033,58.731,4.925
4,25/01/2022,AR3,Hot,_1252203,3,AR3_3,A. hyacinthus,8,AhyaArlington1,Arlington1,Arlington,AR3_3_8,261.259,68.239,4.48
4,25/01/2022,AR3,Hot,_1252203,3,AR3_3,A. hyacinthus,9,AhyaMartin12,Martin12,Martin,AR3_3_9,175.146,86.634,3.619
4,25/01/2022,AR3,Hot,_1252203,3,AR3_3,A. hyacinthus,10,AhyaDavies12,Davies12,Davies,AR3_3_10,313.823,81.397,3.864
4,25/01/2022,AR3,Hot,_1252203,3,AR3_3,A. hyacinthus,11,AhyaDavies9,Davies9,Davies,AR3_3_11,206.356,77.218,4.06
4,25/01/2022,AR3,Hot,_1252204,4,AR3_4,P. lutea,1,PlutWood13,Wood13,Wood,AR3_4_1,260.272,68.883,4.505
4,25/01/2022,AR3,Hot,_1252204,4,AR3_4,P. lutea,2,PlutMartin14,Martin14,Martin,AR3_4_2,276.547,72.568,4.334
4,25/01/2022,AR3,Hot,_1252204,4,AR3_4,P. lutea,3,PlutDavies7,Davies7,Davies,AR3_4_3,211.262,113.789,2.422
4,25/01/2022,AR3,Hot,_1252204,4,AR3_4,P. lutea,4,PlutArlington16,Arlington16,Arlington,AR3_4_4,218.401,66.015,4.638
4,25/01/2022,AR3,Hot,_1252204,4,AR3_4,P. lutea,6,PlutPalms23,Palms23,Palms,AR3_4_6,249.622,84.408,3.785
4,25/01/2022,AR3,Hot,_1252204,4,AR3_4,P. lutea,7,PlutMartin36,Martin36,Martin,AR3_4_7,235.557,65.947,4.641
4,25/01/2022,AR3,Hot,_1252204,4,AR3_4,P. lutea,8,PlutMartin18,Martin18,Martin,AR3_4_8,285.823,51.365,5.317
4,25/01/2022,AR3,Hot,_1252204,4,AR3_4,P. lutea,9,PlutArlington12,Arlington12,Arlington,AR3_4_9,243.266,84.27,3.791
4,25/01/2022,AR3,Hot,_1252204,4,AR3_4,P. lutea,10,PlutPalms17,Palms17,Palms,AR3_4_10,107.166,90.819,3.487
4,25/01/2022,AR3,Hot,_1252204,4,AR3_4,P. lutea,11,PlutWood20,Wood20,Wood,AR3_4_11,287.992,46.56,5.54
4,25/01/2022,AR3,Hot,_1252205,5,AR3_5,A. hyacinthus,1,AhyaMartin11,Martin11,Martin,AR3_5_1,193.494,68.966,4.465
4,25/01/2022,AR3,Hot,_1252205,5,AR3_5,A. hyacinthus,3,AhyaArlington9,Arlington9,Arlington,AR3_5_3,286.102,92.634,3.359
4,25/01/2022,AR3,Hot,_1252205,5,AR3_5,A. hyacinthus,4,AhyaPalms16,Palms16,Palms,AR3_5_4,204.402,87.835,3.583
4,25/01/2022,AR3,Hot,_1252205,5,AR3_5,A. hyacinthus,5,AhyaDavies16,Davies16,Davies,AR3_5_5,153.46,95.264,3.236
4,25/01/2022,AR3,Hot,_1252205,5,AR3_5,A. hyacinthus,6,AhyaWood7A,Wood7A,Wood,AR3_5_6,146.879,91.338,3.419
4,25/01/2022,AR3,Hot,_1252205,5,AR3_5,A. hyacinthus,7,AhyaArlington10,Arlington10,Arlington,AR3_5_7,124.344,109.413,2.574
4,25/01/2022,AR3,Hot,_1252205,5,AR3_5,A. hyacinthus,8,AhyaMartin17,Martin17,Martin,AR3_5_8,166.343,96.363,3.184
4,25/01/2022,AR3,Hot,_1252205,5,AR3_5,A. hyacinthus,9,AhyaDavies18,Davies18,Davies,AR3_5_9,NA,NA,NA
4,25/01/2022,AR3,Hot,_1252205,5,AR3_5,A. hyacinthus,11,AhyaArlington8,Arlington8,Arlington,AR3_5_11,NA,NA,NA
4,25/01/2022,AR3,Hot,_1252206,6,AR3_6,P. lutea,1,PlutWood4,Wood4,Wood,AR3_6_1,141.274,56.117,5.105
4,25/01/2022,AR3,Hot,_1252206,6,AR3_6,P. lutea,3,PlutArlington19,Arlington19,Arlington,AR3_6_3,246.24,96.053,3.259
4,25/01/2022,AR3,Hot,_1252206,6,AR3_6,P. lutea,4,PlutMartin32,Martin32,Martin,AR3_6_4,203.661,74.119,4.273
4,25/01/2022,AR3,Hot,_1252206,6,AR3_6,P. lutea,5,PlutDavies1,Davies1,Davies,AR3_6_5,254.474,96.965,3.217
4,25/01/2022,AR3,Hot,_1252206,6,AR3_6,P. lutea,7,PlutPalms1,Palms1,Palms,AR3_6_7,250.384,88.92,3.589
4,25/01/2022,AR3,Hot,_1252206,6,AR3_6,P. lutea,8,PlutPalms20,Palms20,Palms,AR3_6_8,138.773,92.414,3.427
4,25/01/2022,AR3,Hot,_1252206,6,AR3_6,P. lutea,9,PlutMartin4,Martin4,Martin,AR3_6_9,345.053,69.892,4.469
4,25/01/2022,AR3,Hot,_1252206,6,AR3_6,P. lutea,10,PlutPalms4,Palms4,Palms,AR3_6_10,176.703,70.219,4.454
4,25/01/2022,AR4,Hot,_1252207,1,AR4_1,A. hyacinthus,1,AhyaPalms10,Palms10,Palms,AR4_1_1,245.8,72.8,4.102
4,25/01/2022,AR4,Hot,_1252207,1,AR4_1,A. hyacinthus,3,AhyaArlington11,Arlington11,Arlington,AR4_1_3,170.766,89.032,3.331
4,25/01/2022,AR4,Hot,_1252207,1,AR4_1,A. hyacinthus,4,AhyaDavies12,Davies12,Davies,AR4_1_4,350.142,107.156,2.471
4,25/01/2022,AR4,Hot,_1252207,1,AR4_1,A. hyacinthus,5,AhyaArlington6,Arlington6,Arlington,AR4_1_5,161.114,98.115,2.9
4,25/01/2022,AR4,Hot,_1252207,1,AR4_1,A. hyacinthus,6,AhyaPalms3,Palms3,Palms,AR4_1_6,238.843,70.938,4.19
4,25/01/2022,AR4,Hot,_1252207,1,AR4_1,A. hyacinthus,7,AhyaWood8,Wood8,Wood,AR4_1_7,167.073,97.196,2.944
4,25/01/2022,AR4,Hot,_1252207,1,AR4_1,A. hyacinthus,8,AhyaArlington8,Arlington8,Arlington,AR4_1_8,326.534,105.981,2.527
4,25/01/2022,AR4,Hot,_1252207,1,AR4_1,A. hyacinthus,9,AhyaPalms4,Palms4,Palms,AR4_1_9,169.628,77.523,3.878
4,25/01/2022,AR4,Hot,_1252207,1,AR4_1,A. hyacinthus,10,AhyaMartin11,Martin11,Martin,AR4_1_10,74.346,89.299,3.319
4,25/01/2022,AR4,Hot,_1252208,2,AR4_2,P. lutea,1,PlutPalms17,Palms17,Palms,AR4_2_1,633.967,58.701,4.957
4,25/01/2022,AR4,Hot,_1252208,2,AR4_2,P. lutea,2,PlutWood13,Wood13,Wood,AR4_2_2,94.325,112.628,2.403
4,25/01/2022,AR4,Hot,_1252208,2,AR4_2,P. lutea,3,PlutPalms1,Palms1,Palms,AR4_2_3,272.732,73.143,4.273
4,25/01/2022,AR4,Hot,_1252208,2,AR4_2,P. lutea,4,PlutArlington6,Arlington6,Arlington,AR4_2_4,297.919,50.008,5.369
4,25/01/2022,AR4,Hot,_1252208,2,AR4_2,P. lutea,5,PlutDavies9,Davies9,Davies,AR4_2_5,315.61,52.971,5.229
4,25/01/2022,AR4,Hot,_1252208,2,AR4_2,P. lutea,6,PlutDavies18,Davies18,Davies,AR4_2_6,324.669,87.063,3.614
4,25/01/2022,AR4,Hot,_1252208,2,AR4_2,P. lutea,7,PlutArlington12,Arlington12,Arlington,AR4_2_7,221.626,68.554,4.491
4,25/01/2022,AR4,Hot,_1252208,2,AR4_2,P. lutea,8,PlutWood14,Wood14,Wood,AR4_2_8,236.985,62.637,4.771
4,25/01/2022,AR4,Hot,_1252208,2,AR4_2,P. lutea,9,PlutDavies10,Davies10,Davies,AR4_2_9,253.552,92.685,3.348
4,25/01/2022,AR4,Hot,_1252208,2,AR4_2,P. lutea,10,PlutArlington9,Arlington9,Arlington,AR4_2_10,373.931,47.255,5.5
4,25/01/2022,AR4,Hot,_1252208,2,AR4_2,P. lutea,11,PlutWood29,Wood29,Wood,AR4_2_11,67.026,99.663,3.017
4,25/01/2022,AR4,Hot,_1252209,3,AR4_3,A. hyacinthus,1,AhyaPalms5,Palms5,Palms,AR4_3_1,201.471,70.029,4.307
4,25/01/2022,AR4,Hot,_1252209,3,AR4_3,A. hyacinthus,2,AhyaWood5A,Wood5A,Wood,AR4_3_2,NA,NA,NA
4,25/01/2022,AR4,Hot,_1252209,3,AR4_3,A. hyacinthus,4,AhyaPalms6,Palms6,Palms,AR4_3_4,322.368,103.264,2.721
4,25/01/2022,AR4,Hot,_1252209,3,AR4_3,A. hyacinthus,5,AhyaDavies15,Davies15,Davies,AR4_3_5,286.757,90.863,3.313
4,25/01/2022,AR4,Hot,_1252209,3,AR4_3,A. hyacinthus,6,AhyaWood17,Wood17,Wood,AR4_3_6,133.877,93.025,3.209
4,25/01/2022,AR4,Hot,_1252209,3,AR4_3,A. hyacinthus,7,AhyaDavies18,Davies18,Davies,AR4_3_7,284.159,108.474,2.472
4,25/01/2022,AR4,Hot,_1252209,3,AR4_3,A. hyacinthus,8,AhyaMartin12,Martin12,Martin,AR4_3_8,201.278,80.573,3.804
4,25/01/2022,AR4,Hot,_1252209,3,AR4_3,A. hyacinthus,9,AhyaMartin13,Martin13,Martin,AR4_3_9,236.159,83.94,3.643
4,25/01/2022,AR4,Hot,_1252209,3,AR4_3,A. hyacinthus,10,AhyaDavies14,Davies14,Davies,AR4_3_10,285.125,100.884,2.834
4,25/01/2022,AR4,Hot,_1252209,3,AR4_3,A. hyacinthus,11,AhyaArlington9,Arlington9,Arlington,AR4_3_11,167.889,76.347,4.006
4,25/01/2022,AR4,Hot,_1252210,4,AR4_4,P. lutea,2,PlutPalms3,Palms3,Palms,AR4_4_2,231.177,78.808,4.033
4,25/01/2022,AR4,Hot,_1252210,4,AR4_4,P. lutea,3,PlutArlington16,Arlington16,Arlington,AR4_4_3,301.777,72.113,4.343
4,25/01/2022,AR4,Hot,_1252210,4,AR4_4,P. lutea,4,PlutDavies7,Davies7,Davies,AR4_4_4,192.496,83.191,3.83
4,25/01/2022,AR4,Hot,_1252210,4,AR4_4,P. lutea,5,PlutMartin36,Martin36,Martin,AR4_4_5,253.54,89.872,3.521
4,25/01/2022,AR4,Hot,_1252210,4,AR4_4,P. lutea,7,PlutWood4,Wood4,Wood,AR4_4_7,115.959,83.46,3.818
4,25/01/2022,AR4,Hot,_1252210,4,AR4_4,P. lutea,8,PlutDavies3,Davies3,Davies,AR4_4_8,129.368,94.853,3.29
4,25/01/2022,AR4,Hot,_1252210,4,AR4_4,P. lutea,9,PlutMartin4,Martin4,Martin,AR4_4_9,233.303,59.342,4.934
4,25/01/2022,AR4,Hot,_1252210,4,AR4_4,P. lutea,11,PlutPalms4,Palms4,Palms,AR4_4_11,70.739,72.83,4.31
4,25/01/2022,AR4,Hot,_1252211,5,AR4_5,A. hyacinthus,1,AhyaMartin3,Martin3,Martin,AR4_5_1,217.768,61.937,4.665
4,25/01/2022,AR4,Hot,_1252211,5,AR4_5,A. hyacinthus,3,AhyaWood7A,Wood7A,Wood,AR4_5_3,163.831,91.086,3.274
4,25/01/2022,AR4,Hot,_1252211,5,AR4_5,A. hyacinthus,4,AhyaDavies16,Davies16,Davies,AR4_5_4,248.666,101.811,2.763
4,25/01/2022,AR4,Hot,_1252211,5,AR4_5,A. hyacinthus,5,AhyaMartin17,Martin17,Martin,AR4_5_5,126.448,106.874,2.522
4,25/01/2022,AR4,Hot,_1252211,5,AR4_5,A. hyacinthus,6,AhyaPalms16,Palms16,Palms,AR4_5_6,196.994,85.943,3.52
4,25/01/2022,AR4,Hot,_1252211,5,AR4_5,A. hyacinthus,7,AhyaArlington1,Arlington1,Arlington,AR4_5_7,249.257,85.771,3.528
4,25/01/2022,AR4,Hot,_1252211,5,AR4_5,A. hyacinthus,8,AhyaArlington10,Arlington10,Arlington,AR4_5_8,175.178,106.985,2.516
4,25/01/2022,AR4,Hot,_1252211,5,AR4_5,A. hyacinthus,9,AhyaWood16,Wood16,Wood,AR4_5_9,151.366,82.391,3.689
4,25/01/2022,AR4,Hot,_1252211,5,AR4_5,A. hyacinthus,10,AhyaDavies9,Davies9,Davies,AR4_5_10,150.905,85.591,3.536
4,25/01/2022,AR4,Hot,_1252212,6,AR4_6,P. lutea,1,PlutMartin14,Martin14,Martin,AR4_6_1,358.141,57.458,5.035
4,25/01/2022,AR4,Hot,_1252212,6,AR4_6,P. lutea,2,PlutMartin32,Martin32,Martin,AR4_6_2,278.877,55.646,5.119
4,25/01/2022,AR4,Hot,_1252212,6,AR4_6,P. lutea,3,PlutArlington1,Arlington1,Arlington,AR4_6_3,228.966,72.123,4.36
4,25/01/2022,AR4,Hot,_1252212,6,AR4_6,P. lutea,4,PlutMartin18,Martin18,Martin,AR4_6_4,163.831,65.292,4.675
4,25/01/2022,AR4,Hot,_1252212,6,AR4_6,P. lutea,5,PlutPalms23,Palms23,Palms,AR4_6_5,164.378,85.704,3.734
4,25/01/2022,AR4,Hot,_1252212,6,AR4_6,P. lutea,6,PlutMartin19,Martin19,Martin,AR4_6_6,262.816,70.204,4.448
4,25/01/2022,AR4,Hot,_1252212,6,AR4_6,P. lutea,7,PlutWood20,Wood20,Wood,AR4_6_7,255.816,83.533,3.834
4,25/01/2022,AR4,Hot,_1252212,6,AR4_6,P. lutea,8,PlutDavies1,Davies1,Davies,AR4_6_8,208.02,80.785,3.961
4,25/01/2022,AR4,Hot,_1252212,6,AR4_6,P. lutea,9,PlutArlington19,Arlington19,Arlington,AR4_6_9,272.296,54.256,5.183
4,25/01/2022,AR4,Hot,_1252212,6,AR4_6,P. lutea,11,PlutPalms20,Palms20,Palms,AR4_6_11,NA,NA,NA
4,25/01/2022,AR5,Hot,_1252213,1,AR5_1,A. hyacinthus,1,AhyaArlington11,Arlington11,Arlington,AR5_1_1,215.481,98.851,2.984
4,25/01/2022,AR5,Hot,_1252213,1,AR5_1,A. hyacinthus,2,AhyaWood7A,Wood7A,Wood,AR5_1_2,115.884,83.129,3.724
4,25/01/2022,AR5,Hot,_1252213,1,AR5_1,A. hyacinthus,4,AhyaArlington6,Arlington6,Arlington,AR5_1_4,141.339,88.409,3.476
4,25/01/2022,AR5,Hot,_1252213,1,AR5_1,A. hyacinthus,5,AhyaArlington10,Arlington10,Arlington,AR5_1_5,204.649,115.683,2.191
4,25/01/2022,AR5,Hot,_1252213,1,AR5_1,A. hyacinthus,6,AhyaPalms4,Palms4,Palms,AR5_1_6,167.889,78.878,3.924
4,25/01/2022,AR5,Hot,_1252213,1,AR5_1,A. hyacinthus,7,AhyaArlington9,Arlington9,Arlington,AR5_1_7,119.566,96.647,3.088
4,25/01/2022,AR5,Hot,_1252213,1,AR5_1,A. hyacinthus,8,AhyaWood5A,Wood5A,Wood,AR5_1_8,135.509,98.902,2.981
4,25/01/2022,AR5,Hot,_1252213,1,AR5_1,A. hyacinthus,9,AhyaPalms3,Palms3,Palms,AR5_1_9,258.672,60.641,4.783
4,25/01/2022,AR5,Hot,_1252213,1,AR5_1,A. hyacinthus,10,AhyaDavies12,Davies12,Davies,AR5_1_10,227.291,101.96,2.837
4,25/01/2022,AR5,Hot,_1252213,1,AR5_1,A. hyacinthus,11,AhyaPalms10,Palms10,Palms,AR5_1_11,177.723,57.296,4.941
4,25/01/2022,AR5,Hot,_1252214,2,AR5_2,P. lutea,1,PlutWood4,Wood4,Wood,AR5_2_1,449.965,45.111,5.537
4,25/01/2022,AR5,Hot,_1252214,2,AR5_2,P. lutea,2,PlutMartin18,Martin18,Martin,AR5_2_2,204.638,73.35,4.232
4,25/01/2022,AR5,Hot,_1252214,2,AR5_2,P. lutea,3,PlutPalms4,Palms4,Palms,AR5_2_3,327.167,96.549,3.159
4,25/01/2022,AR5,Hot,_1252214,2,AR5_2,P. lutea,5,PlutMartin32,Martin32,Martin,AR5_2_5,287.326,53.649,5.143
4,25/01/2022,AR5,Hot,_1252214,2,AR5_2,P. lutea,6,PlutDavies10,Davies10,Davies,AR5_2_6,168.243,81.017,3.877
4,25/01/2022,AR5,Hot,_1252214,2,AR5_2,P. lutea,7,PlutArlington6,Arlington6,Arlington,AR5_2_7,201.471,84.309,3.725
4,25/01/2022,AR5,Hot,_1252214,2,AR5_2,P. lutea,8,PlutDavies9,Davies9,Davies,AR5_2_8,114.424,91.941,3.372
4,25/01/2022,AR5,Hot,_1252214,2,AR5_2,P. lutea,9,PlutPalms20,Palms20,Palms,AR5_2_9,91.524,119.508,2.097
4,25/01/2022,AR5,Hot,_1252214,2,AR5_2,P. lutea,10,PlutDavies1,Davies1,Davies,AR5_2_10,227.817,79.262,3.958
4,25/01/2022,AR5,Hot,_1252214,2,AR5_2,P. lutea,11,PlutWood29,Wood29,Wood,AR5_2_11,51.758,78.608,3.988
4,25/01/2022,AR5,Hot,_1252215,3,AR5_3,A. hyacinthus,2,AhyaDavies14,Davies14,Davies,AR5_3_2,304.021,94.228,3.253
4,25/01/2022,AR5,Hot,_1252215,3,AR5_3,A. hyacinthus,3,AhyaMartin13,Martin13,Martin,AR5_3_3,280.949,90.696,3.418
4,25/01/2022,AR5,Hot,_1252215,3,AR5_3,A. hyacinthus,4,AhyaArlington1,Arlington1,Arlington,AR5_3_4,187.836,79.933,3.92
4,25/01/2022,AR5,Hot,_1252215,3,AR5_3,A. hyacinthus,5,AhyaDavies9,Davies9,Davies,AR5_3_5,285.072,108.56,2.584
4,25/01/2022,AR5,Hot,_1252215,3,AR5_3,A. hyacinthus,7,AhyaWood16,Wood16,Wood,AR5_3_7,188.953,101.326,2.922
4,25/01/2022,AR5,Hot,_1252215,3,AR5_3,A. hyacinthus,8,AhyaWood17,Wood17,Wood,AR5_3_8,115.798,79.671,3.932
4,25/01/2022,AR5,Hot,_1252215,3,AR5_3,A. hyacinthus,9,AhyaMartin11,Martin11,Martin,AR5_3_9,194.203,75.175,4.142
4,25/01/2022,AR5,Hot,_1252215,3,AR5_3,A. hyacinthus,10,AhyaMartin3,Martin3,Martin,AR5_3_10,220.881,76.293,4.09
4,25/01/2022,AR5,Hot,_1252215,3,AR5_3,A. hyacinthus,11,AhyaDavies18,Davies18,Davies,AR5_3_11,219.174,96.993,3.124
4,25/01/2022,AR5,Hot,_1252216,4,AR5_4,P. lutea,1,PlutMartin19,Martin19,Martin,AR5_4_1,356.702,38.282,5.931
4,25/01/2022,AR5,Hot,_1252216,4,AR5_4,P. lutea,2,PlutWood20,Wood20,Wood,AR5_4_2,200.601,77.885,4.162
4,25/01/2022,AR5,Hot,_1252216,4,AR5_4,P. lutea,3,PlutArlington16,Arlington16,Arlington,AR5_4_3,166.107,67.74,4.615
4,25/01/2022,AR5,Hot,_1252216,4,AR5_4,P. lutea,4,PlutMartin36,Martin36,Martin,AR5_4_4,293.671,51.337,5.348
4,25/01/2022,AR5,Hot,_1252216,4,AR5_4,P. lutea,5,PlutMartin4,Martin4,Martin,AR5_4_5,336.583,63.763,4.793
4,25/01/2022,AR5,Hot,_1252216,4,AR5_4,P. lutea,6,PlutWood13,Wood13,Wood,AR5_4_6,49.267,84.392,3.871
4,25/01/2022,AR5,Hot,_1252216,4,AR5_4,P. lutea,7,PlutArlington9,Arlington9,Arlington,AR5_4_7,222.996,81.34,4.007
4,25/01/2022,AR5,Hot,_1252216,4,AR5_4,P. lutea,10,PlutDavies18,Davies18,Davies,AR5_4_10,208.771,87.856,3.716
4,25/01/2022,AR5,Hot,_1252216,4,AR5_4,P. lutea,11,PlutArlington12,Arlington12,Arlington,AR5_4_11,102.432,76.048,4.244
4,25/01/2022,AR5,Hot,_1252217,5,AR5_5,A. hyacinthus,2,AhyaMartin12,Martin12,Martin,AR5_5_2,369.757,68.01,4.48
4,25/01/2022,AR5,Hot,_1252217,5,AR5_5,A. hyacinthus,3,AhyaArlington8,Arlington8,Arlington,AR5_5_3,NA,NA,NA
4,25/01/2022,AR5,Hot,_1252217,5,AR5_5,A. hyacinthus,4,AhyaPalms16,Palms16,Palms,AR5_5_4,192.689,89.582,3.481
4,25/01/2022,AR5,Hot,_1252217,5,AR5_5,A. hyacinthus,5,AhyaDavies16,Davies16,Davies,AR5_5_5,374.363,101.084,2.948
4,25/01/2022,AR5,Hot,_1252217,5,AR5_5,A. hyacinthus,6,AhyaWood8,Wood8,Wood,AR5_5_6,124.988,97.772,3.101
4,25/01/2022,AR5,Hot,_1252217,5,AR5_5,A. hyacinthus,7,AhyaPalms5,Palms5,Palms,AR5_5_7,211.498,88.635,3.525
4,25/01/2022,AR5,Hot,_1252217,5,AR5_5,A. hyacinthus,9,AhyaDavies15,Davies15,Davies,AR5_5_9,NA,NA,NA
4,25/01/2022,AR5,Hot,_1252217,5,AR5_5,A. hyacinthus,11,AhyaMartin17,Martin17,Martin,AR5_5_11,356.616,91.947,3.371
4,25/01/2022,AR5,Hot,_1252218,6,AR5_6,P. lutea,1,PlutArlington19,Arlington19,Arlington,AR5_6_1,174.685,40.437,5.787
4,25/01/2022,AR5,Hot,_1252218,6,AR5_6,P. lutea,2,PlutArlington1,Arlington1,Arlington,AR5_6_2,243.513,54.576,5.134
4,25/01/2022,AR5,Hot,_1252218,6,AR5_6,P. lutea,4,PlutPalms3,Palms3,Palms,AR5_6_4,233.475,68.336,4.499
4,25/01/2022,AR5,Hot,_1252218,6,AR5_6,P. lutea,5,PlutPalms1,Palms1,Palms,AR5_6_5,224.886,70.441,4.401
4,25/01/2022,AR5,Hot,_1252218,6,AR5_6,P. lutea,6,PlutDavies7,Davies7,Davies,AR5_6_6,212.733,92.084,3.402
4,25/01/2022,AR5,Hot,_1252218,6,AR5_6,P. lutea,7,PlutDavies3,Davies3,Davies,AR5_6_7,165.495,101.228,2.98
4,25/01/2022,AR5,Hot,_1252218,6,AR5_6,P. lutea,8,PlutWood14,Wood14,Wood,AR5_6_8,209.963,49.3,5.378
4,25/01/2022,AR5,Hot,_1252218,6,AR5_6,P. lutea,9,PlutPalms17,Palms17,Palms,AR5_6_9,188.448,59.631,4.901
4,25/01/2022,AR5,Hot,_1252218,6,AR5_6,P. lutea,10,PlutPalms23,Palms23,Palms,AR5_6_10,116.732,68.216,4.504
4,25/01/2022,AR5,Hot,_1252218,6,AR5_6,P. lutea,11,PlutMartin14,Martin14,Martin,AR5_6_11,301.637,49.809,5.354
4,25/01/2022,AR6,Hot,_1252219,1,AR6_1,A. hyacinthus,2,AhyaWood8,Wood8,Wood,AR6_1_2,243.341,76.129,4.063
4,25/01/2022,AR6,Hot,_1252219,1,AR6_1,A. hyacinthus,3,AhyaArlington9,Arlington9,Arlington,AR6_1_3,NA,NA,NA
4,25/01/2022,AR6,Hot,_1252219,1,AR6_1,A. hyacinthus,4,AhyaDavies9,Davies9,Davies,AR6_1_4,NA,NA,NA
4,25/01/2022,AR6,Hot,_1252219,1,AR6_1,A. hyacinthus,5,AhyaArlington1,Arlington1,Arlington,AR6_1_5,327.629,84.253,3.684
4,25/01/2022,AR6,Hot,_1252219,1,AR6_1,A. hyacinthus,6,AhyaPalms4,Palms4,Palms,AR6_1_6,149.38,82.583,3.762
4,25/01/2022,AR6,Hot,_1252219,1,AR6_1,A. hyacinthus,7,AhyaWood7A,Wood7A,Wood,AR6_1_7,NA,NA,NA
4,25/01/2022,AR6,Hot,_1252219,1,AR6_1,A. hyacinthus,8,AhyaArlington11,Arlington11,Arlington,AR6_1_8,179.269,70.976,4.303
4,25/01/2022,AR6,Hot,_1252219,1,AR6_1,A. hyacinthus,9,AhyaArlington6,Arlington6,Arlington,AR6_1_9,96.956,91.049,3.367
4,25/01/2022,AR6,Hot,_1252219,1,AR6_1,A. hyacinthus,10,AhyaWood16,Wood16,Wood,AR6_1_10,194.342,75.053,4.113
4,25/01/2022,AR6,Hot,_1252219,1,AR6_1,A. hyacinthus,11,AhyaArlington10,Arlington10,Arlington,AR6_1_11,NA,NA,NA
4,25/01/2022,AR6,Hot,_1252220,2,AR6_2,P. lutea,1,PlutArlington12,Arlington12,Arlington,AR6_2_1,276.247,56.726,5.065
4,25/01/2022,AR6,Hot,_1252220,2,AR6_2,P. lutea,2,PlutDavies1,Davies1,Davies,AR6_2_2,272.532,70.494,4.423
4,25/01/2022,AR6,Hot,_1252220,2,AR6_2,P. lutea,3,PlutWood4,Wood4,Wood,AR6_2_3,346.717,55.301,5.131
4,25/01/2022,AR6,Hot,_1252220,2,AR6_2,P. lutea,4,PlutArlington1,Arlington1,Arlington,AR6_2_4,243.234,56.745,5.064
4,25/01/2022,AR6,Hot,_1252220,2,AR6_2,P. lutea,5,PlutPalms23,Palms23,Palms,AR6_2_5,108.798,86.959,3.655
4,25/01/2022,AR6,Hot,_1252220,2,AR6_2,P. lutea,6,PlutPalms1,Palms1,Palms,AR6_2_6,142.198,84.341,3.777
4,25/01/2022,AR6,Hot,_1252220,2,AR6_2,P. lutea,7,PlutWood13,Wood13,Wood,AR6_2_7,162.66,88.621,3.578
4,25/01/2022,AR6,Hot,_1252220,2,AR6_2,P. lutea,8,PlutPalms17,Palms17,Palms,AR6_2_8,351.903,52.725,5.251
4,25/01/2022,AR6,Hot,_1252220,2,AR6_2,P. lutea,9,PlutPalms4,Palms4,Palms,AR6_2_9,295.969,81.631,3.903
4,25/01/2022,AR6,Hot,_1252220,2,AR6_2,P. lutea,10,PlutMartin19,Martin19,Martin,AR6_2_10,227.677,64.032,4.724
4,25/01/2022,AR6,Hot,_1252221,3,AR6_3,A. hyacinthus,1,AhyaDavies16,Davies16,Davies,AR6_3_1,405.261,74.762,4.151
4,25/01/2022,AR6,Hot,_1252221,3,AR6_3,A. hyacinthus,2,AhyaPalms3,Palms3,Palms,AR6_3_2,302.926,66.518,4.542
4,25/01/2022,AR6,Hot,_1252221,3,AR6_3,A. hyacinthus,3,AhyaDavies12,Davies12,Davies,AR6_3_3,385.431,101.442,2.883
4,25/01/2022,AR6,Hot,_1252221,3,AR6_3,A. hyacinthus,4,AhyaWood5A,Wood5A,Wood,AR6_3_4,190.778,110.699,2.444
4,25/01/2022,AR6,Hot,_1252221,3,AR6_3,A. hyacinthus,5,AhyaMartin13,Martin13,Martin,AR6_3_5,337.42,93.781,3.247
4,25/01/2022,AR6,Hot,_1252221,3,AR6_3,A. hyacinthus,7,AhyaDavies14,Davies14,Davies,AR6_3_7,182.597,103.58,2.782
4,25/01/2022,AR6,Hot,_1252221,3,AR6_3,A. hyacinthus,9,AhyaDavies18,Davies18,Davies,AR6_3_9,NA,NA,NA
4,25/01/2022,AR6,Hot,_1252221,3,AR6_3,A. hyacinthus,10,AhyaPalms16,Palms16,Palms,AR6_3_10,201.224,62.01,4.756
4,25/01/2022,AR6,Hot,_1252221,3,AR6_3,A. hyacinthus,11,AhyaMartin12,Martin12,Martin,AR6_3_11,226.786,75.681,4.107
4,25/01/2022,AR6,Hot,_1252222,4,AR6_4,P. lutea,1,PlutWood14,Wood14,Wood,AR6_4_1,272.876,34.499,6.06
4,25/01/2022,AR6,Hot,_1252222,4,AR6_4,P. lutea,2,PlutMartin32,Martin32,Martin,AR6_4_2,360.921,72.284,4.282
4,25/01/2022,AR6,Hot,_1252222,4,AR6_4,P. lutea,3,PlutDavies18,Davies18,Davies,AR6_4_3,298.18,74.91,4.158
4,25/01/2022,AR6,Hot,_1252222,4,AR6_4,P. lutea,4,PlutDavies10,Davies10,Davies,AR6_4_4,223.673,83.234,3.766
4,25/01/2022,AR6,Hot,_1252222,4,AR6_4,P. lutea,5,PlutPalms3,Palms3,Palms,AR6_4_5,162.918,86.29,3.622
4,25/01/2022,AR6,Hot,_1252222,4,AR6_4,P. lutea,6,PlutArlington19,Arlington19,Arlington,AR6_4_6,250.395,78.144,4.006
4,25/01/2022,AR6,Hot,_1252222,4,AR6_4,P. lutea,7,PlutDavies3,Davies3,Davies,AR6_4_7,82.431,110.347,2.49
4,25/01/2022,AR6,Hot,_1252222,4,AR6_4,P. lutea,9,PlutWood20,Wood20,Wood,AR6_4_9,173.879,78.235,4.001
4,25/01/2022,AR6,Hot,_1252222,4,AR6_4,P. lutea,10,PlutMartin14,Martin14,Martin,AR6_4_10,335.144,48.887,5.383
4,25/01/2022,AR6,Hot,_1252222,4,AR6_4,P. lutea,11,PlutArlington16,Arlington16,Arlington,AR6_4_11,308.079,40.732,5.767
4,25/01/2022,AR6,Hot,_1252223,5,AR6_5,A. hyacinthus,1,AhyaPalms5,Palms5,Palms,AR6_5_1,229.878,69.034,4.406
4,25/01/2022,AR6,Hot,_1252223,5,AR6_5,A. hyacinthus,2,AhyaPalms10,Palms10,Palms,AR6_5_2,146.921,77.33,4.02
4,25/01/2022,AR6,Hot,_1252223,5,AR6_5,A. hyacinthus,4,AhyaMartin3,Martin3,Martin,AR6_5_4,160.739,82.748,3.768
4,25/01/2022,AR6,Hot,_1252223,5,AR6_5,A. hyacinthus,5,AhyaArlington8,Arlington8,Arlington,AR6_5_5,243.341,96.542,3.126
4,25/01/2022,AR6,Hot,_1252223,5,AR6_5,A. hyacinthus,6,AhyaPalms6,Palms6,Palms,AR6_5_6,234.419,114.771,2.278
4,25/01/2022,AR6,Hot,_1252223,5,AR6_5,A. hyacinthus,7,AhyaWood17,Wood17,Wood,AR6_5_7,183.016,87.984,3.524
4,25/01/2022,AR6,Hot,_1252223,5,AR6_5,A. hyacinthus,8,AhyaDavies15,Davies15,Davies,AR6_5_8,134.436,78.373,3.972
4,25/01/2022,AR6,Hot,_1252223,5,AR6_5,A. hyacinthus,9,AhyaMartin17,Martin17,Martin,AR6_5_9,193.44,105.832,2.694
4,25/01/2022,AR6,Hot,_1252223,5,AR6_5,A. hyacinthus,10,AhyaMartin11,Martin11,Martin,AR6_5_10,166.558,67.928,4.458
4,25/01/2022,AR6,Hot,_1252224,6,AR6_6,P. lutea,1,PlutWood29,Wood29,Wood,AR6_6_1,228.236,57.191,5.032
4,25/01/2022,AR6,Hot,_1252224,6,AR6_6,P. lutea,2,PlutMartin4,Martin4,Martin,AR6_6_2,253.519,66.753,4.586
4,25/01/2022,AR6,Hot,_1252224,6,AR6_6,P. lutea,3,PlutArlington9,Arlington9,Arlington,AR6_6_3,331.043,71.756,4.352
4,25/01/2022,AR6,Hot,_1252224,6,AR6_6,P. lutea,4,PlutArlington6,Arlington6,Arlington,AR6_6_4,282.409,70.178,4.426
4,25/01/2022,AR6,Hot,_1252224,6,AR6_6,P. lutea,5,PlutMartin18,Martin18,Martin,AR6_6_5,276.043,61.553,4.828
4,25/01/2022,AR6,Hot,_1252224,6,AR6_6,P. lutea,6,PlutDavies9,Davies9,Davies,AR6_6_6,104.375,93.902,3.319
4,25/01/2022,AR6,Hot,_1252224,6,AR6_6,P. lutea,8,PlutPalms20,Palms20,Palms,AR6_6_8,182.586,101.603,2.96
4,25/01/2022,AR6,Hot,_1252224,6,AR6_6,P. lutea,9,PlutMartin36,Martin36,Martin,AR6_6_9,190.746,69.979,4.435
4,25/01/2022,AR6,Hot,_1252224,6,AR6_6,P. lutea,10,PlutDavies7,Davies7,Davies,AR6_6_10,169.596,76.991,4.108
