#,Table,Temp_C,Intensity_Lux,Date,Time,Date_Time
56,1,30.054,4994.5,19/02/2022,15:14,19/02/2022 15:14
57,1,30.054,4994.5,19/02/2022,16:14,19/02/2022 16:14
58,1,30.054,2583.4,19/02/2022,17:14,19/02/2022 17:14
59,1,29.652,462.9,19/02/2022,18:14,19/02/2022 18:14
60,1,29.552,0,19/02/2022,19:14,19/02/2022 19:14
61,1,29.552,0,19/02/2022,20:14,19/02/2022 20:14
62,1,29.452,0,19/02/2022,21:14,19/02/2022 21:14
63,1,29.552,0,19/02/2022,22:14,19/02/2022 22:14
64,1,29.452,0,19/02/2022,23:14,19/02/2022 23:14
65,1,29.452,0,20/02/2022,0:14,20/02/2022 0:14
66,1,29.352,0,20/02/2022,1:14,20/02/2022 1:14
67,1,29.452,0,20/02/2022,2:14,20/02/2022 2:14
68,1,29.352,0,20/02/2022,3:14,20/02/2022 3:14
69,1,29.352,0,20/02/2022,4:14,20/02/2022 4:14
70,1,29.352,0,20/02/2022,5:14,20/02/2022 5:14
71,1,29.352,21.5,20/02/2022,6:14,20/02/2022 6:14
72,1,29.552,484.4,20/02/2022,7:14,20/02/2022 7:14
73,1,29.552,893.4,20/02/2022,8:14,20/02/2022 8:14
74,1,29.452,1022.6,20/02/2022,9:14,20/02/2022 9:14
75,1,29.752,1808.3,20/02/2022,10:14,20/02/2022 10:14
76,1,29.953,1722.2,20/02/2022,11:14,20/02/2022 11:14
77,1,30.054,2927.8,20/02/2022,12:14,20/02/2022 12:14
78,1,30.154,3100,20/02/2022,13:14,20/02/2022 13:14
79,1,30.154,2669.5,20/02/2022,14:14,20/02/2022 14:14
80,1,29.853,1980.6,20/02/2022,15:14,20/02/2022 15:14
81,1,29.752,1636.1,20/02/2022,16:14,20/02/2022 16:14
82,1,29.853,2411.1,20/02/2022,17:14,20/02/2022 17:14
83,1,29.652,258.3,20/02/2022,18:14,20/02/2022 18:14
84,1,29.552,0,20/02/2022,19:14,20/02/2022 19:14
85,1,29.552,0,20/02/2022,20:14,20/02/2022 20:14
86,1,29.452,0,20/02/2022,21:14,20/02/2022 21:14
87,1,29.452,0,20/02/2022,22:14,20/02/2022 22:14
88,1,29.452,0,20/02/2022,23:14,20/02/2022 23:14
89,1,29.452,0,21/02/2022,0:14,21/02/2022 0:14
90,1,29.452,0,21/02/2022,1:14,21/02/2022 1:14
91,1,29.452,0,21/02/2022,2:14,21/02/2022 2:14
92,1,29.352,0,21/02/2022,3:14,21/02/2022 3:14
93,1,29.352,0,21/02/2022,4:14,21/02/2022 4:14
94,1,29.352,0,21/02/2022,5:14,21/02/2022 5:14
95,1,29.352,21.5,21/02/2022,6:14,21/02/2022 6:14
96,1,29.452,473.6,21/02/2022,7:14,21/02/2022 7:14
97,1,29.552,818.1,21/02/2022,8:14,21/02/2022 8:14
98,1,29.552,828.8,21/02/2022,9:14,21/02/2022 9:14
99,1,29.953,2238.9,21/02/2022,10:14,21/02/2022 10:14
100,1,29.953,2669.5,21/02/2022,11:14,21/02/2022 11:14
101,1,29.853,1463.9,21/02/2022,12:14,21/02/2022 12:14
102,1,30.154,3444.5,21/02/2022,13:14,21/02/2022 13:14
103,1,30.255,4650,21/02/2022,14:14,21/02/2022 14:14
104,1,30.356,4994.5,21/02/2022,15:14,21/02/2022 15:14
105,1,30.255,3444.5,21/02/2022,16:14,21/02/2022 16:14
106,1,29.953,2325,21/02/2022,17:14,21/02/2022 17:14
107,1,29.752,398.3,21/02/2022,18:14,21/02/2022 18:14
108,1,29.752,0,21/02/2022,19:14,21/02/2022 19:14
109,1,29.752,0,21/02/2022,20:14,21/02/2022 20:14
110,1,29.652,0,21/02/2022,21:14,21/02/2022 21:14
111,1,29.652,0,21/02/2022,22:14,21/02/2022 22:14
112,1,29.652,0,21/02/2022,23:14,21/02/2022 23:14
113,1,29.652,0,22/02/2022,0:14,22/02/2022 0:14
114,1,29.652,0,22/02/2022,1:14,22/02/2022 1:14
115,1,29.652,0,22/02/2022,2:14,22/02/2022 2:14
116,1,29.652,0,22/02/2022,3:14,22/02/2022 3:14
117,1,29.652,0,22/02/2022,4:14,22/02/2022 4:14
118,1,29.552,0,22/02/2022,5:14,22/02/2022 5:14
119,1,29.652,10.8,22/02/2022,6:14,22/02/2022 6:14
120,1,29.752,484.4,22/02/2022,7:14,22/02/2022 7:14
121,1,29.853,1054.9,22/02/2022,8:14,22/02/2022 8:14
122,1,30.054,1636.1,22/02/2022,9:14,22/02/2022 9:14
123,1,29.953,2152.8,22/02/2022,10:14,22/02/2022 10:14
124,1,29.953,1463.9,22/02/2022,11:14,22/02/2022 11:14
125,1,30.356,3100,22/02/2022,12:14,22/02/2022 12:14
126,1,30.154,3961.1,22/02/2022,13:14,22/02/2022 13:14
127,1,30.255,4650,22/02/2022,14:14,22/02/2022 14:14
128,1,30.659,4822.3,22/02/2022,15:14,22/02/2022 15:14
129,1,30.457,4133.4,22/02/2022,16:14,22/02/2022 16:14
130,1,30.255,2152.8,22/02/2022,17:14,22/02/2022 17:14
131,1,30.054,258.3,22/02/2022,18:14,22/02/2022 18:14
132,1,29.953,0,22/02/2022,19:14,22/02/2022 19:14
133,1,29.953,0,22/02/2022,20:14,22/02/2022 20:14
134,1,29.853,0,22/02/2022,21:14,22/02/2022 21:14
135,1,29.853,0,22/02/2022,22:14,22/02/2022 22:14
136,1,29.853,0,22/02/2022,23:14,22/02/2022 23:14
137,1,29.853,0,23/02/2022,0:14,23/02/2022 0:14
138,1,29.752,0,23/02/2022,1:14,23/02/2022 1:14
139,1,29.752,0,23/02/2022,2:14,23/02/2022 2:14
140,1,29.752,0,23/02/2022,3:14,23/02/2022 3:14
141,1,29.752,0,23/02/2022,4:14,23/02/2022 4:14
142,1,29.752,0,23/02/2022,5:14,23/02/2022 5:14
143,1,29.752,10.8,23/02/2022,6:14,23/02/2022 6:14
144,1,29.853,516.7,23/02/2022,7:14,23/02/2022 7:14
145,1,30.154,1377.8,23/02/2022,8:14,23/02/2022 8:14
146,1,30.154,1463.9,23/02/2022,9:14,23/02/2022 9:14
147,1,30.154,1980.6,23/02/2022,10:14,23/02/2022 10:14
148,1,30.154,1980.6,23/02/2022,11:14,23/02/2022 11:14
149,1,30.154,2066.7,23/02/2022,12:14,23/02/2022 12:14
150,1,30.457,3961.1,23/02/2022,13:14,23/02/2022 13:14
151,1,30.457,4822.3,23/02/2022,14:14,23/02/2022 14:14
152,1,30.457,2152.8,23/02/2022,15:14,23/02/2022 15:14
153,1,30.255,990.3,23/02/2022,16:14,23/02/2022 16:14
154,1,30.154,398.3,23/02/2022,17:14,23/02/2022 17:14
155,1,30.054,355.2,23/02/2022,18:14,23/02/2022 18:14
156,1,30.054,0,23/02/2022,19:14,23/02/2022 19:14
157,1,30.054,0,23/02/2022,20:14,23/02/2022 20:14
158,1,29.953,0,23/02/2022,21:14,23/02/2022 21:14
159,1,29.953,0,23/02/2022,22:14,23/02/2022 22:14
160,1,29.953,0,23/02/2022,23:14,23/02/2022 23:14
161,1,29.853,0,24/02/2022,0:14,24/02/2022 0:14
162,1,29.853,0,24/02/2022,1:14,24/02/2022 1:14
163,1,29.853,0,24/02/2022,2:14,24/02/2022 2:14
164,1,29.953,0,24/02/2022,3:14,24/02/2022 3:14
165,1,29.953,0,24/02/2022,4:14,24/02/2022 4:14
166,1,29.853,0,24/02/2022,5:14,24/02/2022 5:14
167,1,29.853,10.8,24/02/2022,6:14,24/02/2022 6:14
168,1,29.953,366,24/02/2022,7:14,24/02/2022 7:14
169,1,30.054,742.7,24/02/2022,8:14,24/02/2022 8:14
170,1,30.356,1377.8,24/02/2022,9:14,24/02/2022 9:14
171,1,30.255,1636.1,24/02/2022,10:14,24/02/2022 10:14
172,1,30.154,1463.9,24/02/2022,11:14,24/02/2022 11:14
173,1,30.255,2583.4,24/02/2022,12:14,24/02/2022 12:14
174,1,30.356,5166.7,24/02/2022,13:14,24/02/2022 13:14
175,1,30.558,3444.5,24/02/2022,14:14,24/02/2022 14:14
176,1,30.558,3961.1,24/02/2022,15:14,24/02/2022 15:14
177,1,30.558,3788.9,24/02/2022,16:14,24/02/2022 16:14
178,1,30.862,1980.6,24/02/2022,17:14,24/02/2022 17:14
179,1,30.558,344.4,24/02/2022,18:14,24/02/2022 18:14
180,1,30.659,0,24/02/2022,19:14,24/02/2022 19:14
181,1,30.558,0,24/02/2022,20:14,24/02/2022 20:14
182,1,30.558,0,24/02/2022,21:14,24/02/2022 21:14
183,1,30.255,0,24/02/2022,22:14,24/02/2022 22:14
184,1,30.255,0,24/02/2022,23:14,24/02/2022 23:14
185,1,30.154,0,25/02/2022,0:14,25/02/2022 0:14
186,1,30.154,0,25/02/2022,1:14,25/02/2022 1:14
187,1,29.953,0,25/02/2022,2:14,25/02/2022 2:14
188,1,29.953,0,25/02/2022,3:14,25/02/2022 3:14
189,1,29.953,0,25/02/2022,4:14,25/02/2022 4:14
190,1,29.953,0,25/02/2022,5:14,25/02/2022 5:14
191,1,29.953,0,25/02/2022,6:14,25/02/2022 6:14
192,1,30.054,247.6,25/02/2022,7:14,25/02/2022 7:14
193,1,30.356,893.4,25/02/2022,8:14,25/02/2022 8:14
194,1,30.558,1259.4,25/02/2022,9:14,25/02/2022 9:14
195,1,30.558,1894.5,25/02/2022,10:14,25/02/2022 10:14
196,1,30.558,2497.2,25/02/2022,11:14,25/02/2022 11:14
197,1,30.558,3444.5,25/02/2022,12:14,25/02/2022 12:14
198,1,30.76,4133.4,25/02/2022,13:14,25/02/2022 13:14
199,1,30.963,4305.6,25/02/2022,14:14,25/02/2022 14:14
200,1,30.76,871.9,25/02/2022,15:14,25/02/2022 15:14
201,1,31.166,4305.6,25/02/2022,16:14,25/02/2022 16:14
202,1,30.76,1980.6,25/02/2022,17:14,25/02/2022 17:14
203,1,30.659,301.4,25/02/2022,18:14,25/02/2022 18:14
204,1,30.659,0,25/02/2022,19:14,25/02/2022 19:14
205,1,30.558,0,25/02/2022,20:14,25/02/2022 20:14
206,1,30.558,0,25/02/2022,21:14,25/02/2022 21:14
207,1,30.154,0,25/02/2022,22:14,25/02/2022 22:14
208,1,30.255,0,25/02/2022,23:14,25/02/2022 23:14
209,1,30.356,0,26/02/2022,0:14,26/02/2022 0:14
210,1,30.154,0,26/02/2022,1:14,26/02/2022 1:14
211,1,30.054,0,26/02/2022,2:14,26/02/2022 2:14
212,1,29.953,0,26/02/2022,3:14,26/02/2022 3:14
213,1,29.953,0,26/02/2022,4:14,26/02/2022 4:14
214,1,30.054,0,26/02/2022,5:14,26/02/2022 5:14
215,1,29.953,10.8,26/02/2022,6:14,26/02/2022 6:14
216,1,30.054,333.7,26/02/2022,7:14,26/02/2022 7:14
217,1,30.255,818.1,26/02/2022,8:14,26/02/2022 8:14
218,1,30.457,1194.8,26/02/2022,9:14,26/02/2022 9:14
219,1,30.356,1980.6,26/02/2022,10:14,26/02/2022 10:14
220,1,30.457,2238.9,26/02/2022,11:14,26/02/2022 11:14
221,1,30.659,3444.5,26/02/2022,12:14,26/02/2022 12:14
222,1,30.659,4477.8,26/02/2022,13:14,26/02/2022 13:14
223,1,30.659,5338.9,26/02/2022,14:14,26/02/2022 14:14
224,1,31.166,5166.7,26/02/2022,15:14,26/02/2022 15:14
225,1,30.862,3616.7,26/02/2022,16:14,26/02/2022 16:14
226,1,30.76,1722.2,26/02/2022,17:14,26/02/2022 17:14
227,1,30.558,129.2,26/02/2022,18:14,26/02/2022 18:14
228,1,30.457,0,26/02/2022,19:14,26/02/2022 19:14
229,1,30.558,0,26/02/2022,20:14,26/02/2022 20:14
230,1,30.558,0,26/02/2022,21:14,26/02/2022 21:14
231,1,30.558,0,26/02/2022,22:14,26/02/2022 22:14
232,1,30.356,0,26/02/2022,23:14,26/02/2022 23:14
233,1,30.255,0,27/02/2022,0:14,27/02/2022 0:14
234,1,30.255,0,27/02/2022,1:14,27/02/2022 1:14
235,1,30.255,0,27/02/2022,2:14,27/02/2022 2:14
236,1,30.255,0,27/02/2022,3:14,27/02/2022 3:14
237,1,30.154,0,27/02/2022,4:14,27/02/2022 4:14
238,1,30.154,0,27/02/2022,5:14,27/02/2022 5:14
239,1,30.154,10.8,27/02/2022,6:14,27/02/2022 6:14
240,1,30.154,322.9,27/02/2022,7:14,27/02/2022 7:14
241,1,30.356,731.9,27/02/2022,8:14,27/02/2022 8:14
242,1,30.356,1227.1,27/02/2022,9:14,27/02/2022 9:14
243,1,30.154,1722.2,27/02/2022,10:14,27/02/2022 10:14
244,1,30.255,2325,27/02/2022,11:14,27/02/2022 11:14
245,1,30.457,3100,27/02/2022,12:14,27/02/2022 12:14
246,1,30.558,3961.1,27/02/2022,13:14,27/02/2022 13:14
247,1,30.457,4133.4,27/02/2022,14:14,27/02/2022 14:14
248,1,30.659,5166.7,27/02/2022,15:14,27/02/2022 15:14
249,1,30.356,3788.9,27/02/2022,16:14,27/02/2022 16:14
250,1,30.356,1097.9,27/02/2022,17:14,27/02/2022 17:14
251,1,30.356,107.6,27/02/2022,18:14,27/02/2022 18:14
252,1,30.356,0,27/02/2022,19:14,27/02/2022 19:14
253,1,30.255,0,27/02/2022,20:14,27/02/2022 20:14
254,1,30.255,0,27/02/2022,21:14,27/02/2022 21:14
255,1,30.054,0,27/02/2022,22:14,27/02/2022 22:14
256,1,30.054,0,27/02/2022,23:14,27/02/2022 23:14
257,1,30.154,0,28/02/2022,0:14,28/02/2022 0:14
258,1,30.154,0,28/02/2022,1:14,28/02/2022 1:14
259,1,30.054,0,28/02/2022,2:14,28/02/2022 2:14
260,1,30.054,0,28/02/2022,3:14,28/02/2022 3:14
261,1,30.054,0,28/02/2022,4:14,28/02/2022 4:14
262,1,30.054,0,28/02/2022,5:14,28/02/2022 5:14
263,1,30.054,0,28/02/2022,6:14,28/02/2022 6:14
264,1,30.154,355.2,28/02/2022,7:14,28/02/2022 7:14
265,1,30.255,796.5,28/02/2022,8:14,28/02/2022 8:14
266,1,30.457,1205.6,28/02/2022,9:14,28/02/2022 9:14
267,1,30.558,1550,28/02/2022,10:14,28/02/2022 10:14
268,1,30.659,2152.8,28/02/2022,11:14,28/02/2022 11:14
269,1,30.457,3272.2,28/02/2022,12:14,28/02/2022 12:14
270,1,30.76,3788.9,28/02/2022,13:14,28/02/2022 13:14
271,1,30.659,2411.1,28/02/2022,14:14,28/02/2022 14:14
272,1,30.963,4305.6,28/02/2022,15:14,28/02/2022 15:14
273,1,30.558,3788.9,28/02/2022,16:14,28/02/2022 16:14
274,1,30.356,1205.6,28/02/2022,17:14,28/02/2022 17:14
275,1,30.356,150.7,28/02/2022,18:14,28/02/2022 18:14
276,1,30.356,0,28/02/2022,19:14,28/02/2022 19:14
277,1,30.356,0,28/02/2022,20:14,28/02/2022 20:14
278,1,30.356,0,28/02/2022,21:14,28/02/2022 21:14
279,1,30.255,0,28/02/2022,22:14,28/02/2022 22:14
280,1,30.255,0,28/02/2022,23:14,28/02/2022 23:14
281,1,30.356,0,1/03/2022,0:14,1/03/2022 0:14
282,1,30.255,0,1/03/2022,1:14,1/03/2022 1:14
283,1,30.154,0,1/03/2022,2:14,1/03/2022 2:14
284,1,30.154,0,1/03/2022,3:14,1/03/2022 3:14
285,1,30.154,0,1/03/2022,4:14,1/03/2022 4:14
286,1,30.154,0,1/03/2022,5:14,1/03/2022 5:14
287,1,30.154,10.8,1/03/2022,6:14,1/03/2022 6:14
288,1,30.154,269.1,1/03/2022,7:14,1/03/2022 7:14
289,1,30.154,656.6,1/03/2022,8:14,1/03/2022 8:14
290,1,30.558,1722.2,1/03/2022,9:14,1/03/2022 9:14
291,1,30.457,1636.1,1/03/2022,10:14,1/03/2022 10:14
292,1,30.659,1722.2,1/03/2022,11:14,1/03/2022 11:14
293,1,30.76,3444.5,1/03/2022,12:14,1/03/2022 12:14
294,1,30.862,4305.6,1/03/2022,13:14,1/03/2022 13:14
295,1,31.064,5166.7,1/03/2022,14:14,1/03/2022 14:14
296,1,31.166,5166.7,1/03/2022,15:14,1/03/2022 15:14
297,1,30.76,4650,1/03/2022,16:14,1/03/2022 16:14
298,1,30.457,1808.3,1/03/2022,17:14,1/03/2022 17:14
299,1,30.457,204.5,1/03/2022,18:14,1/03/2022 18:14
300,1,30.356,0,1/03/2022,19:14,1/03/2022 19:14
301,1,30.356,0,1/03/2022,20:14,1/03/2022 20:14
302,1,30.356,0,1/03/2022,21:14,1/03/2022 21:14
303,1,30.356,0,1/03/2022,22:14,1/03/2022 22:14
304,1,30.356,0,1/03/2022,23:14,1/03/2022 23:14
305,1,30.356,0,2/03/2022,0:14,2/03/2022 0:14
306,1,30.255,0,2/03/2022,1:14,2/03/2022 1:14
307,1,30.154,0,2/03/2022,2:14,2/03/2022 2:14
308,1,30.154,0,2/03/2022,3:14,2/03/2022 3:14
309,1,30.154,0,2/03/2022,4:14,2/03/2022 4:14
310,1,30.154,0,2/03/2022,5:14,2/03/2022 5:14
311,1,30.154,0,2/03/2022,6:14,2/03/2022 6:14
312,1,30.154,312.2,2/03/2022,7:14,2/03/2022 7:14
313,1,30.356,624.3,2/03/2022,8:14,2/03/2022 8:14
314,1,30.457,1033.3,2/03/2022,9:14,2/03/2022 9:14
315,1,30.558,1463.9,2/03/2022,10:14,2/03/2022 10:14
316,1,30.862,1980.6,2/03/2022,11:14,2/03/2022 11:14
317,1,30.457,3100,2/03/2022,12:14,2/03/2022 12:14
318,1,30.558,4477.8,2/03/2022,13:14,2/03/2022 13:14
319,1,31.166,4477.8,2/03/2022,14:14,2/03/2022 14:14
320,1,31.064,5338.9,2/03/2022,15:14,2/03/2022 15:14
321,1,30.862,4650,2/03/2022,16:14,2/03/2022 16:14
322,1,30.558,1808.3,2/03/2022,17:14,2/03/2022 17:14
323,1,30.356,193.8,2/03/2022,18:14,2/03/2022 18:14
324,1,30.356,0,2/03/2022,19:14,2/03/2022 19:14
325,1,30.356,0,2/03/2022,20:14,2/03/2022 20:14
326,1,30.356,0,2/03/2022,21:14,2/03/2022 21:14
327,1,30.356,0,2/03/2022,22:14,2/03/2022 22:14
328,1,30.356,0,2/03/2022,23:14,2/03/2022 23:14
329,1,30.356,0,3/03/2022,0:14,3/03/2022 0:14
330,1,30.054,0,3/03/2022,1:14,3/03/2022 1:14
331,1,30.154,0,3/03/2022,2:14,3/03/2022 2:14
332,1,30.154,0,3/03/2022,3:14,3/03/2022 3:14
333,1,30.054,0,3/03/2022,4:14,3/03/2022 4:14
334,1,30.054,0,3/03/2022,5:14,3/03/2022 5:14
335,1,30.054,0,3/03/2022,6:14,3/03/2022 6:14
336,1,30.154,322.9,3/03/2022,7:14,3/03/2022 7:14
337,1,30.356,645.8,3/03/2022,8:14,3/03/2022 8:14
338,1,30.356,990.3,3/03/2022,9:14,3/03/2022 9:14
339,1,30.558,1377.8,3/03/2022,10:14,3/03/2022 10:14
340,1,30.659,1980.6,3/03/2022,11:14,3/03/2022 11:14
341,1,30.154,2583.4,3/03/2022,12:14,3/03/2022 12:14
342,1,30.558,3444.5,3/03/2022,13:14,3/03/2022 13:14
343,1,30.862,4133.4,3/03/2022,14:14,3/03/2022 14:14
344,1,30.862,4822.3,3/03/2022,15:14,3/03/2022 15:14
345,1,30.76,3788.9,3/03/2022,16:14,3/03/2022 16:14
346,1,30.558,1894.5,3/03/2022,17:14,3/03/2022 17:14
347,1,30.255,193.8,3/03/2022,18:14,3/03/2022 18:14
348,1,30.154,0,3/03/2022,19:14,3/03/2022 19:14
349,1,30.255,0,3/03/2022,20:14,3/03/2022 20:14
350,1,30.255,0,3/03/2022,21:14,3/03/2022 21:14
351,1,30.154,0,3/03/2022,22:14,3/03/2022 22:14
352,1,30.255,0,3/03/2022,23:14,3/03/2022 23:14
353,1,30.255,0,4/03/2022,0:14,4/03/2022 0:14
354,1,30.154,0,4/03/2022,1:14,4/03/2022 1:14
355,1,29.953,0,4/03/2022,2:14,4/03/2022 2:14
356,1,30.054,0,4/03/2022,3:14,4/03/2022 3:14
357,1,29.953,0,4/03/2022,4:14,4/03/2022 4:14
358,1,29.953,0,4/03/2022,5:14,4/03/2022 5:14
359,1,29.953,0,4/03/2022,6:14,4/03/2022 6:14
360,1,30.054,301.4,4/03/2022,7:14,4/03/2022 7:14
361,1,30.154,667.4,4/03/2022,8:14,4/03/2022 8:14
362,1,30.255,958,4/03/2022,9:14,4/03/2022 9:14
363,1,30.356,1345.5,4/03/2022,10:14,4/03/2022 10:14
364,1,30.457,1894.5,4/03/2022,11:14,4/03/2022 11:14
365,1,30.558,2755.6,4/03/2022,12:14,4/03/2022 12:14
366,1,30.154,3272.2,4/03/2022,13:14,4/03/2022 13:14
367,1,30.862,4650,4/03/2022,14:14,4/03/2022 14:14
368,1,30.76,4650,4/03/2022,15:14,4/03/2022 15:14
369,1,30.558,3961.1,4/03/2022,16:14,4/03/2022 16:14
370,1,30.457,1377.8,4/03/2022,17:14,4/03/2022 17:14
371,1,30.255,139.9,4/03/2022,18:14,4/03/2022 18:14
372,1,30.054,0,4/03/2022,19:14,4/03/2022 19:14
373,1,30.054,0,4/03/2022,20:14,4/03/2022 20:14
374,1,30.054,0,4/03/2022,21:14,4/03/2022 21:14
375,1,30.054,0,4/03/2022,22:14,4/03/2022 22:14
376,1,30.054,0,4/03/2022,23:14,4/03/2022 23:14
377,1,30.054,0,5/03/2022,0:14,5/03/2022 0:14
378,1,30.054,0,5/03/2022,1:14,5/03/2022 1:14
379,1,30.054,0,5/03/2022,2:14,5/03/2022 2:14
380,1,29.853,0,5/03/2022,3:14,5/03/2022 3:14
381,1,29.953,0,5/03/2022,4:14,5/03/2022 4:14
382,1,29.953,0,5/03/2022,5:14,5/03/2022 5:14
383,1,29.853,0,5/03/2022,6:14,5/03/2022 6:14
384,1,29.953,333.7,5/03/2022,7:14,5/03/2022 7:14
385,1,30.054,635.1,5/03/2022,8:14,5/03/2022 8:14
386,1,30.154,979.5,5/03/2022,9:14,5/03/2022 9:14
387,1,30.356,1377.8,5/03/2022,10:14,5/03/2022 10:14
388,1,30.558,1636.1,5/03/2022,11:14,5/03/2022 11:14
389,1,30.659,2497.2,5/03/2022,12:14,5/03/2022 12:14
390,1,30.862,3788.9,5/03/2022,13:14,5/03/2022 13:14
391,1,30.457,5338.9,5/03/2022,14:14,5/03/2022 14:14
392,1,30.862,3444.5,5/03/2022,15:14,5/03/2022 15:14
393,1,30.862,3616.7,5/03/2022,16:14,5/03/2022 16:14
394,1,30.457,1550,5/03/2022,17:14,5/03/2022 17:14
395,1,30.255,129.2,5/03/2022,18:14,5/03/2022 18:14
396,1,30.154,0,5/03/2022,19:14,5/03/2022 19:14
397,1,30.154,0,5/03/2022,20:14,5/03/2022 20:14
398,1,30.154,0,5/03/2022,21:14,5/03/2022 21:14
399,1,30.054,0,5/03/2022,22:14,5/03/2022 22:14
400,1,30.054,0,5/03/2022,23:14,5/03/2022 23:14
401,1,30.154,0,6/03/2022,0:14,6/03/2022 0:14
402,1,30.154,0,6/03/2022,1:14,6/03/2022 1:14
403,1,30.054,0,6/03/2022,2:14,6/03/2022 2:14
404,1,30.054,0,6/03/2022,3:14,6/03/2022 3:14
405,1,30.054,0,6/03/2022,4:14,6/03/2022 4:14
406,1,30.054,0,6/03/2022,5:14,6/03/2022 5:14
407,1,29.953,0,6/03/2022,6:14,6/03/2022 6:14
408,1,30.054,269.1,6/03/2022,7:14,6/03/2022 7:14
409,1,30.154,635.1,6/03/2022,8:14,6/03/2022 8:14
410,1,30.255,925.7,6/03/2022,9:14,6/03/2022 9:14
411,1,30.356,1280.9,6/03/2022,10:14,6/03/2022 10:14
412,1,30.457,1722.2,6/03/2022,11:14,6/03/2022 11:14
413,1,30.558,2411.1,6/03/2022,12:14,6/03/2022 12:14
414,1,30.659,3272.2,6/03/2022,13:14,6/03/2022 13:14
415,1,30.76,4133.4,6/03/2022,14:14,6/03/2022 14:14
416,1,30.659,3100,6/03/2022,15:14,6/03/2022 15:14
417,1,30.558,2411.1,6/03/2022,16:14,6/03/2022 16:14
418,1,30.457,839.6,6/03/2022,17:14,6/03/2022 17:14
419,1,30.356,118.4,6/03/2022,18:14,6/03/2022 18:14
420,1,30.356,0,6/03/2022,19:14,6/03/2022 19:14
421,1,30.154,0,6/03/2022,20:14,6/03/2022 20:14
422,1,30.154,0,6/03/2022,21:14,6/03/2022 21:14
423,1,30.154,0,6/03/2022,22:14,6/03/2022 22:14
424,1,30.054,0,6/03/2022,23:14,6/03/2022 23:14
425,1,30.054,0,7/03/2022,0:14,7/03/2022 0:14
426,1,30.054,0,7/03/2022,1:14,7/03/2022 1:14
427,1,30.054,0,7/03/2022,2:14,7/03/2022 2:14
428,1,30.054,0,7/03/2022,3:14,7/03/2022 3:14
429,1,29.953,0,7/03/2022,4:14,7/03/2022 4:14
430,1,29.853,0,7/03/2022,5:14,7/03/2022 5:14
431,1,29.853,0,7/03/2022,6:14,7/03/2022 6:14
432,1,29.953,226,7/03/2022,7:14,7/03/2022 7:14
433,1,30.054,527.4,7/03/2022,8:14,7/03/2022 8:14
434,1,30.154,785.8,7/03/2022,9:14,7/03/2022 9:14
435,1,30.255,1141,7/03/2022,10:14,7/03/2022 10:14
436,1,30.154,1636.1,7/03/2022,11:14,7/03/2022 11:14
437,1,30.457,1894.5,7/03/2022,12:14,7/03/2022 12:14
438,1,30.558,2669.5,7/03/2022,13:14,7/03/2022 13:14
439,1,30.862,2927.8,7/03/2022,14:14,7/03/2022 14:14
440,1,30.963,2669.5,7/03/2022,15:14,7/03/2022 15:14
441,1,30.963,2325,7/03/2022,16:14,7/03/2022 16:14
442,1,30.963,1054.9,7/03/2022,17:14,7/03/2022 17:14
443,1,30.76,118.4,7/03/2022,18:14,7/03/2022 18:14
444,1,30.659,0,7/03/2022,19:14,7/03/2022 19:14
445,1,30.457,0,7/03/2022,20:14,7/03/2022 20:14
446,1,30.457,0,7/03/2022,21:14,7/03/2022 21:14
447,1,29.752,0,7/03/2022,22:14,7/03/2022 22:14
448,1,30.154,0,7/03/2022,23:14,7/03/2022 23:14
449,1,30.154,0,8/03/2022,0:14,8/03/2022 0:14
450,1,29.953,0,8/03/2022,1:14,8/03/2022 1:14
451,1,30.054,0,8/03/2022,2:14,8/03/2022 2:14
452,1,29.953,0,8/03/2022,3:14,8/03/2022 3:14
453,1,29.652,0,8/03/2022,4:14,8/03/2022 4:14
454,1,29.652,0,8/03/2022,5:14,8/03/2022 5:14
455,1,29.752,0,8/03/2022,6:14,8/03/2022 6:14
456,1,29.652,172.2,8/03/2022,7:14,8/03/2022 7:14
457,1,29.752,473.6,8/03/2022,8:14,8/03/2022 8:14
458,1,29.853,742.7,8/03/2022,9:14,8/03/2022 9:14
459,1,30.054,1044.1,8/03/2022,10:14,8/03/2022 10:14
460,1,29.953,1377.8,8/03/2022,11:14,8/03/2022 11:14
461,1,30.154,1808.3,8/03/2022,12:14,8/03/2022 12:14
462,1,29.953,2238.9,8/03/2022,13:14,8/03/2022 13:14
463,1,30.659,2411.1,8/03/2022,14:14,8/03/2022 14:14
464,1,30.963,3616.7,8/03/2022,15:14,8/03/2022 15:14
465,1,30.457,2066.7,8/03/2022,16:14,8/03/2022 16:14
466,1,30.356,1119.5,8/03/2022,17:14,8/03/2022 17:14
467,1,30.356,107.6,8/03/2022,18:14,8/03/2022 18:14
468,1,30.76,0,8/03/2022,19:14,8/03/2022 19:14
469,1,30.356,0,8/03/2022,20:14,8/03/2022 20:14
470,1,30.457,0,8/03/2022,21:14,8/03/2022 21:14
471,1,30.659,0,8/03/2022,22:14,8/03/2022 22:14
472,1,30.659,0,8/03/2022,23:14,8/03/2022 23:14
473,1,30.558,0,9/03/2022,0:14,9/03/2022 0:14
474,1,30.558,0,9/03/2022,1:14,9/03/2022 1:14
475,1,30.558,0,9/03/2022,2:14,9/03/2022 2:14
476,1,30.457,0,9/03/2022,3:14,9/03/2022 3:14
477,1,30.457,0,9/03/2022,4:14,9/03/2022 4:14
478,1,29.652,0,9/03/2022,5:14,9/03/2022 5:14
479,1,29.853,0,9/03/2022,6:14,9/03/2022 6:14
480,1,30.356,204.5,9/03/2022,7:14,9/03/2022 7:14
481,1,30.054,419.8,9/03/2022,8:14,9/03/2022 8:14
482,1,30.255,678.1,9/03/2022,9:14,9/03/2022 9:14
483,1,30.154,990.3,9/03/2022,10:14,9/03/2022 10:14
484,1,30.054,1463.9,9/03/2022,11:14,9/03/2022 11:14
485,1,30.154,1808.3,9/03/2022,12:14,9/03/2022 12:14
486,1,30.356,1980.6,9/03/2022,13:14,9/03/2022 13:14
487,1,31.166,3272.2,9/03/2022,14:14,9/03/2022 14:14
488,1,31.166,3272.2,9/03/2022,15:14,9/03/2022 15:14
489,1,31.166,2669.5,9/03/2022,16:14,9/03/2022 16:14
490,1,30.963,462.9,9/03/2022,17:14,9/03/2022 17:14
491,1,30.76,107.6,9/03/2022,18:14,9/03/2022 18:14
492,1,30.963,0,9/03/2022,19:14,9/03/2022 19:14
493,1,30.862,0,9/03/2022,20:14,9/03/2022 20:14
494,1,30.76,0,9/03/2022,21:14,9/03/2022 21:14
495,1,30.76,0,9/03/2022,22:14,9/03/2022 22:14
496,1,30.659,0,9/03/2022,23:14,9/03/2022 23:14
497,1,30.659,0,10/03/2022,0:14,10/03/2022 0:14
498,1,30.558,0,10/03/2022,1:14,10/03/2022 1:14
499,1,30.558,0,10/03/2022,2:14,10/03/2022 2:14
500,1,30.457,0,10/03/2022,3:14,10/03/2022 3:14
501,1,30.356,0,10/03/2022,4:14,10/03/2022 4:14
502,1,29.953,0,10/03/2022,5:14,10/03/2022 5:14
503,1,29.853,0,10/03/2022,6:14,10/03/2022 6:14
504,1,30.356,301.4,10/03/2022,7:14,10/03/2022 7:14
505,1,29.352,656.6,10/03/2022,8:14,10/03/2022 8:14
506,1,29.752,409,10/03/2022,9:14,10/03/2022 9:14
507,1,29.953,1216.3,10/03/2022,10:14,10/03/2022 10:14
508,1,30.054,1894.5,10/03/2022,11:14,10/03/2022 11:14
509,1,29.953,2583.4,10/03/2022,12:14,10/03/2022 12:14
510,1,30.154,2927.8,10/03/2022,13:14,10/03/2022 13:14
511,1,30.76,3444.5,10/03/2022,14:14,10/03/2022 14:14
512,1,30.659,4133.4,10/03/2022,15:14,10/03/2022 15:14
513,1,30.659,2669.5,10/03/2022,16:14,10/03/2022 16:14
514,1,30.558,419.8,10/03/2022,17:14,10/03/2022 17:14
515,1,30.457,21.5,10/03/2022,18:14,10/03/2022 18:14
516,1,30.356,0,10/03/2022,19:14,10/03/2022 19:14
517,1,30.356,0,10/03/2022,20:14,10/03/2022 20:14
518,1,30.255,0,10/03/2022,21:14,10/03/2022 21:14
519,1,30.255,0,10/03/2022,22:14,10/03/2022 22:14
520,1,30.356,0,10/03/2022,23:14,10/03/2022 23:14
521,1,30.356,0,11/03/2022,0:14,11/03/2022 0:14
522,1,30.255,0,11/03/2022,1:14,11/03/2022 1:14
523,1,30.154,0,11/03/2022,2:14,11/03/2022 2:14
524,1,29.853,0,11/03/2022,3:14,11/03/2022 3:14
525,1,29.953,0,11/03/2022,4:14,11/03/2022 4:14
526,1,29.953,0,11/03/2022,5:14,11/03/2022 5:14
527,1,29.953,0,11/03/2022,6:14,11/03/2022 6:14
528,1,29.953,193.8,11/03/2022,7:14,11/03/2022 7:14
529,1,28.953,688.9,11/03/2022,8:14,11/03/2022 8:14
530,1,29.853,635.1,11/03/2022,9:14,11/03/2022 9:14
531,1,29.552,990.3,11/03/2022,10:14,11/03/2022 10:14
532,1,29.953,1894.5,11/03/2022,11:14,11/03/2022 11:14
533,1,30.054,1194.8,11/03/2022,12:14,11/03/2022 12:14
534,1,30.255,2755.6,11/03/2022,13:14,11/03/2022 13:14
535,1,30.558,3788.9,11/03/2022,14:14,11/03/2022 14:14
536,1,30.558,3444.5,11/03/2022,15:14,11/03/2022 15:14
537,1,30.356,2411.1,11/03/2022,16:14,11/03/2022 16:14
538,1,29.953,807.3,11/03/2022,17:14,11/03/2022 17:14
539,1,30.154,75.3,11/03/2022,18:14,11/03/2022 18:14
540,1,30.255,0,11/03/2022,19:14,11/03/2022 19:14
541,1,30.255,0,11/03/2022,20:14,11/03/2022 20:14
542,1,30.154,0,11/03/2022,21:14,11/03/2022 21:14
543,1,30.154,0,11/03/2022,22:14,11/03/2022 22:14
544,1,30.154,0,11/03/2022,23:14,11/03/2022 23:14
545,1,30.154,0,12/03/2022,0:14,12/03/2022 0:14
546,1,30.154,0,12/03/2022,1:14,12/03/2022 1:14
547,1,30.255,0,12/03/2022,2:14,12/03/2022 2:14
548,1,30.154,0,12/03/2022,3:14,12/03/2022 3:14
549,1,30.054,0,12/03/2022,4:14,12/03/2022 4:14
550,1,30.154,0,12/03/2022,5:14,12/03/2022 5:14
551,1,30.154,0,12/03/2022,6:14,12/03/2022 6:14
552,1,30.154,226,12/03/2022,7:14,12/03/2022 7:14
553,1,30.356,322.9,12/03/2022,8:14,12/03/2022 8:14
554,1,30.558,882.6,12/03/2022,9:14,12/03/2022 9:14
555,1,30.255,462.9,12/03/2022,10:14,12/03/2022 10:14
556,1,30.457,1636.1,12/03/2022,11:14,12/03/2022 11:14
557,1,30.457,1894.5,12/03/2022,12:14,12/03/2022 12:14
558,1,30.356,1636.1,12/03/2022,13:14,12/03/2022 13:14
559,1,30.457,2152.8,12/03/2022,14:14,12/03/2022 14:14
560,1,30.356,1894.5,12/03/2022,15:14,12/03/2022 15:14
561,1,30.356,2583.4,12/03/2022,16:14,12/03/2022 16:14
562,1,30.356,1550,12/03/2022,17:14,12/03/2022 17:14
563,1,30.255,64.6,12/03/2022,18:14,12/03/2022 18:14
564,1,30.356,0,12/03/2022,19:14,12/03/2022 19:14
565,1,30.255,0,12/03/2022,20:14,12/03/2022 20:14
566,1,30.356,0,12/03/2022,21:14,12/03/2022 21:14
567,1,30.255,0,12/03/2022,22:14,12/03/2022 22:14
568,1,30.255,0,12/03/2022,23:14,12/03/2022 23:14
569,1,29.953,0,13/03/2022,0:14,13/03/2022 0:14
570,1,30.154,0,13/03/2022,1:14,13/03/2022 1:14
571,1,29.752,0,13/03/2022,2:14,13/03/2022 2:14
572,1,29.752,0,13/03/2022,3:14,13/03/2022 3:14
573,1,29.752,0,13/03/2022,4:14,13/03/2022 4:14
574,1,29.752,0,13/03/2022,5:14,13/03/2022 5:14
575,1,29.552,0,13/03/2022,6:14,13/03/2022 6:14
576,1,29.752,86.1,13/03/2022,7:14,13/03/2022 7:14
577,1,29.752,247.6,13/03/2022,8:14,13/03/2022 8:14
578,1,29.853,150.7,13/03/2022,9:14,13/03/2022 9:14
579,1,29.853,387.5,13/03/2022,10:14,13/03/2022 10:14
580,1,29.752,107.6,13/03/2022,11:14,13/03/2022 11:14
581,1,29.652,279.9,13/03/2022,12:14,13/03/2022 12:14
582,1,29.853,785.8,13/03/2022,13:14,13/03/2022 13:14
583,1,29.752,366,13/03/2022,14:14,13/03/2022 14:14
584,1,29.752,139.9,13/03/2022,15:14,13/03/2022 15:14
585,1,29.752,21.5,13/03/2022,16:14,13/03/2022 16:14
586,1,29.752,10.8,13/03/2022,17:14,13/03/2022 17:14
587,1,29.652,0,13/03/2022,18:14,13/03/2022 18:14
588,1,29.652,0,13/03/2022,19:14,13/03/2022 19:14
589,1,29.552,0,13/03/2022,20:14,13/03/2022 20:14
590,1,29.452,0,13/03/2022,21:14,13/03/2022 21:14
591,1,29.652,0,13/03/2022,22:14,13/03/2022 22:14
592,1,29.652,0,13/03/2022,23:14,13/03/2022 23:14
593,1,29.552,0,14/03/2022,0:14,14/03/2022 0:14
594,1,29.552,0,14/03/2022,1:14,14/03/2022 1:14
595,1,29.552,0,14/03/2022,2:14,14/03/2022 2:14
596,1,29.552,0,14/03/2022,3:14,14/03/2022 3:14
597,1,29.752,0,14/03/2022,4:14,14/03/2022 4:14
598,1,29.652,0,14/03/2022,5:14,14/03/2022 5:14
599,1,29.652,0,14/03/2022,6:14,14/03/2022 6:14
600,1,29.452,53.8,14/03/2022,7:14,14/03/2022 7:14
601,1,29.552,290.6,14/03/2022,8:14,14/03/2022 8:14
602,1,29.652,592,14/03/2022,9:14,14/03/2022 9:14
603,1,29.652,807.3,14/03/2022,10:14,14/03/2022 10:14
604,1,29.552,958,14/03/2022,11:14,14/03/2022 11:14
605,1,29.452,850.4,14/03/2022,12:14,14/03/2022 12:14
606,1,29.652,1162.5,14/03/2022,13:14,14/03/2022 13:14
607,1,29.652,1054.9,14/03/2022,14:14,14/03/2022 14:14
608,1,29.652,968.8,14/03/2022,15:14,14/03/2022 15:14
609,1,29.652,473.6,14/03/2022,16:14,14/03/2022 16:14
610,1,29.552,269.1,14/03/2022,17:14,14/03/2022 17:14
611,1,29.452,53.8,14/03/2022,18:14,14/03/2022 18:14
612,1,29.452,0,14/03/2022,19:14,14/03/2022 19:14
613,1,29.452,0,14/03/2022,20:14,14/03/2022 20:14
614,1,29.452,0,14/03/2022,21:14,14/03/2022 21:14
615,1,29.352,0,14/03/2022,22:14,14/03/2022 22:14
616,1,29.352,0,14/03/2022,23:14,14/03/2022 23:14
617,1,29.352,0,15/03/2022,0:14,15/03/2022 0:14
618,1,29.352,0,15/03/2022,1:14,15/03/2022 1:14
619,1,29.352,0,15/03/2022,2:14,15/03/2022 2:14
620,1,29.252,0,15/03/2022,3:14,15/03/2022 3:14
621,1,29.252,0,15/03/2022,4:14,15/03/2022 4:14
622,1,29.152,0,15/03/2022,5:14,15/03/2022 5:14
623,1,29.152,0,15/03/2022,6:14,15/03/2022 6:14
624,1,29.053,64.6,15/03/2022,7:14,15/03/2022 7:14
625,1,29.152,75.3,15/03/2022,8:14,15/03/2022 8:14
626,1,29.152,366,15/03/2022,9:14,15/03/2022 9:14
627,1,29.152,290.6,15/03/2022,10:14,15/03/2022 10:14
628,1,29.152,226,15/03/2022,11:14,15/03/2022 11:14
629,1,29.152,322.9,15/03/2022,12:14,15/03/2022 12:14
630,1,29.152,161.5,15/03/2022,13:14,15/03/2022 13:14
631,1,29.053,333.7,15/03/2022,14:14,15/03/2022 14:14
632,1,29.152,215.3,15/03/2022,15:14,15/03/2022 15:14
633,1,29.152,86.1,15/03/2022,16:14,15/03/2022 16:14
634,1,29.152,204.5,15/03/2022,17:14,15/03/2022 17:14
635,1,29.053,10.8,15/03/2022,18:14,15/03/2022 18:14
636,1,28.953,0,15/03/2022,19:14,15/03/2022 19:14
637,1,28.853,0,15/03/2022,20:14,15/03/2022 20:14
638,1,28.655,0,15/03/2022,21:14,15/03/2022 21:14
639,1,28.754,0,15/03/2022,22:14,15/03/2022 22:14
640,1,28.953,0,15/03/2022,23:14,15/03/2022 23:14
641,1,29.053,0,16/03/2022,0:14,16/03/2022 0:14
642,1,28.953,0,16/03/2022,1:14,16/03/2022 1:14
643,1,28.953,0,16/03/2022,2:14,16/03/2022 2:14
644,1,28.953,0,16/03/2022,3:14,16/03/2022 3:14
645,1,28.953,0,16/03/2022,4:14,16/03/2022 4:14
646,1,28.953,0,16/03/2022,5:14,16/03/2022 5:14
647,1,28.953,0,16/03/2022,6:14,16/03/2022 6:14
648,1,28.555,183,16/03/2022,7:14,16/03/2022 7:14
649,1,28.853,269.1,16/03/2022,8:14,16/03/2022 8:14
650,1,28.953,452.1,16/03/2022,9:14,16/03/2022 9:14
651,1,29.053,602.8,16/03/2022,10:14,16/03/2022 10:14
652,1,29.252,1001,16/03/2022,11:14,16/03/2022 11:14
653,1,29.152,1302.4,16/03/2022,12:14,16/03/2022 12:14
654,1,29.252,925.7,16/03/2022,13:14,16/03/2022 13:14
655,1,29.252,1463.9,16/03/2022,14:14,16/03/2022 14:14
656,1,29.352,1722.2,16/03/2022,15:14,16/03/2022 15:14
657,1,29.252,904.2,16/03/2022,16:14,16/03/2022 16:14
658,1,29.152,247.6,16/03/2022,17:14,16/03/2022 17:14
659,1,29.152,21.5,16/03/2022,18:14,16/03/2022 18:14
660,1,29.152,0,16/03/2022,19:14,16/03/2022 19:14
661,1,29.053,0,16/03/2022,20:14,16/03/2022 20:14
662,1,29.053,0,16/03/2022,21:14,16/03/2022 21:14
663,1,29.053,0,16/03/2022,22:14,16/03/2022 22:14
664,1,29.053,0,16/03/2022,23:14,16/03/2022 23:14
665,1,28.953,0,17/03/2022,0:14,17/03/2022 0:14
666,1,28.953,0,17/03/2022,1:14,17/03/2022 1:14
667,1,28.953,0,17/03/2022,2:14,17/03/2022 2:14
668,1,28.953,0,17/03/2022,3:14,17/03/2022 3:14
669,1,29.053,0,17/03/2022,4:14,17/03/2022 4:14
670,1,28.953,0,17/03/2022,5:14,17/03/2022 5:14
671,1,28.953,0,17/03/2022,6:14,17/03/2022 6:14
672,1,28.953,129.2,17/03/2022,7:14,17/03/2022 7:14
673,1,28.754,215.3,17/03/2022,8:14,17/03/2022 8:14
674,1,28.953,527.4,17/03/2022,9:14,17/03/2022 9:14
675,1,29.053,592,17/03/2022,10:14,17/03/2022 10:14
676,1,29.152,893.4,17/03/2022,11:14,17/03/2022 11:14
677,1,29.352,2238.9,17/03/2022,12:14,17/03/2022 12:14
678,1,29.252,1636.1,17/03/2022,13:14,17/03/2022 13:14
679,1,29.252,1377.8,17/03/2022,14:14,17/03/2022 14:14
680,1,29.252,1980.6,17/03/2022,15:14,17/03/2022 15:14
681,1,29.152,484.4,17/03/2022,16:14,17/03/2022 16:14
682,1,29.152,355.2,17/03/2022,17:14,17/03/2022 17:14
683,1,29.053,64.6,17/03/2022,18:14,17/03/2022 18:14
684,1,29.053,0,17/03/2022,19:14,17/03/2022 19:14
685,1,29.053,0,17/03/2022,20:14,17/03/2022 20:14
686,1,28.953,0,17/03/2022,21:14,17/03/2022 21:14
687,1,28.953,0,17/03/2022,22:14,17/03/2022 22:14
688,1,28.953,0,17/03/2022,23:14,17/03/2022 23:14
689,1,28.953,0,18/03/2022,0:14,18/03/2022 0:14
690,1,28.853,0,18/03/2022,1:14,18/03/2022 1:14
691,1,28.853,0,18/03/2022,2:14,18/03/2022 2:14
692,1,28.953,0,18/03/2022,3:14,18/03/2022 3:14
693,1,28.953,0,18/03/2022,4:14,18/03/2022 4:14
694,1,28.953,0,18/03/2022,5:14,18/03/2022 5:14
695,1,28.853,0,18/03/2022,6:14,18/03/2022 6:14
696,1,28.953,139.9,18/03/2022,7:14,18/03/2022 7:14
697,1,28.754,269.1,18/03/2022,8:14,18/03/2022 8:14
698,1,28.853,387.5,18/03/2022,9:14,18/03/2022 9:14
699,1,29.053,1011.8,18/03/2022,10:14,18/03/2022 10:14
700,1,29.053,839.6,18/03/2022,11:14,18/03/2022 11:14
701,1,29.053,882.6,18/03/2022,12:14,18/03/2022 12:14
702,1,29.053,990.3,18/03/2022,13:14,18/03/2022 13:14
703,1,29.053,1722.2,18/03/2022,14:14,18/03/2022 14:14
704,1,29.152,1076.4,18/03/2022,15:14,18/03/2022 15:14
705,1,29.053,484.4,18/03/2022,16:14,18/03/2022 16:14
706,1,29.053,376.7,18/03/2022,17:14,18/03/2022 17:14
707,1,28.953,0,18/03/2022,18:14,18/03/2022 18:14
708,1,28.953,0,18/03/2022,19:14,18/03/2022 19:14
709,1,28.953,0,18/03/2022,20:14,18/03/2022 20:14
710,1,28.953,0,18/03/2022,21:14,18/03/2022 21:14
711,1,28.853,0,18/03/2022,22:14,18/03/2022 22:14
712,1,28.853,0,18/03/2022,23:14,18/03/2022 23:14
713,1,28.853,0,19/03/2022,0:14,19/03/2022 0:14
714,1,28.853,0,19/03/2022,1:14,19/03/2022 1:14
715,1,28.853,0,19/03/2022,2:14,19/03/2022 2:14
716,1,28.754,0,19/03/2022,3:14,19/03/2022 3:14
717,1,28.853,0,19/03/2022,4:14,19/03/2022 4:14
718,1,28.853,0,19/03/2022,5:14,19/03/2022 5:14
719,1,28.853,0,19/03/2022,6:14,19/03/2022 6:14
720,1,28.853,236.8,19/03/2022,7:14,19/03/2022 7:14
721,1,28.953,419.8,19/03/2022,8:14,19/03/2022 8:14
722,1,28.853,721.2,19/03/2022,9:14,19/03/2022 9:14
723,1,29.152,1119.5,19/03/2022,10:14,19/03/2022 10:14
724,1,29.053,731.9,19/03/2022,11:14,19/03/2022 11:14
725,1,29.252,1894.5,19/03/2022,12:14,19/03/2022 12:14
726,1,29.252,2497.2,19/03/2022,13:14,19/03/2022 13:14
727,1,29.352,3272.2,19/03/2022,14:14,19/03/2022 14:14
728,1,29.252,3444.5,19/03/2022,15:14,19/03/2022 15:14
729,1,29.252,2927.8,19/03/2022,16:14,19/03/2022 16:14
730,1,29.053,527.4,19/03/2022,17:14,19/03/2022 17:14
731,1,28.953,21.5,19/03/2022,18:14,19/03/2022 18:14
732,1,28.953,0,19/03/2022,19:14,19/03/2022 19:14
733,1,28.953,0,19/03/2022,20:14,19/03/2022 20:14
734,1,28.953,0,19/03/2022,21:14,19/03/2022 21:14
735,1,28.953,0,19/03/2022,22:14,19/03/2022 22:14
736,1,28.953,0,19/03/2022,23:14,19/03/2022 23:14
737,1,28.853,0,20/03/2022,0:14,20/03/2022 0:14
738,1,28.853,0,20/03/2022,1:14,20/03/2022 1:14
739,1,28.853,0,20/03/2022,2:14,20/03/2022 2:14
740,1,28.853,0,20/03/2022,3:14,20/03/2022 3:14
741,1,28.853,0,20/03/2022,4:14,20/03/2022 4:14
742,1,28.953,0,20/03/2022,5:14,20/03/2022 5:14
743,1,28.853,0,20/03/2022,6:14,20/03/2022 6:14
744,1,28.953,183,20/03/2022,7:14,20/03/2022 7:14
745,1,29.053,355.2,20/03/2022,8:14,20/03/2022 8:14
746,1,28.953,592,20/03/2022,9:14,20/03/2022 9:14
747,1,29.053,441.3,20/03/2022,10:14,20/03/2022 10:14
748,1,29.152,1377.8,20/03/2022,11:14,20/03/2022 11:14
749,1,29.252,1980.6,20/03/2022,12:14,20/03/2022 12:14
750,1,29.152,1636.1,20/03/2022,13:14,20/03/2022 13:14
751,1,29.252,3272.2,20/03/2022,14:14,20/03/2022 14:14
752,1,29.452,3444.5,20/03/2022,15:14,20/03/2022 15:14
753,1,29.352,2927.8,20/03/2022,16:14,20/03/2022 16:14
754,1,29.152,1194.8,20/03/2022,17:14,20/03/2022 17:14
755,1,29.053,53.8,20/03/2022,18:14,20/03/2022 18:14
756,1,29.053,0,20/03/2022,19:14,20/03/2022 19:14
757,1,29.053,0,20/03/2022,20:14,20/03/2022 20:14
758,1,28.953,0,20/03/2022,21:14,20/03/2022 21:14
759,1,28.953,0,20/03/2022,22:14,20/03/2022 22:14
760,1,28.953,0,20/03/2022,23:14,20/03/2022 23:14
761,1,28.953,0,21/03/2022,0:14,21/03/2022 0:14
762,1,28.853,0,21/03/2022,1:14,21/03/2022 1:14
763,1,28.853,0,21/03/2022,2:14,21/03/2022 2:14
764,1,28.953,0,21/03/2022,3:14,21/03/2022 3:14
765,1,28.853,0,21/03/2022,4:14,21/03/2022 4:14
766,1,28.853,0,21/03/2022,5:14,21/03/2022 5:14
767,1,28.853,0,21/03/2022,6:14,21/03/2022 6:14
768,1,28.953,193.8,21/03/2022,7:14,21/03/2022 7:14
769,1,29.053,484.4,21/03/2022,8:14,21/03/2022 8:14
770,1,29.152,731.9,21/03/2022,9:14,21/03/2022 9:14
771,1,29.152,1001,21/03/2022,10:14,21/03/2022 10:14
772,1,29.252,1463.9,21/03/2022,11:14,21/03/2022 11:14
773,1,29.252,1894.5,21/03/2022,12:14,21/03/2022 12:14
774,1,29.352,2411.1,21/03/2022,13:14,21/03/2022 13:14
775,1,29.452,3272.2,21/03/2022,14:14,21/03/2022 14:14
776,1,29.352,3272.2,21/03/2022,15:14,21/03/2022 15:14
777,1,29.352,2927.8,21/03/2022,16:14,21/03/2022 16:14
778,1,29.252,1194.8,21/03/2022,17:14,21/03/2022 17:14
779,1,29.053,32.3,21/03/2022,18:14,21/03/2022 18:14
780,1,29.053,0,21/03/2022,19:14,21/03/2022 19:14
781,1,29.053,0,21/03/2022,20:14,21/03/2022 20:14
782,1,29.053,0,21/03/2022,21:14,21/03/2022 21:14
783,1,29.053,0,21/03/2022,22:14,21/03/2022 22:14
784,1,28.953,0,21/03/2022,23:14,21/03/2022 23:14
785,1,28.953,0,22/03/2022,0:14,22/03/2022 0:14
786,1,28.953,0,22/03/2022,1:14,22/03/2022 1:14
787,1,28.953,0,22/03/2022,2:14,22/03/2022 2:14
788,1,28.953,0,22/03/2022,3:14,22/03/2022 3:14
789,1,28.953,0,22/03/2022,4:14,22/03/2022 4:14
790,1,28.953,0,22/03/2022,5:14,22/03/2022 5:14
791,1,28.953,0,22/03/2022,6:14,22/03/2022 6:14
792,1,29.053,204.5,22/03/2022,7:14,22/03/2022 7:14
793,1,29.053,570.5,22/03/2022,8:14,22/03/2022 8:14
794,1,29.152,936.5,22/03/2022,9:14,22/03/2022 9:14
795,1,29.152,1259.4,22/03/2022,10:14,22/03/2022 10:14
796,1,29.252,990.3,22/03/2022,11:14,22/03/2022 11:14
797,1,29.452,2325,22/03/2022,12:14,22/03/2022 12:14
798,1,29.552,2927.8,22/03/2022,13:14,22/03/2022 13:14
799,1,29.552,3788.9,22/03/2022,14:14,22/03/2022 14:14
800,1,29.552,3961.1,22/03/2022,15:14,22/03/2022 15:14
801,1,29.452,3272.2,22/03/2022,16:14,22/03/2022 16:14
802,1,29.352,1345.5,22/03/2022,17:14,22/03/2022 17:14
803,1,29.152,43.1,22/03/2022,18:14,22/03/2022 18:14
804,1,29.152,0,22/03/2022,19:14,22/03/2022 19:14
805,1,29.152,0,22/03/2022,20:14,22/03/2022 20:14
806,1,29.152,0,22/03/2022,21:14,22/03/2022 21:14
807,1,29.152,0,22/03/2022,22:14,22/03/2022 22:14
808,1,29.152,0,22/03/2022,23:14,22/03/2022 23:14
809,1,29.053,0,23/03/2022,0:14,23/03/2022 0:14
810,1,29.053,0,23/03/2022,1:14,23/03/2022 1:14
811,1,29.053,0,23/03/2022,2:14,23/03/2022 2:14
812,1,29.053,0,23/03/2022,3:14,23/03/2022 3:14
813,1,29.053,0,23/03/2022,4:14,23/03/2022 4:14
814,1,29.053,0,23/03/2022,5:14,23/03/2022 5:14
815,1,28.953,0,23/03/2022,6:14,23/03/2022 6:14
816,1,29.053,139.9,23/03/2022,7:14,23/03/2022 7:14
817,1,29.152,538.2,23/03/2022,8:14,23/03/2022 8:14
818,1,29.152,344.4,23/03/2022,9:14,23/03/2022 9:14
819,1,29.252,1130.2,23/03/2022,10:14,23/03/2022 10:14
820,1,29.352,1302.4,23/03/2022,11:14,23/03/2022 11:14
821,1,29.352,1550,23/03/2022,12:14,23/03/2022 12:14
822,1,29.552,2066.7,23/03/2022,13:14,23/03/2022 13:14
823,1,29.752,2497.2,23/03/2022,14:14,23/03/2022 14:14
824,1,29.752,2755.6,23/03/2022,15:14,23/03/2022 15:14
825,1,29.652,2152.8,23/03/2022,16:14,23/03/2022 16:14
826,1,29.552,861.1,23/03/2022,17:14,23/03/2022 17:14
827,1,29.352,32.3,23/03/2022,18:14,23/03/2022 18:14
828,1,29.352,0,23/03/2022,19:14,23/03/2022 19:14
829,1,29.352,0,23/03/2022,20:14,23/03/2022 20:14
830,1,29.352,0,23/03/2022,21:14,23/03/2022 21:14
831,1,29.352,0,23/03/2022,22:14,23/03/2022 22:14
832,1,29.252,0,23/03/2022,23:14,23/03/2022 23:14
833,1,29.252,0,24/03/2022,0:14,24/03/2022 0:14
834,1,29.152,0,24/03/2022,1:14,24/03/2022 1:14
835,1,29.152,0,24/03/2022,2:14,24/03/2022 2:14
836,1,29.252,0,24/03/2022,3:14,24/03/2022 3:14
837,1,29.252,0,24/03/2022,4:14,24/03/2022 4:14
838,1,29.152,0,24/03/2022,5:14,24/03/2022 5:14
839,1,29.152,0,24/03/2022,6:14,24/03/2022 6:14
840,1,29.252,161.5,24/03/2022,7:14,24/03/2022 7:14
841,1,29.352,398.3,24/03/2022,8:14,24/03/2022 8:14
842,1,29.452,721.2,24/03/2022,9:14,24/03/2022 9:14
843,1,29.352,635.1,24/03/2022,10:14,24/03/2022 10:14
844,1,29.552,1463.9,24/03/2022,11:14,24/03/2022 11:14
845,1,29.552,1722.2,24/03/2022,12:14,24/03/2022 12:14
846,1,29.652,2152.8,24/03/2022,13:14,24/03/2022 13:14
847,1,29.953,3272.2,24/03/2022,14:14,24/03/2022 14:14
848,1,29.953,3788.9,24/03/2022,15:14,24/03/2022 15:14
849,1,29.853,3100,24/03/2022,16:14,24/03/2022 16:14
850,1,29.752,1550,24/03/2022,17:14,24/03/2022 17:14
851,1,29.552,53.8,24/03/2022,18:14,24/03/2022 18:14
852,1,29.452,0,24/03/2022,19:14,24/03/2022 19:14
853,1,29.452,0,24/03/2022,20:14,24/03/2022 20:14
854,1,29.452,0,24/03/2022,21:14,24/03/2022 21:14
855,1,29.352,0,24/03/2022,22:14,24/03/2022 22:14
856,1,29.352,0,24/03/2022,23:14,24/03/2022 23:14
857,1,29.352,0,25/03/2022,0:14,25/03/2022 0:14
858,1,29.352,0,25/03/2022,1:14,25/03/2022 1:14
859,1,29.252,0,25/03/2022,2:14,25/03/2022 2:14
860,1,29.252,0,25/03/2022,3:14,25/03/2022 3:14
861,1,29.252,0,25/03/2022,4:14,25/03/2022 4:14
862,1,29.152,0,25/03/2022,5:14,25/03/2022 5:14
863,1,29.152,0,25/03/2022,6:14,25/03/2022 6:14
864,1,29.152,139.9,25/03/2022,7:14,25/03/2022 7:14
865,1,29.352,549,25/03/2022,8:14,25/03/2022 8:14
866,1,29.352,322.9,25/03/2022,9:14,25/03/2022 9:14
867,1,29.352,990.3,25/03/2022,10:14,25/03/2022 10:14
868,1,29.352,1141,25/03/2022,11:14,25/03/2022 11:14
869,1,29.252,1141,25/03/2022,12:14,25/03/2022 12:14
870,1,29.452,2755.6,25/03/2022,13:14,25/03/2022 13:14
871,1,29.352,850.4,25/03/2022,14:14,25/03/2022 14:14
872,1,29.352,1205.6,25/03/2022,15:14,25/03/2022 15:14
873,1,29.352,355.2,25/03/2022,16:14,25/03/2022 16:14
874,1,29.252,118.4,25/03/2022,17:14,25/03/2022 17:14
875,1,29.252,0,25/03/2022,18:14,25/03/2022 18:14
876,1,29.152,0,25/03/2022,19:14,25/03/2022 19:14
877,1,29.152,0,25/03/2022,20:14,25/03/2022 20:14
878,1,29.152,0,25/03/2022,21:14,25/03/2022 21:14
879,1,29.152,0,25/03/2022,22:14,25/03/2022 22:14
880,1,29.053,0,25/03/2022,23:14,25/03/2022 23:14
881,1,29.053,0,26/03/2022,0:14,26/03/2022 0:14
882,1,29.053,0,26/03/2022,1:14,26/03/2022 1:14
883,1,29.053,0,26/03/2022,2:14,26/03/2022 2:14
884,1,29.053,0,26/03/2022,3:14,26/03/2022 3:14
885,1,29.152,0,26/03/2022,4:14,26/03/2022 4:14
886,1,29.053,0,26/03/2022,5:14,26/03/2022 5:14
887,1,29.053,0,26/03/2022,6:14,26/03/2022 6:14
888,1,29.053,53.8,26/03/2022,7:14,26/03/2022 7:14
889,1,29.053,150.7,26/03/2022,8:14,26/03/2022 8:14
890,1,29.053,290.6,26/03/2022,9:14,26/03/2022 9:14
891,1,29.252,947.2,26/03/2022,10:14,26/03/2022 10:14
892,1,29.252,1130.2,26/03/2022,11:14,26/03/2022 11:14
893,1,29.252,2152.8,26/03/2022,12:14,26/03/2022 12:14
894,1,29.252,1108.7,26/03/2022,13:14,26/03/2022 13:14
895,1,29.352,2411.1,26/03/2022,14:14,26/03/2022 14:14
896,1,29.352,1377.8,26/03/2022,15:14,26/03/2022 15:14
897,1,29.252,1194.8,26/03/2022,16:14,26/03/2022 16:14
898,1,29.252,226,26/03/2022,17:14,26/03/2022 17:14
899,1,29.152,0,26/03/2022,18:14,26/03/2022 18:14
900,1,29.053,0,26/03/2022,19:14,26/03/2022 19:14
901,1,29.053,0,26/03/2022,20:14,26/03/2022 20:14
902,1,29.053,0,26/03/2022,21:14,26/03/2022 21:14
903,1,28.953,0,26/03/2022,22:14,26/03/2022 22:14
904,1,28.953,0,26/03/2022,23:14,26/03/2022 23:14
905,1,28.953,0,27/03/2022,0:14,27/03/2022 0:14
906,1,29.053,0,27/03/2022,1:14,27/03/2022 1:14
907,1,29.053,0,27/03/2022,2:14,27/03/2022 2:14
908,1,28.953,0,27/03/2022,3:14,27/03/2022 3:14
909,1,28.953,0,27/03/2022,4:14,27/03/2022 4:14
910,1,28.953,0,27/03/2022,5:14,27/03/2022 5:14
911,1,28.953,0,27/03/2022,6:14,27/03/2022 6:14
912,1,28.953,139.9,27/03/2022,7:14,27/03/2022 7:14
913,1,29.053,398.3,27/03/2022,8:14,27/03/2022 8:14
914,1,29.152,613.5,27/03/2022,9:14,27/03/2022 9:14
915,1,29.252,1119.5,27/03/2022,10:14,27/03/2022 10:14
916,1,29.252,1722.2,27/03/2022,11:14,27/03/2022 11:14
917,1,29.252,764.2,27/03/2022,12:14,27/03/2022 12:14
918,1,29.352,2497.2,27/03/2022,13:14,27/03/2022 13:14
919,1,29.352,2927.8,27/03/2022,14:14,27/03/2022 14:14
920,1,29.352,2411.1,27/03/2022,15:14,27/03/2022 15:14
921,1,29.252,1722.2,27/03/2022,16:14,27/03/2022 16:14
922,1,29.352,645.8,27/03/2022,17:14,27/03/2022 17:14
923,1,29.252,0,27/03/2022,18:14,27/03/2022 18:14
924,1,29.252,0,27/03/2022,19:14,27/03/2022 19:14
925,1,29.252,0,27/03/2022,20:14,27/03/2022 20:14
926,1,29.252,0,27/03/2022,21:14,27/03/2022 21:14
927,1,29.152,0,27/03/2022,22:14,27/03/2022 22:14
928,1,29.152,0,27/03/2022,23:14,27/03/2022 23:14
929,1,29.152,0,28/03/2022,0:14,28/03/2022 0:14
930,1,29.053,0,28/03/2022,1:14,28/03/2022 1:14
931,1,29.053,0,28/03/2022,2:14,28/03/2022 2:14
932,1,29.053,0,28/03/2022,3:14,28/03/2022 3:14
933,1,29.053,0,28/03/2022,4:14,28/03/2022 4:14
934,1,29.053,0,28/03/2022,5:14,28/03/2022 5:14
935,1,29.053,0,28/03/2022,6:14,28/03/2022 6:14
936,1,29.053,96.9,28/03/2022,7:14,28/03/2022 7:14
937,1,29.152,398.3,28/03/2022,8:14,28/03/2022 8:14
938,1,29.152,269.1,28/03/2022,9:14,28/03/2022 9:14
939,1,29.352,699.7,28/03/2022,10:14,28/03/2022 10:14
940,1,29.252,462.9,28/03/2022,11:14,28/03/2022 11:14
941,1,29.352,1722.2,28/03/2022,12:14,28/03/2022 12:14
942,1,29.552,1980.6,28/03/2022,13:14,28/03/2022 13:14
943,1,29.452,3272.2,28/03/2022,14:14,28/03/2022 14:14
944,1,29.452,2411.1,28/03/2022,15:14,28/03/2022 15:14
945,1,29.352,1463.9,28/03/2022,16:14,28/03/2022 16:14
946,1,29.352,419.8,28/03/2022,17:14,28/03/2022 17:14
947,1,29.352,0,28/03/2022,18:14,28/03/2022 18:14
948,1,29.352,0,28/03/2022,19:14,28/03/2022 19:14
949,1,29.352,0,28/03/2022,20:14,28/03/2022 20:14
950,1,29.252,0,28/03/2022,21:14,28/03/2022 21:14
951,1,29.252,0,28/03/2022,22:14,28/03/2022 22:14
952,1,29.252,0,28/03/2022,23:14,28/03/2022 23:14
953,1,29.152,0,29/03/2022,0:14,29/03/2022 0:14
954,1,29.152,0,29/03/2022,1:14,29/03/2022 1:14
955,1,29.152,0,29/03/2022,2:14,29/03/2022 2:14
956,1,29.152,0,29/03/2022,3:14,29/03/2022 3:14
957,1,29.152,0,29/03/2022,4:14,29/03/2022 4:14
958,1,29.152,0,29/03/2022,5:14,29/03/2022 5:14
959,1,29.152,0,29/03/2022,6:14,29/03/2022 6:14
960,1,29.053,96.9,29/03/2022,7:14,29/03/2022 7:14
961,1,29.152,258.3,29/03/2022,8:14,29/03/2022 8:14
962,1,29.252,495.1,29/03/2022,9:14,29/03/2022 9:14
963,1,29.452,775,29/03/2022,10:14,29/03/2022 10:14
964,1,29.452,1151.7,29/03/2022,11:14,29/03/2022 11:14
965,1,29.552,1636.1,29/03/2022,12:14,29/03/2022 12:14
966,1,29.652,2497.2,29/03/2022,13:14,29/03/2022 13:14
967,1,29.652,2755.6,29/03/2022,14:14,29/03/2022 14:14
968,1,29.652,2583.4,29/03/2022,15:14,29/03/2022 15:14
969,1,29.452,1334.7,29/03/2022,16:14,29/03/2022 16:14
970,1,29.352,387.5,29/03/2022,17:14,29/03/2022 17:14
971,1,29.352,0,29/03/2022,18:14,29/03/2022 18:14
972,1,29.352,0,29/03/2022,19:14,29/03/2022 19:14
973,1,29.352,0,29/03/2022,20:14,29/03/2022 20:14
974,1,29.252,0,29/03/2022,21:14,29/03/2022 21:14
975,1,29.252,0,29/03/2022,22:14,29/03/2022 22:14
976,1,29.252,0,29/03/2022,23:14,29/03/2022 23:14
977,1,29.252,0,30/03/2022,0:14,30/03/2022 0:14
978,1,29.252,0,30/03/2022,1:14,30/03/2022 1:14
979,1,29.152,0,30/03/2022,2:14,30/03/2022 2:14
980,1,29.152,0,30/03/2022,3:14,30/03/2022 3:14
981,1,29.152,0,30/03/2022,4:14,30/03/2022 4:14
982,1,29.152,0,30/03/2022,5:14,30/03/2022 5:14
983,1,29.152,0,30/03/2022,6:14,30/03/2022 6:14
984,1,29.152,96.9,30/03/2022,7:14,30/03/2022 7:14
985,1,29.252,258.3,30/03/2022,8:14,30/03/2022 8:14
986,1,29.252,452.1,30/03/2022,9:14,30/03/2022 9:14
987,1,29.352,721.2,30/03/2022,10:14,30/03/2022 10:14
988,1,29.452,1119.5,30/03/2022,11:14,30/03/2022 11:14
989,1,29.552,1550,30/03/2022,12:14,30/03/2022 12:14
990,1,29.552,1722.2,30/03/2022,13:14,30/03/2022 13:14
991,1,29.752,2755.6,30/03/2022,14:14,30/03/2022 14:14
992,1,29.652,2669.5,30/03/2022,15:14,30/03/2022 15:14
993,1,29.552,1722.2,30/03/2022,16:14,30/03/2022 16:14
994,1,29.452,473.6,30/03/2022,17:14,30/03/2022 17:14
995,1,29.252,0,30/03/2022,18:14,30/03/2022 18:14
996,1,29.252,0,30/03/2022,19:14,30/03/2022 19:14
997,1,29.252,0,30/03/2022,20:14,30/03/2022 20:14
998,1,29.252,0,30/03/2022,21:14,30/03/2022 21:14
999,1,29.252,0,30/03/2022,22:14,30/03/2022 22:14
1000,1,29.152,0,30/03/2022,23:14,30/03/2022 23:14
1001,1,29.152,0,31/03/2022,0:14,31/03/2022 0:14
1002,1,29.252,0,31/03/2022,1:14,31/03/2022 1:14
1003,1,29.252,0,31/03/2022,2:14,31/03/2022 2:14
1004,1,29.152,0,31/03/2022,3:14,31/03/2022 3:14
1005,1,29.152,0,31/03/2022,4:14,31/03/2022 4:14
1006,1,29.152,0,31/03/2022,5:14,31/03/2022 5:14
1007,1,29.152,0,31/03/2022,6:14,31/03/2022 6:14
1008,1,29.152,75.3,31/03/2022,7:14,31/03/2022 7:14
1009,1,29.152,193.8,31/03/2022,8:14,31/03/2022 8:14
1010,1,29.252,355.2,31/03/2022,9:14,31/03/2022 9:14
1011,1,29.352,570.5,31/03/2022,10:14,31/03/2022 10:14
1012,1,29.452,850.4,31/03/2022,11:14,31/03/2022 11:14
1013,1,29.552,1345.5,31/03/2022,12:14,31/03/2022 12:14
1014,1,29.552,1722.2,31/03/2022,13:14,31/03/2022 13:14
1015,1,29.452,1894.5,31/03/2022,14:14,31/03/2022 14:14
1016,1,29.552,1894.5,31/03/2022,15:14,31/03/2022 15:14
1017,1,29.452,1334.7,31/03/2022,16:14,31/03/2022 16:14
1018,1,29.352,398.3,31/03/2022,17:14,31/03/2022 17:14
1019,1,29.352,0,31/03/2022,18:14,31/03/2022 18:14
1020,1,29.352,0,31/03/2022,19:14,31/03/2022 19:14
1021,1,29.252,0,31/03/2022,20:14,31/03/2022 20:14
1022,1,29.252,0,31/03/2022,21:14,31/03/2022 21:14
1023,1,29.252,0,31/03/2022,22:14,31/03/2022 22:14
1024,1,29.252,0,31/03/2022,23:14,31/03/2022 23:14
1025,1,29.152,0,1/04/2022,0:14,1/04/2022 0:14
1026,1,29.152,0,1/04/2022,1:14,1/04/2022 1:14
1027,1,29.252,0,1/04/2022,2:14,1/04/2022 2:14
1028,1,29.152,0,1/04/2022,3:14,1/04/2022 3:14
1029,1,29.152,0,1/04/2022,4:14,1/04/2022 4:14
1030,1,29.152,0,1/04/2022,5:14,1/04/2022 5:14
1031,1,29.152,0,1/04/2022,6:14,1/04/2022 6:14
1032,1,29.152,64.6,1/04/2022,7:14,1/04/2022 7:14
1033,1,29.152,161.5,1/04/2022,8:14,1/04/2022 8:14
1034,1,29.252,290.6,1/04/2022,9:14,1/04/2022 9:14
1035,1,29.352,462.9,1/04/2022,10:14,1/04/2022 10:14
1036,1,29.452,688.9,1/04/2022,11:14,1/04/2022 11:14
1037,1,29.452,990.3,1/04/2022,12:14,1/04/2022 12:14
1038,1,29.552,1377.8,1/04/2022,13:14,1/04/2022 13:14
1039,1,29.452,1550,1/04/2022,14:14,1/04/2022 14:14
1040,1,29.652,1636.1,1/04/2022,15:14,1/04/2022 15:14
1041,1,29.452,1108.7,1/04/2022,16:14,1/04/2022 16:14
1042,1,29.352,344.4,1/04/2022,17:14,1/04/2022 17:14
1043,1,29.352,0,1/04/2022,18:14,1/04/2022 18:14
1044,1,29.352,0,1/04/2022,19:14,1/04/2022 19:14
1045,1,29.252,0,1/04/2022,20:14,1/04/2022 20:14
1046,1,29.252,0,1/04/2022,21:14,1/04/2022 21:14
1047,1,29.252,0,1/04/2022,22:14,1/04/2022 22:14
1048,1,29.252,0,1/04/2022,23:14,1/04/2022 23:14
1049,1,29.152,0,2/04/2022,0:14,2/04/2022 0:14
1050,1,29.152,0,2/04/2022,1:14,2/04/2022 1:14
1051,1,29.252,0,2/04/2022,2:14,2/04/2022 2:14
1052,1,29.152,0,2/04/2022,3:14,2/04/2022 3:14
1053,1,29.252,0,2/04/2022,4:14,2/04/2022 4:14
1054,1,29.152,0,2/04/2022,5:14,2/04/2022 5:14
1055,1,29.152,0,2/04/2022,6:14,2/04/2022 6:14
1056,1,29.152,10.8,2/04/2022,7:14,2/04/2022 7:14
1057,1,29.152,43.1,2/04/2022,8:14,2/04/2022 8:14
1058,1,29.053,86.1,2/04/2022,9:14,2/04/2022 9:14
1059,1,29.053,118.4,2/04/2022,10:14,2/04/2022 10:14
1060,1,29.252,602.8,2/04/2022,11:14,2/04/2022 11:14
1061,1,29.352,861.1,2/04/2022,12:14,2/04/2022 12:14
1062,1,29.252,150.7,2/04/2022,13:14,2/04/2022 13:14
1063,1,29.352,269.1,2/04/2022,14:14,2/04/2022 14:14
1064,1,29.452,538.2,2/04/2022,15:14,2/04/2022 15:14
1065,1,29.352,236.8,2/04/2022,16:14,2/04/2022 16:14
1066,1,29.352,279.9,2/04/2022,17:14,2/04/2022 17:14
1067,1,29.252,0,2/04/2022,18:14,2/04/2022 18:14
1068,1,29.252,0,2/04/2022,19:14,2/04/2022 19:14
1069,1,29.252,0,2/04/2022,20:14,2/04/2022 20:14
1070,1,29.152,0,2/04/2022,21:14,2/04/2022 21:14
1071,1,29.152,0,2/04/2022,22:14,2/04/2022 22:14
1072,1,29.152,0,2/04/2022,23:14,2/04/2022 23:14
1073,1,29.152,0,3/04/2022,0:14,3/04/2022 0:14
1074,1,29.053,0,3/04/2022,1:14,3/04/2022 1:14
1075,1,29.053,0,3/04/2022,2:14,3/04/2022 2:14
1076,1,29.152,0,3/04/2022,3:14,3/04/2022 3:14
1077,1,29.152,0,3/04/2022,4:14,3/04/2022 4:14
1078,1,29.053,0,3/04/2022,5:14,3/04/2022 5:14
1079,1,29.152,0,3/04/2022,6:14,3/04/2022 6:14
1080,1,29.152,86.1,3/04/2022,7:14,3/04/2022 7:14
1081,1,29.252,193.8,3/04/2022,8:14,3/04/2022 8:14
1082,1,29.252,333.7,3/04/2022,9:14,3/04/2022 9:14
1083,1,29.352,538.2,3/04/2022,10:14,3/04/2022 10:14
1084,1,29.452,645.8,3/04/2022,11:14,3/04/2022 11:14
1085,1,29.352,409,3/04/2022,12:14,3/04/2022 12:14
1086,1,29.552,1636.1,3/04/2022,13:14,3/04/2022 13:14
1087,1,29.552,2669.5,3/04/2022,14:14,3/04/2022 14:14
1088,1,29.552,2927.8,3/04/2022,15:14,3/04/2022 15:14
1089,1,29.552,2325,3/04/2022,16:14,3/04/2022 16:14
1090,1,29.352,828.8,3/04/2022,17:14,3/04/2022 17:14
1091,1,29.352,0,3/04/2022,18:14,3/04/2022 18:14
1092,1,29.352,0,3/04/2022,19:14,3/04/2022 19:14
1093,1,29.252,0,3/04/2022,20:14,3/04/2022 20:14
1094,1,29.252,0,3/04/2022,21:14,3/04/2022 21:14
1095,1,29.252,0,3/04/2022,22:14,3/04/2022 22:14
1096,1,29.252,0,3/04/2022,23:14,3/04/2022 23:14
1097,1,29.252,0,4/04/2022,0:14,4/04/2022 0:14
1098,1,29.152,0,4/04/2022,1:14,4/04/2022 1:14
1099,1,29.152,0,4/04/2022,2:14,4/04/2022 2:14
1100,1,29.152,0,4/04/2022,3:14,4/04/2022 3:14
1101,1,29.152,0,4/04/2022,4:14,4/04/2022 4:14
1102,1,29.152,0,4/04/2022,5:14,4/04/2022 5:14
1103,1,29.152,0,4/04/2022,6:14,4/04/2022 6:14
1104,1,29.252,129.2,4/04/2022,7:14,4/04/2022 7:14
1105,1,29.252,172.2,4/04/2022,8:14,4/04/2022 8:14
1106,1,29.352,624.3,4/04/2022,9:14,4/04/2022 9:14
1107,1,29.452,914.9,4/04/2022,10:14,4/04/2022 10:14
1108,1,29.352,538.2,4/04/2022,11:14,4/04/2022 11:14
1109,1,29.552,850.4,4/04/2022,12:14,4/04/2022 12:14
1110,1,29.853,2325,4/04/2022,13:14,4/04/2022 13:14
1111,1,29.853,2755.6,4/04/2022,14:14,4/04/2022 14:14
1112,1,29.752,3272.2,4/04/2022,15:14,4/04/2022 15:14
1113,1,29.652,3961.1,4/04/2022,16:14,4/04/2022 16:14
1114,1,29.552,1550,4/04/2022,17:14,4/04/2022 17:14
1115,1,29.452,10.8,4/04/2022,18:14,4/04/2022 18:14
1116,1,29.452,0,4/04/2022,19:14,4/04/2022 19:14
1117,1,29.452,0,4/04/2022,20:14,4/04/2022 20:14
1118,1,29.452,0,4/04/2022,21:14,4/04/2022 21:14
1119,1,29.452,0,4/04/2022,22:14,4/04/2022 22:14
1120,1,29.452,0,4/04/2022,23:14,4/04/2022 23:14
1121,1,29.452,0,5/04/2022,0:14,5/04/2022 0:14
1122,1,29.352,0,5/04/2022,1:14,5/04/2022 1:14
1123,1,29.352,0,5/04/2022,2:14,5/04/2022 2:14
1124,1,29.452,0,5/04/2022,3:14,5/04/2022 3:14
1125,1,29.452,0,5/04/2022,4:14,5/04/2022 4:14
1126,1,29.452,0,5/04/2022,5:14,5/04/2022 5:14
1127,1,29.352,0,5/04/2022,6:14,5/04/2022 6:14
1128,1,29.452,226,5/04/2022,7:14,5/04/2022 7:14
1129,1,29.552,549,5/04/2022,8:14,5/04/2022 8:14
1130,1,29.552,914.9,5/04/2022,9:14,5/04/2022 9:14
1131,1,29.552,538.2,5/04/2022,10:14,5/04/2022 10:14
1132,1,29.552,602.8,5/04/2022,11:14,5/04/2022 11:14
1133,1,29.652,807.3,5/04/2022,12:14,5/04/2022 12:14
1134,1,29.652,1227.1,5/04/2022,13:14,5/04/2022 13:14
1135,1,29.853,4477.8,5/04/2022,14:14,5/04/2022 14:14
1136,1,29.953,5166.7,5/04/2022,15:14,5/04/2022 15:14
1137,1,29.853,3444.5,5/04/2022,16:14,5/04/2022 16:14
1138,1,29.752,1184,5/04/2022,17:14,5/04/2022 17:14
1139,1,29.652,0,5/04/2022,18:14,5/04/2022 18:14
1140,1,29.552,0,5/04/2022,19:14,5/04/2022 19:14
1141,1,29.552,0,5/04/2022,20:14,5/04/2022 20:14
1142,1,29.652,0,5/04/2022,21:14,5/04/2022 21:14
1143,1,29.552,0,5/04/2022,22:14,5/04/2022 22:14
1144,1,29.652,0,5/04/2022,23:14,5/04/2022 23:14
1145,1,29.652,0,6/04/2022,0:14,6/04/2022 0:14
1146,1,29.552,0,6/04/2022,1:14,6/04/2022 1:14
1147,1,29.552,0,6/04/2022,2:14,6/04/2022 2:14
1148,1,29.552,0,6/04/2022,3:14,6/04/2022 3:14
1149,1,29.552,0,6/04/2022,4:14,6/04/2022 4:14
1150,1,29.452,0,6/04/2022,5:14,6/04/2022 5:14
1151,1,29.452,0,6/04/2022,6:14,6/04/2022 6:14
1152,1,29.452,172.2,6/04/2022,7:14,6/04/2022 7:14
1153,1,29.552,419.8,6/04/2022,8:14,6/04/2022 8:14
1154,1,29.652,538.2,6/04/2022,9:14,6/04/2022 9:14
1155,1,29.752,1463.9,6/04/2022,10:14,6/04/2022 10:14
1156,1,29.853,2152.8,6/04/2022,11:14,6/04/2022 11:14
1157,1,29.853,2497.2,6/04/2022,12:14,6/04/2022 12:14
1158,1,29.953,3788.9,6/04/2022,13:14,6/04/2022 13:14
1159,1,30.154,5511.1,6/04/2022,14:14,6/04/2022 14:14
1160,1,29.853,4305.6,6/04/2022,15:14,6/04/2022 15:14
1161,1,30.054,3961.1,6/04/2022,16:14,6/04/2022 16:14
1162,1,29.853,710.4,6/04/2022,17:14,6/04/2022 17:14
1163,1,29.853,0,6/04/2022,18:14,6/04/2022 18:14
1164,1,29.853,0,6/04/2022,19:14,6/04/2022 19:14
1165,1,29.853,0,6/04/2022,20:14,6/04/2022 20:14
1166,1,29.853,0,6/04/2022,21:14,6/04/2022 21:14
1167,1,29.752,0,6/04/2022,22:14,6/04/2022 22:14
1168,1,29.752,0,6/04/2022,23:14,6/04/2022 23:14
1169,1,29.752,0,7/04/2022,0:14,7/04/2022 0:14
1170,1,29.652,0,7/04/2022,1:14,7/04/2022 1:14
1171,1,29.652,0,7/04/2022,2:14,7/04/2022 2:14
1172,1,29.652,0,7/04/2022,3:14,7/04/2022 3:14
1173,1,29.652,0,7/04/2022,4:14,7/04/2022 4:14
1174,1,29.552,0,7/04/2022,5:14,7/04/2022 5:14
1175,1,29.552,0,7/04/2022,6:14,7/04/2022 6:14
1176,1,29.552,139.9,7/04/2022,7:14,7/04/2022 7:14
1177,1,29.652,505.9,7/04/2022,8:14,7/04/2022 8:14
1178,1,29.652,527.4,7/04/2022,9:14,7/04/2022 9:14
1179,1,29.652,96.9,7/04/2022,10:14,7/04/2022 10:14
1180,1,29.752,592,7/04/2022,11:14,7/04/2022 11:14
1181,1,29.853,2325,7/04/2022,12:14,7/04/2022 12:14
1182,1,29.953,3272.2,7/04/2022,13:14,7/04/2022 13:14
1183,1,30.054,4133.4,7/04/2022,14:14,7/04/2022 14:14
1184,1,29.953,5166.7,7/04/2022,15:14,7/04/2022 15:14
1185,1,29.953,3272.2,7/04/2022,16:14,7/04/2022 16:14
1186,1,29.853,1141,7/04/2022,17:14,7/04/2022 17:14
1187,1,29.752,0,7/04/2022,18:14,7/04/2022 18:14
1188,1,29.853,0,7/04/2022,19:14,7/04/2022 19:14
1189,1,29.752,0,7/04/2022,20:14,7/04/2022 20:14
1190,1,29.752,0,7/04/2022,21:14,7/04/2022 21:14
1191,1,29.652,0,7/04/2022,22:14,7/04/2022 22:14
1192,1,29.552,0,7/04/2022,23:14,7/04/2022 23:14
1193,1,29.552,0,8/04/2022,0:14,8/04/2022 0:14
1194,1,29.452,0,8/04/2022,1:14,8/04/2022 1:14
1195,1,29.452,0,8/04/2022,2:14,8/04/2022 2:14
1196,1,29.452,0,8/04/2022,3:14,8/04/2022 3:14
1197,1,29.452,0,8/04/2022,4:14,8/04/2022 4:14
1198,1,29.452,0,8/04/2022,5:14,8/04/2022 5:14
1199,1,29.352,0,8/04/2022,6:14,8/04/2022 6:14
1200,1,29.452,204.5,8/04/2022,7:14,8/04/2022 7:14
1201,1,29.452,527.4,8/04/2022,8:14,8/04/2022 8:14
1202,1,29.552,850.4,8/04/2022,9:14,8/04/2022 9:14
1203,1,29.652,1141,8/04/2022,10:14,8/04/2022 10:14
1204,1,29.752,1463.9,8/04/2022,11:14,8/04/2022 11:14
1205,1,29.652,775,8/04/2022,12:14,8/04/2022 12:14
1206,1,29.853,3616.7,8/04/2022,13:14,8/04/2022 13:14
1207,1,29.853,3444.5,8/04/2022,14:14,8/04/2022 14:14
1208,1,29.752,3616.7,8/04/2022,15:14,8/04/2022 15:14
1209,1,29.752,3100,8/04/2022,16:14,8/04/2022 16:14
1210,1,29.652,785.8,8/04/2022,17:14,8/04/2022 17:14
1211,1,29.552,0,8/04/2022,18:14,8/04/2022 18:14
1212,1,29.552,0,8/04/2022,19:14,8/04/2022 19:14
1213,1,29.452,0,8/04/2022,20:14,8/04/2022 20:14
1214,1,29.452,0,8/04/2022,21:14,8/04/2022 21:14
1215,1,29.452,0,8/04/2022,22:14,8/04/2022 22:14
1216,1,29.452,0,8/04/2022,23:14,8/04/2022 23:14
1217,1,29.452,0,9/04/2022,0:14,9/04/2022 0:14
1218,1,29.452,0,9/04/2022,1:14,9/04/2022 1:14
1219,1,29.452,0,9/04/2022,2:14,9/04/2022 2:14
1220,1,29.352,0,9/04/2022,3:14,9/04/2022 3:14
1221,1,29.252,0,9/04/2022,4:14,9/04/2022 4:14
1222,1,29.252,0,9/04/2022,5:14,9/04/2022 5:14
1223,1,29.252,0,9/04/2022,6:14,9/04/2022 6:14
1224,1,29.252,75.3,9/04/2022,7:14,9/04/2022 7:14
1225,1,29.352,387.5,9/04/2022,8:14,9/04/2022 8:14
1226,1,29.452,430.6,9/04/2022,9:14,9/04/2022 9:14
1227,1,29.552,861.1,9/04/2022,10:14,9/04/2022 10:14
1228,1,29.452,322.9,9/04/2022,11:14,9/04/2022 11:14
1229,1,29.452,731.9,9/04/2022,12:14,9/04/2022 12:14
1230,1,29.552,839.6,9/04/2022,13:14,9/04/2022 13:14
1231,1,29.552,882.6,9/04/2022,14:14,9/04/2022 14:14
1232,1,29.552,2152.8,9/04/2022,15:14,9/04/2022 15:14
1233,1,29.452,570.5,9/04/2022,16:14,9/04/2022 16:14
1234,1,29.452,559.7,9/04/2022,17:14,9/04/2022 17:14
1235,1,29.452,0,9/04/2022,18:14,9/04/2022 18:14
1236,1,29.352,0,9/04/2022,19:14,9/04/2022 19:14
1237,1,29.352,0,9/04/2022,20:14,9/04/2022 20:14
1238,1,29.352,0,9/04/2022,21:14,9/04/2022 21:14
1239,1,29.352,0,9/04/2022,22:14,9/04/2022 22:14
1240,1,29.252,0,9/04/2022,23:14,9/04/2022 23:14
1241,1,29.252,0,10/04/2022,0:14,10/04/2022 0:14
1242,1,29.252,0,10/04/2022,1:14,10/04/2022 1:14
1243,1,29.252,0,10/04/2022,2:14,10/04/2022 2:14
1244,1,29.252,0,10/04/2022,3:14,10/04/2022 3:14
1245,1,29.252,0,10/04/2022,4:14,10/04/2022 4:14
1246,1,29.152,0,10/04/2022,5:14,10/04/2022 5:14
1247,1,29.053,0,10/04/2022,6:14,10/04/2022 6:14
1248,1,29.152,118.4,10/04/2022,7:14,10/04/2022 7:14
1249,1,29.252,322.9,10/04/2022,8:14,10/04/2022 8:14
1250,1,29.252,452.1,10/04/2022,9:14,10/04/2022 9:14
1251,1,29.352,667.4,10/04/2022,10:14,10/04/2022 10:14
1252,1,29.552,1808.3,10/04/2022,11:14,10/04/2022 11:14
1253,1,29.552,2755.6,10/04/2022,12:14,10/04/2022 12:14
1254,1,29.552,2066.7,10/04/2022,13:14,10/04/2022 13:14
1255,1,29.452,3100,10/04/2022,14:14,10/04/2022 14:14
1256,1,29.452,2497.2,10/04/2022,15:14,10/04/2022 15:14
1257,1,29.552,1980.6,10/04/2022,16:14,10/04/2022 16:14
1258,1,29.552,462.9,10/04/2022,17:14,10/04/2022 17:14
1259,1,29.452,0,10/04/2022,18:14,10/04/2022 18:14
1260,1,29.452,0,10/04/2022,19:14,10/04/2022 19:14
1261,1,29.452,0,10/04/2022,20:14,10/04/2022 20:14
1262,1,29.352,0,10/04/2022,21:14,10/04/2022 21:14
1263,1,29.352,0,10/04/2022,22:14,10/04/2022 22:14
1264,1,29.252,0,10/04/2022,23:14,10/04/2022 23:14
1265,1,29.252,0,11/04/2022,0:14,11/04/2022 0:14
1266,1,29.252,0,11/04/2022,1:14,11/04/2022 1:14
1267,1,29.152,0,11/04/2022,2:14,11/04/2022 2:14
1268,1,29.152,0,11/04/2022,3:14,11/04/2022 3:14
1269,1,29.053,0,11/04/2022,4:14,11/04/2022 4:14
1270,1,29.152,0,11/04/2022,5:14,11/04/2022 5:14
1271,1,29.053,0,11/04/2022,6:14,11/04/2022 6:14
1272,1,29.053,161.5,11/04/2022,7:14,11/04/2022 7:14
1273,1,29.152,290.6,11/04/2022,8:14,11/04/2022 8:14
1274,1,29.252,592,11/04/2022,9:14,11/04/2022 9:14
1275,1,29.452,1087.2,11/04/2022,10:14,11/04/2022 10:14
1276,1,29.552,1463.9,11/04/2022,11:14,11/04/2022 11:14
1277,1,29.552,2152.8,11/04/2022,12:14,11/04/2022 12:14
1278,1,29.352,818.1,11/04/2022,13:14,11/04/2022 13:14
1279,1,29.452,1377.8,11/04/2022,14:14,11/04/2022 14:14
1280,1,29.552,3788.9,11/04/2022,15:14,11/04/2022 15:14
1281,1,29.452,2411.1,11/04/2022,16:14,11/04/2022 16:14
1282,1,29.352,753.5,11/04/2022,17:14,11/04/2022 17:14
1283,1,29.352,0,11/04/2022,18:14,11/04/2022 18:14
1284,1,29.252,0,11/04/2022,19:14,11/04/2022 19:14
1285,1,29.252,0,11/04/2022,20:14,11/04/2022 20:14
1286,1,29.252,0,11/04/2022,21:14,11/04/2022 21:14
1287,1,29.152,0,11/04/2022,22:14,11/04/2022 22:14
1288,1,29.152,0,11/04/2022,23:14,11/04/2022 23:14
1289,1,29.152,0,12/04/2022,0:14,12/04/2022 0:14
1290,1,29.152,0,12/04/2022,1:14,12/04/2022 1:14
1291,1,29.152,0,12/04/2022,2:14,12/04/2022 2:14
1292,1,29.152,0,12/04/2022,3:14,12/04/2022 3:14
1293,1,29.152,0,12/04/2022,4:14,12/04/2022 4:14
1294,1,29.152,0,12/04/2022,5:14,12/04/2022 5:14
1295,1,29.053,0,12/04/2022,6:14,12/04/2022 6:14
1296,1,29.053,75.3,12/04/2022,7:14,12/04/2022 7:14
1297,1,29.152,505.9,12/04/2022,8:14,12/04/2022 8:14
1298,1,29.152,430.6,12/04/2022,9:14,12/04/2022 9:14
1299,1,29.352,1141,12/04/2022,10:14,12/04/2022 10:14
1300,1,29.452,1808.3,12/04/2022,11:14,12/04/2022 11:14
1301,1,29.552,2583.4,12/04/2022,12:14,12/04/2022 12:14
1302,1,29.552,3788.9,12/04/2022,13:14,12/04/2022 13:14
1303,1,29.552,4133.4,12/04/2022,14:14,12/04/2022 14:14
1304,1,29.552,4477.8,12/04/2022,15:14,12/04/2022 15:14
1305,1,29.452,2927.8,12/04/2022,16:14,12/04/2022 16:14
1306,1,29.252,785.8,12/04/2022,17:14,12/04/2022 17:14
1307,1,29.352,0,12/04/2022,18:14,12/04/2022 18:14
1308,1,29.152,0,12/04/2022,19:14,12/04/2022 19:14
1309,1,29.152,0,12/04/2022,20:14,12/04/2022 20:14
1310,1,29.152,0,12/04/2022,21:14,12/04/2022 21:14
1311,1,29.152,0,12/04/2022,22:14,12/04/2022 22:14
1312,1,29.053,0,12/04/2022,23:14,12/04/2022 23:14
1313,1,29.053,0,13/04/2022,0:14,13/04/2022 0:14
1314,1,29.053,0,13/04/2022,1:14,13/04/2022 1:14
1315,1,29.053,0,13/04/2022,2:14,13/04/2022 2:14
1316,1,28.853,0,13/04/2022,3:14,13/04/2022 3:14
1317,1,28.953,0,13/04/2022,4:14,13/04/2022 4:14
1318,1,29.053,0,13/04/2022,5:14,13/04/2022 5:14
1319,1,28.853,0,13/04/2022,6:14,13/04/2022 6:14
1320,1,28.953,150.7,13/04/2022,7:14,13/04/2022 7:14
1321,1,29.053,409,13/04/2022,8:14,13/04/2022 8:14
1322,1,29.152,807.3,13/04/2022,9:14,13/04/2022 9:14
1323,1,29.252,1194.8,13/04/2022,10:14,13/04/2022 10:14
1324,1,29.252,1248.6,13/04/2022,11:14,13/04/2022 11:14
1325,1,29.452,2583.4,13/04/2022,12:14,13/04/2022 12:14
1326,1,29.352,2325,13/04/2022,13:14,13/04/2022 13:14
1327,1,29.452,3788.9,13/04/2022,14:14,13/04/2022 14:14
1328,1,29.452,3272.2,13/04/2022,15:14,13/04/2022 15:14
1329,1,29.352,2583.4,13/04/2022,16:14,13/04/2022 16:14
1330,1,29.152,290.6,13/04/2022,17:14,13/04/2022 17:14
1331,1,29.152,0,13/04/2022,18:14,13/04/2022 18:14
1332,1,29.152,0,13/04/2022,19:14,13/04/2022 19:14
1333,1,29.053,0,13/04/2022,20:14,13/04/2022 20:14
1334,1,28.953,0,13/04/2022,21:14,13/04/2022 21:14
1335,1,28.953,0,13/04/2022,22:14,13/04/2022 22:14
1336,1,28.953,0,13/04/2022,23:14,13/04/2022 23:14
1337,1,28.953,0,14/04/2022,0:14,14/04/2022 0:14
1338,1,28.953,0,14/04/2022,1:14,14/04/2022 1:14
1339,1,28.953,0,14/04/2022,2:14,14/04/2022 2:14
1340,1,28.953,0,14/04/2022,3:14,14/04/2022 3:14
1341,1,28.953,0,14/04/2022,4:14,14/04/2022 4:14
1342,1,28.754,0,14/04/2022,5:14,14/04/2022 5:14
1343,1,28.853,0,14/04/2022,6:14,14/04/2022 6:14
1344,1,28.754,150.7,14/04/2022,7:14,14/04/2022 7:14
1345,1,28.853,376.7,14/04/2022,8:14,14/04/2022 8:14
1346,1,29.053,936.5,14/04/2022,9:14,14/04/2022 9:14
1347,1,29.152,1356.3,14/04/2022,10:14,14/04/2022 10:14
1348,1,29.152,1894.5,14/04/2022,11:14,14/04/2022 11:14
1349,1,29.252,1141,14/04/2022,12:14,14/04/2022 12:14
1350,1,29.152,1001,14/04/2022,13:14,14/04/2022 13:14
1351,1,29.352,2325,14/04/2022,14:14,14/04/2022 14:14
1352,1,29.252,4650,14/04/2022,15:14,14/04/2022 15:14
1353,1,29.152,2066.7,14/04/2022,16:14,14/04/2022 16:14
1354,1,29.053,742.7,14/04/2022,17:14,14/04/2022 17:14
1355,1,29.053,0,14/04/2022,18:14,14/04/2022 18:14
1356,1,28.953,0,14/04/2022,19:14,14/04/2022 19:14
1357,1,28.853,0,14/04/2022,20:14,14/04/2022 20:14
1358,1,28.853,0,14/04/2022,21:14,14/04/2022 21:14
1359,1,28.853,0,14/04/2022,22:14,14/04/2022 22:14
1360,1,28.754,0,14/04/2022,23:14,14/04/2022 23:14
1361,1,28.754,0,15/04/2022,0:14,15/04/2022 0:14
1362,1,28.754,0,15/04/2022,1:14,15/04/2022 1:14
1363,1,28.754,0,15/04/2022,2:14,15/04/2022 2:14
1364,1,28.754,0,15/04/2022,3:14,15/04/2022 3:14
1365,1,28.754,0,15/04/2022,4:14,15/04/2022 4:14
1366,1,28.655,0,15/04/2022,5:14,15/04/2022 5:14
1367,1,28.754,0,15/04/2022,6:14,15/04/2022 6:14
1368,1,28.555,139.9,15/04/2022,7:14,15/04/2022 7:14
1369,1,28.655,387.5,15/04/2022,8:14,15/04/2022 8:14
1370,1,28.853,645.8,15/04/2022,9:14,15/04/2022 9:14
1371,1,28.953,473.6,15/04/2022,10:14,15/04/2022 10:14
1372,1,29.053,1722.2,15/04/2022,11:14,15/04/2022 11:14
1373,1,29.053,2927.8,15/04/2022,12:14,15/04/2022 12:14
1374,1,29.152,3616.7,15/04/2022,13:14,15/04/2022 13:14
1375,1,29.053,3961.1,15/04/2022,14:14,15/04/2022 14:14
1376,1,29.053,4822.3,15/04/2022,15:14,15/04/2022 15:14
1377,1,28.953,2066.7,15/04/2022,16:14,15/04/2022 16:14
1378,1,28.853,462.9,15/04/2022,17:14,15/04/2022 17:14
1379,1,28.754,0,15/04/2022,18:14,15/04/2022 18:14
1380,1,28.754,0,15/04/2022,19:14,15/04/2022 19:14
1381,1,28.655,0,15/04/2022,20:14,15/04/2022 20:14
1382,1,28.655,0,15/04/2022,21:14,15/04/2022 21:14
1383,1,28.655,0,15/04/2022,22:14,15/04/2022 22:14
1384,1,28.655,0,15/04/2022,23:14,15/04/2022 23:14
1385,1,28.655,0,16/04/2022,0:14,16/04/2022 0:14
1386,1,28.555,0,16/04/2022,1:14,16/04/2022 1:14
1387,1,28.655,0,16/04/2022,2:14,16/04/2022 2:14
1388,1,28.655,0,16/04/2022,3:14,16/04/2022 3:14
1389,1,28.655,0,16/04/2022,4:14,16/04/2022 4:14
1390,1,28.555,0,16/04/2022,5:14,16/04/2022 5:14
1391,1,28.555,0,16/04/2022,6:14,16/04/2022 6:14
1392,1,28.555,129.2,16/04/2022,7:14,16/04/2022 7:14
1393,1,28.555,355.2,16/04/2022,8:14,16/04/2022 8:14
1394,1,28.655,635.1,16/04/2022,9:14,16/04/2022 9:14
1395,1,28.754,958,16/04/2022,10:14,16/04/2022 10:14
1396,1,28.853,1550,16/04/2022,11:14,16/04/2022 11:14
1397,1,28.953,2152.8,16/04/2022,12:14,16/04/2022 12:14
1398,1,28.953,2411.1,16/04/2022,13:14,16/04/2022 13:14
1399,1,29.053,2927.8,16/04/2022,14:14,16/04/2022 14:14
1400,1,29.053,2755.6,16/04/2022,15:14,16/04/2022 15:14
1401,1,28.754,1270.1,16/04/2022,16:14,16/04/2022 16:14
1402,1,28.655,269.1,16/04/2022,17:14,16/04/2022 17:14
1403,1,28.655,0,16/04/2022,18:14,16/04/2022 18:14
1404,1,28.655,0,16/04/2022,19:14,16/04/2022 19:14
1405,1,28.555,0,16/04/2022,20:14,16/04/2022 20:14
1406,1,28.555,0,16/04/2022,21:14,16/04/2022 21:14
1407,1,28.555,0,16/04/2022,22:14,16/04/2022 22:14
1408,1,28.555,0,16/04/2022,23:14,16/04/2022 23:14
1409,1,28.456,0,17/04/2022,0:14,17/04/2022 0:14
1410,1,28.456,0,17/04/2022,1:14,17/04/2022 1:14
1411,1,28.456,0,17/04/2022,2:14,17/04/2022 2:14
1412,1,28.456,0,17/04/2022,3:14,17/04/2022 3:14
1413,1,28.456,0,17/04/2022,4:14,17/04/2022 4:14
1414,1,28.456,0,17/04/2022,5:14,17/04/2022 5:14
1415,1,28.456,0,17/04/2022,6:14,17/04/2022 6:14
1416,1,28.456,96.9,17/04/2022,7:14,17/04/2022 7:14
1417,1,28.357,258.3,17/04/2022,8:14,17/04/2022 8:14
1418,1,28.555,527.4,17/04/2022,9:14,17/04/2022 9:14
1419,1,28.555,312.2,17/04/2022,10:14,17/04/2022 10:14
1420,1,28.456,344.4,17/04/2022,11:14,17/04/2022 11:14
1421,1,28.754,1636.1,17/04/2022,12:14,17/04/2022 12:14
1422,1,28.555,538.2,17/04/2022,13:14,17/04/2022 13:14
1423,1,28.456,301.4,17/04/2022,14:14,17/04/2022 14:14
1424,1,28.456,161.5,17/04/2022,15:14,17/04/2022 15:14
1425,1,28.456,226,17/04/2022,16:14,17/04/2022 16:14
1426,1,28.357,43.1,17/04/2022,17:14,17/04/2022 17:14
1427,1,28.357,0,17/04/2022,18:14,17/04/2022 18:14
1428,1,28.258,0,17/04/2022,19:14,17/04/2022 19:14
1429,1,28.159,0,17/04/2022,20:14,17/04/2022 20:14
1430,1,28.159,0,17/04/2022,21:14,17/04/2022 21:14
1431,1,28.159,0,17/04/2022,22:14,17/04/2022 22:14
1432,1,28.159,0,17/04/2022,23:14,17/04/2022 23:14
1433,1,28.159,0,18/04/2022,0:14,18/04/2022 0:14
1434,1,28.258,0,18/04/2022,1:14,18/04/2022 1:14
1435,1,28.159,0,18/04/2022,2:14,18/04/2022 2:14
1436,1,28.258,0,18/04/2022,3:14,18/04/2022 3:14
1437,1,28.258,0,18/04/2022,4:14,18/04/2022 4:14
1438,1,28.258,0,18/04/2022,5:14,18/04/2022 5:14
1439,1,28.258,0,18/04/2022,6:14,18/04/2022 6:14
1440,1,28.258,139.9,18/04/2022,7:14,18/04/2022 7:14
1441,1,28.258,183,18/04/2022,8:14,18/04/2022 8:14
1442,1,28.258,678.1,18/04/2022,9:14,18/04/2022 9:14
1443,1,28.357,688.9,18/04/2022,10:14,18/04/2022 10:14
1444,1,28.456,1151.7,18/04/2022,11:14,18/04/2022 11:14
1445,1,28.555,1894.5,18/04/2022,12:14,18/04/2022 12:14
1446,1,28.555,1808.3,18/04/2022,13:14,18/04/2022 13:14
1447,1,28.655,3616.7,18/04/2022,14:14,18/04/2022 14:14
1448,1,28.655,2583.4,18/04/2022,15:14,18/04/2022 15:14
1449,1,28.456,2927.8,18/04/2022,16:14,18/04/2022 16:14
1450,1,28.357,538.2,18/04/2022,17:14,18/04/2022 17:14
1451,1,28.258,0,18/04/2022,18:14,18/04/2022 18:14
1452,1,28.258,0,18/04/2022,19:14,18/04/2022 19:14
1453,1,28.258,0,18/04/2022,20:14,18/04/2022 20:14
1454,1,28.159,0,18/04/2022,21:14,18/04/2022 21:14
1455,1,28.159,0,18/04/2022,22:14,18/04/2022 22:14
1456,1,28.159,0,18/04/2022,23:14,18/04/2022 23:14
1457,1,28.159,0,19/04/2022,0:14,19/04/2022 0:14
1458,1,28.159,0,19/04/2022,1:14,19/04/2022 1:14
1459,1,28.159,0,19/04/2022,2:14,19/04/2022 2:14
1460,1,28.159,0,19/04/2022,3:14,19/04/2022 3:14
1461,1,28.159,0,19/04/2022,4:14,19/04/2022 4:14
1462,1,28.159,0,19/04/2022,5:14,19/04/2022 5:14
1463,1,28.159,0,19/04/2022,6:14,19/04/2022 6:14
1464,1,28.159,161.5,19/04/2022,7:14,19/04/2022 7:14
1465,1,28.159,398.3,19/04/2022,8:14,19/04/2022 8:14
1466,1,28.258,635.1,19/04/2022,9:14,19/04/2022 9:14
1467,1,28.258,441.3,19/04/2022,10:14,19/04/2022 10:14
1468,1,28.357,1377.8,19/04/2022,11:14,19/04/2022 11:14
1469,1,28.456,1722.2,19/04/2022,12:14,19/04/2022 12:14
1470,1,28.456,2066.7,19/04/2022,13:14,19/04/2022 13:14
1471,1,28.655,2755.6,19/04/2022,14:14,19/04/2022 14:14
1472,1,28.655,2583.4,19/04/2022,15:14,19/04/2022 15:14
1473,1,28.456,807.3,19/04/2022,16:14,19/04/2022 16:14
1474,1,28.456,538.2,19/04/2022,17:14,19/04/2022 17:14
1475,1,28.258,0,19/04/2022,18:14,19/04/2022 18:14
1476,1,28.258,0,19/04/2022,19:14,19/04/2022 19:14
1477,1,28.258,0,19/04/2022,20:14,19/04/2022 20:14
1478,1,28.258,0,19/04/2022,21:14,19/04/2022 21:14
1479,1,28.159,0,19/04/2022,22:14,19/04/2022 22:14
1480,1,28.258,0,19/04/2022,23:14,19/04/2022 23:14
1481,1,28.159,0,20/04/2022,0:14,20/04/2022 0:14
1482,1,28.159,0,20/04/2022,1:14,20/04/2022 1:14
1483,1,28.159,0,20/04/2022,2:14,20/04/2022 2:14
1484,1,28.159,0,20/04/2022,3:14,20/04/2022 3:14
1485,1,28.159,0,20/04/2022,4:14,20/04/2022 4:14
1486,1,28.159,0,20/04/2022,5:14,20/04/2022 5:14
1487,1,28.06,0,20/04/2022,6:14,20/04/2022 6:14
1488,1,28.159,161.5,20/04/2022,7:14,20/04/2022 7:14
1489,1,28.159,366,20/04/2022,8:14,20/04/2022 8:14
1490,1,28.159,731.9,20/04/2022,9:14,20/04/2022 9:14
1491,1,28.357,990.3,20/04/2022,10:14,20/04/2022 10:14
1492,1,28.357,1291.7,20/04/2022,11:14,20/04/2022 11:14
1493,1,28.456,1636.1,20/04/2022,12:14,20/04/2022 12:14
1494,1,28.555,2238.9,20/04/2022,13:14,20/04/2022 13:14
1495,1,28.555,2927.8,20/04/2022,14:14,20/04/2022 14:14
1496,1,28.555,2669.5,20/04/2022,15:14,20/04/2022 15:14
1497,1,28.655,1894.5,20/04/2022,16:14,20/04/2022 16:14
1498,1,28.357,204.5,20/04/2022,17:14,20/04/2022 17:14
1499,1,28.357,0,20/04/2022,18:14,20/04/2022 18:14
1500,1,28.258,0,20/04/2022,19:14,20/04/2022 19:14
1501,1,28.258,0,20/04/2022,20:14,20/04/2022 20:14
1502,1,28.258,0,20/04/2022,21:14,20/04/2022 21:14
1503,1,28.258,0,20/04/2022,22:14,20/04/2022 22:14
1504,1,28.258,0,20/04/2022,23:14,20/04/2022 23:14
1505,1,28.159,0,21/04/2022,0:14,21/04/2022 0:14
1506,1,28.159,0,21/04/2022,1:14,21/04/2022 1:14
1507,1,28.159,0,21/04/2022,2:14,21/04/2022 2:14
1508,1,28.159,0,21/04/2022,3:14,21/04/2022 3:14
1509,1,28.159,0,21/04/2022,4:14,21/04/2022 4:14
1510,1,28.06,0,21/04/2022,5:14,21/04/2022 5:14
1511,1,28.06,0,21/04/2022,6:14,21/04/2022 6:14
1512,1,28.06,32.3,21/04/2022,7:14,21/04/2022 7:14
1513,1,28.159,150.7,21/04/2022,8:14,21/04/2022 8:14
1514,1,28.258,882.6,21/04/2022,9:14,21/04/2022 9:14
1515,1,28.258,645.8,21/04/2022,10:14,21/04/2022 10:14
1516,1,28.258,861.1,21/04/2022,11:14,21/04/2022 11:14
1517,1,28.258,538.2,21/04/2022,12:14,21/04/2022 12:14
1518,1,28.159,129.2,21/04/2022,13:14,21/04/2022 13:14
1519,1,28.159,21.5,21/04/2022,14:14,21/04/2022 14:14
1520,1,28.159,21.5,21/04/2022,15:14,21/04/2022 15:14
1521,1,28.159,10.8,21/04/2022,16:14,21/04/2022 16:14
1522,1,28.159,10.8,21/04/2022,17:14,21/04/2022 17:14
1523,1,28.159,0,21/04/2022,18:14,21/04/2022 18:14
1524,1,28.159,0,21/04/2022,19:14,21/04/2022 19:14
1525,1,28.159,0,21/04/2022,20:14,21/04/2022 20:14
1526,1,28.159,0,21/04/2022,21:14,21/04/2022 21:14
1527,1,28.06,0,21/04/2022,22:14,21/04/2022 22:14
1528,1,28.06,0,21/04/2022,23:14,21/04/2022 23:14
1529,1,28.06,0,22/04/2022,0:14,22/04/2022 0:14
1530,1,27.961,0,22/04/2022,1:14,22/04/2022 1:14
1531,1,27.961,0,22/04/2022,2:14,22/04/2022 2:14
1532,1,27.961,0,22/04/2022,3:14,22/04/2022 3:14
1533,1,27.961,0,22/04/2022,4:14,22/04/2022 4:14
1534,1,27.961,0,22/04/2022,5:14,22/04/2022 5:14
1535,1,27.764,0,22/04/2022,6:14,22/04/2022 6:14
1536,1,27.862,0,22/04/2022,7:14,22/04/2022 7:14
1537,1,27.764,10.8,22/04/2022,8:14,22/04/2022 8:14
1538,1,27.764,75.3,22/04/2022,9:14,22/04/2022 9:14
1539,1,27.862,32.3,22/04/2022,10:14,22/04/2022 10:14
1540,1,27.764,10.8,22/04/2022,11:14,22/04/2022 11:14
1541,1,27.764,75.3,22/04/2022,12:14,22/04/2022 12:14
1542,1,27.764,32.3,22/04/2022,13:14,22/04/2022 13:14
1543,1,27.764,0,22/04/2022,14:14,22/04/2022 14:14
1544,1,27.665,10.8,22/04/2022,15:14,22/04/2022 15:14
1545,1,27.665,43.1,22/04/2022,16:14,22/04/2022 16:14
1546,1,27.665,0,22/04/2022,17:14,22/04/2022 17:14
1547,1,27.567,0,22/04/2022,18:14,22/04/2022 18:14
1548,1,27.468,0,22/04/2022,19:14,22/04/2022 19:14
1549,1,27.468,0,22/04/2022,20:14,22/04/2022 20:14
1550,1,27.468,0,22/04/2022,21:14,22/04/2022 21:14
1551,1,27.468,0,22/04/2022,22:14,22/04/2022 22:14
1552,1,27.567,0,22/04/2022,23:14,22/04/2022 23:14
1553,1,27.468,0,23/04/2022,0:14,23/04/2022 0:14
1554,1,27.468,0,23/04/2022,1:14,23/04/2022 1:14
1555,1,27.468,0,23/04/2022,2:14,23/04/2022 2:14
1556,1,27.468,0,23/04/2022,3:14,23/04/2022 3:14
1557,1,27.468,0,23/04/2022,4:14,23/04/2022 4:14
1558,1,27.468,0,23/04/2022,5:14,23/04/2022 5:14
1559,1,27.37,0,23/04/2022,6:14,23/04/2022 6:14
1560,1,27.37,0,23/04/2022,7:14,23/04/2022 7:14
1561,1,27.468,75.3,23/04/2022,8:14,23/04/2022 8:14
1562,1,27.468,139.9,23/04/2022,9:14,23/04/2022 9:14
1563,1,27.37,118.4,23/04/2022,10:14,23/04/2022 10:14
1564,1,27.37,1302.4,23/04/2022,11:14,23/04/2022 11:14
1565,1,27.468,226,23/04/2022,12:14,23/04/2022 12:14
1566,1,27.468,538.2,23/04/2022,13:14,23/04/2022 13:14
1567,1,27.468,236.8,23/04/2022,14:14,23/04/2022 14:14
1568,1,27.468,75.3,23/04/2022,15:14,23/04/2022 15:14
1569,1,27.468,86.1,23/04/2022,16:14,23/04/2022 16:14
1570,1,27.468,0,23/04/2022,17:14,23/04/2022 17:14
1571,1,27.468,0,23/04/2022,18:14,23/04/2022 18:14
1572,1,27.37,0,23/04/2022,19:14,23/04/2022 19:14
1573,1,27.37,0,23/04/2022,20:14,23/04/2022 20:14
1574,1,27.37,0,23/04/2022,21:14,23/04/2022 21:14
1575,1,27.272,0,23/04/2022,22:14,23/04/2022 22:14
1576,1,27.272,0,23/04/2022,23:14,23/04/2022 23:14
1577,1,27.37,0,24/04/2022,0:14,24/04/2022 0:14
1578,1,27.37,0,24/04/2022,1:14,24/04/2022 1:14
1579,1,27.37,0,24/04/2022,2:14,24/04/2022 2:14
1580,1,27.272,0,24/04/2022,3:14,24/04/2022 3:14
1581,1,27.272,0,24/04/2022,4:14,24/04/2022 4:14
1582,1,27.272,0,24/04/2022,5:14,24/04/2022 5:14
1583,1,27.37,0,24/04/2022,6:14,24/04/2022 6:14
1584,1,27.272,53.8,24/04/2022,7:14,24/04/2022 7:14
1585,1,27.37,161.5,24/04/2022,8:14,24/04/2022 8:14
1586,1,27.272,172.2,24/04/2022,9:14,24/04/2022 9:14
1587,1,27.272,344.4,24/04/2022,10:14,24/04/2022 10:14
1588,1,27.272,581.3,24/04/2022,11:14,24/04/2022 11:14
1589,1,27.272,979.5,24/04/2022,12:14,24/04/2022 12:14
1590,1,27.37,473.6,24/04/2022,13:14,24/04/2022 13:14
1591,1,27.272,775,24/04/2022,14:14,24/04/2022 14:14
1592,1,27.272,183,24/04/2022,15:14,24/04/2022 15:14
1593,1,27.272,32.3,24/04/2022,16:14,24/04/2022 16:14
1594,1,27.272,0,24/04/2022,17:14,24/04/2022 17:14
1595,1,27.173,0,24/04/2022,18:14,24/04/2022 18:14
1596,1,27.173,0,24/04/2022,19:14,24/04/2022 19:14
1597,1,27.173,0,24/04/2022,20:14,24/04/2022 20:14
1598,1,27.173,0,24/04/2022,21:14,24/04/2022 21:14
1599,1,27.173,0,24/04/2022,22:14,24/04/2022 22:14
1600,1,27.075,0,24/04/2022,23:14,24/04/2022 23:14
1601,1,27.075,0,25/04/2022,0:14,25/04/2022 0:14
1602,1,27.075,0,25/04/2022,1:14,25/04/2022 1:14
1603,1,27.075,0,25/04/2022,2:14,25/04/2022 2:14
1604,1,27.075,0,25/04/2022,3:14,25/04/2022 3:14
1605,1,27.075,0,25/04/2022,4:14,25/04/2022 4:14
1606,1,26.977,0,25/04/2022,5:14,25/04/2022 5:14
1607,1,26.977,0,25/04/2022,6:14,25/04/2022 6:14
1608,1,27.075,21.5,25/04/2022,7:14,25/04/2022 7:14
1609,1,27.075,107.6,25/04/2022,8:14,25/04/2022 8:14
1610,1,27.075,161.5,25/04/2022,9:14,25/04/2022 9:14
1611,1,27.173,430.6,25/04/2022,10:14,25/04/2022 10:14
1612,1,27.173,419.8,25/04/2022,11:14,25/04/2022 11:14
1613,1,27.272,1270.1,25/04/2022,12:14,25/04/2022 12:14
1614,1,27.37,1636.1,25/04/2022,13:14,25/04/2022 13:14
1615,1,27.272,667.4,25/04/2022,14:14,25/04/2022 14:14
1616,1,27.173,215.3,25/04/2022,15:14,25/04/2022 15:14
1617,1,27.173,32.3,25/04/2022,16:14,25/04/2022 16:14
1618,1,27.173,0,25/04/2022,17:14,25/04/2022 17:14
1619,1,27.173,0,25/04/2022,18:14,25/04/2022 18:14
1620,1,27.173,0,25/04/2022,19:14,25/04/2022 19:14
1621,1,27.075,0,25/04/2022,20:14,25/04/2022 20:14
1622,1,27.075,0,25/04/2022,21:14,25/04/2022 21:14
1623,1,27.075,0,25/04/2022,22:14,25/04/2022 22:14
1624,1,27.075,0,25/04/2022,23:14,25/04/2022 23:14
1625,1,26.977,0,26/04/2022,0:14,26/04/2022 0:14
1626,1,27.075,0,26/04/2022,1:14,26/04/2022 1:14
1627,1,27.075,0,26/04/2022,2:14,26/04/2022 2:14
1628,1,27.075,0,26/04/2022,3:14,26/04/2022 3:14
1629,1,27.075,0,26/04/2022,4:14,26/04/2022 4:14
1630,1,27.075,0,26/04/2022,5:14,26/04/2022 5:14
1631,1,27.075,0,26/04/2022,6:14,26/04/2022 6:14
1632,1,26.879,0,26/04/2022,7:14,26/04/2022 7:14
1633,1,26.977,53.8,26/04/2022,8:14,26/04/2022 8:14
1634,1,27.075,75.3,26/04/2022,9:14,26/04/2022 9:14
1635,1,27.075,204.5,26/04/2022,10:14,26/04/2022 10:14
1636,1,27.173,279.9,26/04/2022,11:14,26/04/2022 11:14
1637,1,27.173,387.5,26/04/2022,12:14,26/04/2022 12:14
1638,1,27.075,527.4,26/04/2022,13:14,26/04/2022 13:14
1639,1,27.075,452.1,26/04/2022,14:14,26/04/2022 14:14
1640,1,27.075,828.8,26/04/2022,15:14,26/04/2022 15:14
1641,1,26.977,247.6,26/04/2022,16:14,26/04/2022 16:14
1642,1,26.977,32.3,26/04/2022,17:14,26/04/2022 17:14
1643,1,26.977,0,26/04/2022,18:14,26/04/2022 18:14
1644,1,26.977,0,26/04/2022,19:14,26/04/2022 19:14
1645,1,26.977,0,26/04/2022,20:14,26/04/2022 20:14
1646,1,27.075,0,26/04/2022,21:14,26/04/2022 21:14
1647,1,27.075,0,26/04/2022,22:14,26/04/2022 22:14
1648,1,26.879,0,26/04/2022,23:14,26/04/2022 23:14
1649,1,27.075,0,27/04/2022,0:14,27/04/2022 0:14
1650,1,26.977,0,27/04/2022,1:14,27/04/2022 1:14
1651,1,26.977,0,27/04/2022,2:14,27/04/2022 2:14
1652,1,26.879,0,27/04/2022,3:14,27/04/2022 3:14
1653,1,26.977,0,27/04/2022,4:14,27/04/2022 4:14
1654,1,26.977,0,27/04/2022,5:14,27/04/2022 5:14
1655,1,26.977,0,27/04/2022,6:14,27/04/2022 6:14
1656,1,26.977,32.3,27/04/2022,7:14,27/04/2022 7:14
1657,1,26.977,107.6,27/04/2022,8:14,27/04/2022 8:14
1658,1,27.075,269.1,27/04/2022,9:14,27/04/2022 9:14
1659,1,27.173,505.9,27/04/2022,10:14,27/04/2022 10:14
1660,1,27.173,592,27/04/2022,11:14,27/04/2022 11:14
1661,1,27.173,1377.8,27/04/2022,12:14,27/04/2022 12:14
1662,1,27.173,484.4,27/04/2022,13:14,27/04/2022 13:14
1663,1,27.173,301.4,27/04/2022,14:14,27/04/2022 14:14
1664,1,27.173,1377.8,27/04/2022,15:14,27/04/2022 15:14
1665,1,27.075,581.3,27/04/2022,16:14,27/04/2022 16:14
1666,1,27.075,107.6,27/04/2022,17:14,27/04/2022 17:14
1667,1,27.075,0,27/04/2022,18:14,27/04/2022 18:14
1668,1,27.075,0,27/04/2022,19:14,27/04/2022 19:14
1669,1,27.075,0,27/04/2022,20:14,27/04/2022 20:14
1670,1,27.075,0,27/04/2022,21:14,27/04/2022 21:14
1671,1,27.075,0,27/04/2022,22:14,27/04/2022 22:14
1672,1,27.075,0,27/04/2022,23:14,27/04/2022 23:14
1673,1,27.075,0,28/04/2022,0:14,28/04/2022 0:14
1674,1,26.977,0,28/04/2022,1:14,28/04/2022 1:14
1675,1,27.075,0,28/04/2022,2:14,28/04/2022 2:14
1676,1,27.075,0,28/04/2022,3:14,28/04/2022 3:14
1677,1,27.075,0,28/04/2022,4:14,28/04/2022 4:14
1678,1,26.977,0,28/04/2022,5:14,28/04/2022 5:14
1679,1,26.977,0,28/04/2022,6:14,28/04/2022 6:14
1680,1,26.977,21.5,28/04/2022,7:14,28/04/2022 7:14
1681,1,26.977,75.3,28/04/2022,8:14,28/04/2022 8:14
1682,1,26.977,183,28/04/2022,9:14,28/04/2022 9:14
1683,1,27.075,581.3,28/04/2022,10:14,28/04/2022 10:14
1684,1,27.075,484.4,28/04/2022,11:14,28/04/2022 11:14
1685,1,27.272,1550,28/04/2022,12:14,28/04/2022 12:14
1686,1,27.272,1463.9,28/04/2022,13:14,28/04/2022 13:14
1687,1,27.272,1722.2,28/04/2022,14:14,28/04/2022 14:14
1688,1,27.272,1463.9,28/04/2022,15:14,28/04/2022 15:14
1689,1,27.173,742.7,28/04/2022,16:14,28/04/2022 16:14
1690,1,27.075,118.4,28/04/2022,17:14,28/04/2022 17:14
1691,1,27.075,0,28/04/2022,18:14,28/04/2022 18:14
1692,1,27.075,0,28/04/2022,19:14,28/04/2022 19:14
1693,1,27.075,0,28/04/2022,20:14,28/04/2022 20:14
1694,1,27.075,0,28/04/2022,21:14,28/04/2022 21:14
1695,1,27.075,0,28/04/2022,22:14,28/04/2022 22:14
1696,1,27.075,0,28/04/2022,23:14,28/04/2022 23:14
1697,1,27.075,0,29/04/2022,0:14,29/04/2022 0:14
1698,1,26.977,0,29/04/2022,1:14,29/04/2022 1:14
1699,1,26.977,0,29/04/2022,2:14,29/04/2022 2:14
1700,1,26.977,0,29/04/2022,3:14,29/04/2022 3:14
1701,1,27.075,0,29/04/2022,4:14,29/04/2022 4:14
1702,1,26.977,0,29/04/2022,5:14,29/04/2022 5:14
1703,1,26.977,0,29/04/2022,6:14,29/04/2022 6:14
1704,1,26.977,43.1,29/04/2022,7:14,29/04/2022 7:14
1705,1,26.977,139.9,29/04/2022,8:14,29/04/2022 8:14
1706,1,27.075,333.7,29/04/2022,9:14,29/04/2022 9:14
1707,1,27.075,355.2,29/04/2022,10:14,29/04/2022 10:14
1708,1,27.173,538.2,29/04/2022,11:14,29/04/2022 11:14
1709,1,27.272,1463.9,29/04/2022,12:14,29/04/2022 12:14
1710,1,27.173,721.2,29/04/2022,13:14,29/04/2022 13:14
1711,1,27.173,721.2,29/04/2022,14:14,29/04/2022 14:14
1712,1,27.075,484.4,29/04/2022,15:14,29/04/2022 15:14
1713,1,27.075,139.9,29/04/2022,16:14,29/04/2022 16:14
1714,1,26.977,43.1,29/04/2022,17:14,29/04/2022 17:14
1715,1,26.977,0,29/04/2022,18:14,29/04/2022 18:14
1716,1,26.977,0,29/04/2022,19:14,29/04/2022 19:14
1717,1,26.977,0,29/04/2022,20:14,29/04/2022 20:14
1718,1,26.977,0,29/04/2022,21:14,29/04/2022 21:14
1719,1,26.977,0,29/04/2022,22:14,29/04/2022 22:14
1720,1,26.879,0,29/04/2022,23:14,29/04/2022 23:14
1721,1,26.879,0,30/04/2022,0:14,30/04/2022 0:14
1722,1,26.879,0,30/04/2022,1:14,30/04/2022 1:14
1723,1,26.879,0,30/04/2022,2:14,30/04/2022 2:14
1724,1,26.781,0,30/04/2022,3:14,30/04/2022 3:14
1725,1,26.879,0,30/04/2022,4:14,30/04/2022 4:14
1726,1,26.879,0,30/04/2022,5:14,30/04/2022 5:14
1727,1,26.879,0,30/04/2022,6:14,30/04/2022 6:14
1728,1,26.879,53.8,30/04/2022,7:14,30/04/2022 7:14
1729,1,26.879,172.2,30/04/2022,8:14,30/04/2022 8:14
1730,1,26.879,333.7,30/04/2022,9:14,30/04/2022 9:14
1731,1,26.977,527.4,30/04/2022,10:14,30/04/2022 10:14
1732,1,27.075,818.1,30/04/2022,11:14,30/04/2022 11:14
1733,1,27.173,1280.9,30/04/2022,12:14,30/04/2022 12:14
1734,1,27.173,2238.9,30/04/2022,13:14,30/04/2022 13:14
1735,1,27.272,1894.5,30/04/2022,14:14,30/04/2022 14:14
1736,1,27.272,2152.8,30/04/2022,15:14,30/04/2022 15:14
1737,1,27.173,1377.8,30/04/2022,16:14,30/04/2022 16:14
1738,1,27.075,322.9,30/04/2022,17:14,30/04/2022 17:14
1739,1,27.075,0,30/04/2022,18:14,30/04/2022 18:14
1740,1,27.075,0,30/04/2022,19:14,30/04/2022 19:14
1741,1,27.075,0,30/04/2022,20:14,30/04/2022 20:14
1742,1,26.977,0,30/04/2022,21:14,30/04/2022 21:14
1743,1,26.977,0,30/04/2022,22:14,30/04/2022 22:14
1744,1,26.977,0,30/04/2022,23:14,30/04/2022 23:14
1745,1,26.977,0,1/05/2022,0:14,1/05/2022 0:14
1746,1,26.977,0,1/05/2022,1:14,1/05/2022 1:14
1747,1,26.977,0,1/05/2022,2:14,1/05/2022 2:14
1748,1,26.879,0,1/05/2022,3:14,1/05/2022 3:14
1749,1,26.879,0,1/05/2022,4:14,1/05/2022 4:14
1750,1,26.879,0,1/05/2022,5:14,1/05/2022 5:14
1751,1,26.879,0,1/05/2022,6:14,1/05/2022 6:14
1752,1,26.879,107.6,1/05/2022,7:14,1/05/2022 7:14
1753,1,26.879,355.2,1/05/2022,8:14,1/05/2022 8:14
1754,1,26.879,570.5,1/05/2022,9:14,1/05/2022 9:14
1755,1,26.977,828.8,1/05/2022,10:14,1/05/2022 10:14
1756,1,27.173,1216.3,1/05/2022,11:14,1/05/2022 11:14
1757,1,27.272,1550,1/05/2022,12:14,1/05/2022 12:14
1758,1,27.37,3961.1,1/05/2022,13:14,1/05/2022 13:14
1759,1,27.37,4133.4,1/05/2022,14:14,1/05/2022 14:14
1760,1,27.272,3616.7,1/05/2022,15:14,1/05/2022 15:14
1761,1,27.272,2066.7,1/05/2022,16:14,1/05/2022 16:14
1762,1,27.075,376.7,1/05/2022,17:14,1/05/2022 17:14
1763,1,26.977,0,1/05/2022,18:14,1/05/2022 18:14
1764,1,26.977,0,1/05/2022,19:14,1/05/2022 19:14
1765,1,26.977,0,1/05/2022,20:14,1/05/2022 20:14
1766,1,26.977,0,1/05/2022,21:14,1/05/2022 21:14
1767,1,26.977,0,1/05/2022,22:14,1/05/2022 22:14
1768,1,26.977,0,1/05/2022,23:14,1/05/2022 23:14
1769,1,26.977,0,2/05/2022,0:14,2/05/2022 0:14
1770,1,26.879,0,2/05/2022,1:14,2/05/2022 1:14
1771,1,26.879,0,2/05/2022,2:14,2/05/2022 2:14
1772,1,26.879,0,2/05/2022,3:14,2/05/2022 3:14
1773,1,26.879,0,2/05/2022,4:14,2/05/2022 4:14
1774,1,26.879,0,2/05/2022,5:14,2/05/2022 5:14
1775,1,26.879,0,2/05/2022,6:14,2/05/2022 6:14
1776,1,26.781,150.7,2/05/2022,7:14,2/05/2022 7:14
1777,1,26.977,419.8,2/05/2022,8:14,2/05/2022 8:14
1778,1,26.781,688.9,2/05/2022,9:14,2/05/2022 9:14
1779,1,26.977,807.3,2/05/2022,10:14,2/05/2022 10:14
1780,1,27.075,1550,2/05/2022,11:14,2/05/2022 11:14
1781,1,27.173,1216.3,2/05/2022,12:14,2/05/2022 12:14
1782,1,27.173,1377.8,2/05/2022,13:14,2/05/2022 13:14
1783,1,27.173,1550,2/05/2022,14:14,2/05/2022 14:14
1784,1,27.075,409,2/05/2022,15:14,2/05/2022 15:14
1785,1,27.075,1216.3,2/05/2022,16:14,2/05/2022 16:14
1786,1,26.977,64.6,2/05/2022,17:14,2/05/2022 17:14
1787,1,26.977,0,2/05/2022,18:14,2/05/2022 18:14
1788,1,26.879,0,2/05/2022,19:14,2/05/2022 19:14
1789,1,26.879,0,2/05/2022,20:14,2/05/2022 20:14
1790,1,26.879,0,2/05/2022,21:14,2/05/2022 21:14
1791,1,26.879,0,2/05/2022,22:14,2/05/2022 22:14
1792,1,26.879,0,2/05/2022,23:14,2/05/2022 23:14
1793,1,26.879,0,3/05/2022,0:14,3/05/2022 0:14
1794,1,26.781,0,3/05/2022,1:14,3/05/2022 1:14
1795,1,26.879,0,3/05/2022,2:14,3/05/2022 2:14
1796,1,26.781,0,3/05/2022,3:14,3/05/2022 3:14
1797,1,26.781,0,3/05/2022,4:14,3/05/2022 4:14
1798,1,26.781,0,3/05/2022,5:14,3/05/2022 5:14
1799,1,26.781,0,3/05/2022,6:14,3/05/2022 6:14
1800,1,26.781,107.6,3/05/2022,7:14,3/05/2022 7:14
1801,1,26.683,312.2,3/05/2022,8:14,3/05/2022 8:14
1802,1,26.879,183,3/05/2022,9:14,3/05/2022 9:14
1803,1,26.879,699.7,3/05/2022,10:14,3/05/2022 10:14
1804,1,26.977,2066.7,3/05/2022,11:14,3/05/2022 11:14
1805,1,27.075,2152.8,3/05/2022,12:14,3/05/2022 12:14
1806,1,27.173,3100,3/05/2022,13:14,3/05/2022 13:14
1807,1,27.173,3788.9,3/05/2022,14:14,3/05/2022 14:14
1808,1,27.075,828.8,3/05/2022,15:14,3/05/2022 15:14
1809,1,26.977,495.1,3/05/2022,16:14,3/05/2022 16:14
1810,1,26.977,150.7,3/05/2022,17:14,3/05/2022 17:14
1811,1,26.977,0,3/05/2022,18:14,3/05/2022 18:14
1812,1,26.879,0,3/05/2022,19:14,3/05/2022 19:14
1813,1,26.879,0,3/05/2022,20:14,3/05/2022 20:14
1814,1,26.879,0,3/05/2022,21:14,3/05/2022 21:14
1815,1,26.879,0,3/05/2022,22:14,3/05/2022 22:14
1816,1,26.879,0,3/05/2022,23:14,3/05/2022 23:14
1817,1,26.879,0,4/05/2022,0:14,4/05/2022 0:14
1818,1,26.879,0,4/05/2022,1:14,4/05/2022 1:14
1819,1,26.781,0,4/05/2022,2:14,4/05/2022 2:14
1820,1,26.781,0,4/05/2022,3:14,4/05/2022 3:14
1821,1,26.781,0,4/05/2022,4:14,4/05/2022 4:14
1822,1,26.781,0,4/05/2022,5:14,4/05/2022 5:14
1823,1,26.781,0,4/05/2022,6:14,4/05/2022 6:14
1824,1,26.781,129.2,4/05/2022,7:14,4/05/2022 7:14
1825,1,26.879,387.5,4/05/2022,8:14,4/05/2022 8:14
1826,1,26.879,581.3,4/05/2022,9:14,4/05/2022 9:14
1827,1,26.879,559.7,4/05/2022,10:14,4/05/2022 10:14
1828,1,27.075,2066.7,4/05/2022,11:14,4/05/2022 11:14
1829,1,27.173,2325,4/05/2022,12:14,4/05/2022 12:14
1830,1,27.173,2497.2,4/05/2022,13:14,4/05/2022 13:14
1831,1,27.173,3788.9,4/05/2022,14:14,4/05/2022 14:14
1832,1,27.173,3100,4/05/2022,15:14,4/05/2022 15:14
1833,1,27.075,2152.8,4/05/2022,16:14,4/05/2022 16:14
1834,1,26.977,409,4/05/2022,17:14,4/05/2022 17:14
1835,1,26.879,0,4/05/2022,18:14,4/05/2022 18:14
1836,1,26.879,0,4/05/2022,19:14,4/05/2022 19:14
1837,1,26.977,0,4/05/2022,20:14,4/05/2022 20:14
1838,1,26.977,0,4/05/2022,21:14,4/05/2022 21:14
1839,1,26.977,0,4/05/2022,22:14,4/05/2022 22:14
1840,1,26.977,0,4/05/2022,23:14,4/05/2022 23:14
1841,1,26.977,0,5/05/2022,0:14,5/05/2022 0:14
1842,1,26.977,0,5/05/2022,1:14,5/05/2022 1:14
1843,1,26.977,0,5/05/2022,2:14,5/05/2022 2:14
1844,1,26.977,0,5/05/2022,3:14,5/05/2022 3:14
1845,1,26.977,0,5/05/2022,4:14,5/05/2022 4:14
1846,1,26.977,0,5/05/2022,5:14,5/05/2022 5:14
1847,1,26.977,0,5/05/2022,6:14,5/05/2022 6:14
1848,1,26.977,139.9,5/05/2022,7:14,5/05/2022 7:14
1849,1,26.977,333.7,5/05/2022,8:14,5/05/2022 8:14
1850,1,26.977,419.8,5/05/2022,9:14,5/05/2022 9:14
1851,1,27.075,914.9,5/05/2022,10:14,5/05/2022 10:14
1852,1,27.075,1722.2,5/05/2022,11:14,5/05/2022 11:14
1853,1,27.272,2152.8,5/05/2022,12:14,5/05/2022 12:14
1854,1,27.272,2927.8,5/05/2022,13:14,5/05/2022 13:14
1855,1,27.272,3444.5,5/05/2022,14:14,5/05/2022 14:14
1856,1,27.37,4133.4,5/05/2022,15:14,5/05/2022 15:14
1857,1,27.567,1722.2,5/05/2022,16:14,5/05/2022 16:14
1858,1,27.468,484.4,5/05/2022,17:14,5/05/2022 17:14
1859,1,27.37,0,5/05/2022,18:14,5/05/2022 18:14
1860,1,27.272,0,5/05/2022,19:14,5/05/2022 19:14
1861,1,27.272,0,5/05/2022,20:14,5/05/2022 20:14
1862,1,27.272,0,5/05/2022,21:14,5/05/2022 21:14
1863,1,27.272,0,5/05/2022,22:14,5/05/2022 22:14
1864,1,27.272,0,5/05/2022,23:14,5/05/2022 23:14
1865,1,27.272,0,6/05/2022,0:14,6/05/2022 0:14
1866,1,27.173,0,6/05/2022,1:14,6/05/2022 1:14
1867,1,27.173,0,6/05/2022,2:14,6/05/2022 2:14
1868,1,27.272,0,6/05/2022,3:14,6/05/2022 3:14
1869,1,27.272,0,6/05/2022,4:14,6/05/2022 4:14
1870,1,27.173,0,6/05/2022,5:14,6/05/2022 5:14
1871,1,27.173,0,6/05/2022,6:14,6/05/2022 6:14
1872,1,27.173,129.2,6/05/2022,7:14,6/05/2022 7:14
1873,1,27.173,387.5,6/05/2022,8:14,6/05/2022 8:14
1874,1,27.272,1033.3,6/05/2022,9:14,6/05/2022 9:14
1875,1,27.37,990.3,6/05/2022,10:14,6/05/2022 10:14
1876,1,27.37,1291.7,6/05/2022,11:14,6/05/2022 11:14
1877,1,27.37,1065.6,6/05/2022,12:14,6/05/2022 12:14
1878,1,27.272,850.4,6/05/2022,13:14,6/05/2022 13:14
1879,1,27.468,3444.5,6/05/2022,14:14,6/05/2022 14:14
1880,1,27.37,2238.9,6/05/2022,15:14,6/05/2022 15:14
1881,1,27.173,505.9,6/05/2022,16:14,6/05/2022 16:14
1882,1,27.173,129.2,6/05/2022,17:14,6/05/2022 17:14
1883,1,27.075,0,6/05/2022,18:14,6/05/2022 18:14
1884,1,26.977,0,6/05/2022,19:14,6/05/2022 19:14
1885,1,27.075,0,6/05/2022,20:14,6/05/2022 20:14
1886,1,27.173,0,6/05/2022,21:14,6/05/2022 21:14
1887,1,27.173,0,6/05/2022,22:14,6/05/2022 22:14
1888,1,27.173,0,6/05/2022,23:14,6/05/2022 23:14
1889,1,27.173,0,7/05/2022,0:14,7/05/2022 0:14
1890,1,27.173,0,7/05/2022,1:14,7/05/2022 1:14
1891,1,27.173,0,7/05/2022,2:14,7/05/2022 2:14
1892,1,27.075,0,7/05/2022,3:14,7/05/2022 3:14
1893,1,27.075,0,7/05/2022,4:14,7/05/2022 4:14
1894,1,27.075,0,7/05/2022,5:14,7/05/2022 5:14
1895,1,27.075,0,7/05/2022,6:14,7/05/2022 6:14
1896,1,27.173,53.8,7/05/2022,7:14,7/05/2022 7:14
1897,1,27.173,344.4,7/05/2022,8:14,7/05/2022 8:14
1898,1,27.272,516.7,7/05/2022,9:14,7/05/2022 9:14
1899,1,27.37,1001,7/05/2022,10:14,7/05/2022 10:14
1900,1,27.37,1194.8,7/05/2022,11:14,7/05/2022 11:14
1901,1,27.37,1227.1,7/05/2022,12:14,7/05/2022 12:14
1902,1,27.37,1248.6,7/05/2022,13:14,7/05/2022 13:14
1903,1,27.272,505.9,7/05/2022,14:14,7/05/2022 14:14
1904,1,27.468,1550,7/05/2022,15:14,7/05/2022 15:14
1905,1,27.468,2238.9,7/05/2022,16:14,7/05/2022 16:14
1906,1,27.272,96.9,7/05/2022,17:14,7/05/2022 17:14
1907,1,27.37,0,7/05/2022,18:14,7/05/2022 18:14
1908,1,27.272,0,7/05/2022,19:14,7/05/2022 19:14
1909,1,27.173,0,7/05/2022,20:14,7/05/2022 20:14
1910,1,27.173,0,7/05/2022,21:14,7/05/2022 21:14
1911,1,27.173,0,7/05/2022,22:14,7/05/2022 22:14
1912,1,27.173,0,7/05/2022,23:14,7/05/2022 23:14
1913,1,27.272,0,8/05/2022,0:14,8/05/2022 0:14
1914,1,27.272,0,8/05/2022,1:14,8/05/2022 1:14
1915,1,27.272,0,8/05/2022,2:14,8/05/2022 2:14
1916,1,27.272,0,8/05/2022,3:14,8/05/2022 3:14
1917,1,27.173,0,8/05/2022,4:14,8/05/2022 4:14
1918,1,27.173,0,8/05/2022,5:14,8/05/2022 5:14
1919,1,27.173,0,8/05/2022,6:14,8/05/2022 6:14
1920,1,27.173,32.3,8/05/2022,7:14,8/05/2022 7:14
1921,1,27.272,161.5,8/05/2022,8:14,8/05/2022 8:14
1922,1,27.272,150.7,8/05/2022,9:14,8/05/2022 9:14
1923,1,27.272,258.3,8/05/2022,10:14,8/05/2022 10:14
1924,1,27.272,183,8/05/2022,11:14,8/05/2022 11:14
1925,1,27.37,613.5,8/05/2022,12:14,8/05/2022 12:14
1926,1,27.272,150.7,8/05/2022,13:14,8/05/2022 13:14
1927,1,27.272,301.4,8/05/2022,14:14,8/05/2022 14:14
1928,1,27.272,193.8,8/05/2022,15:14,8/05/2022 15:14
1929,1,27.173,53.8,8/05/2022,16:14,8/05/2022 16:14
1930,1,27.173,0,8/05/2022,17:14,8/05/2022 17:14
1931,1,27.173,0,8/05/2022,18:14,8/05/2022 18:14
1932,1,27.173,0,8/05/2022,19:14,8/05/2022 19:14
1933,1,27.173,0,8/05/2022,20:14,8/05/2022 20:14
1934,1,27.173,0,8/05/2022,21:14,8/05/2022 21:14
1935,1,27.075,0,8/05/2022,22:14,8/05/2022 22:14
1936,1,27.075,0,8/05/2022,23:14,8/05/2022 23:14
1937,1,26.977,0,9/05/2022,0:14,9/05/2022 0:14
1938,1,26.977,0,9/05/2022,1:14,9/05/2022 1:14
1939,1,26.977,0,9/05/2022,2:14,9/05/2022 2:14
1940,1,26.977,0,9/05/2022,3:14,9/05/2022 3:14
1941,1,26.879,0,9/05/2022,4:14,9/05/2022 4:14
1942,1,26.879,0,9/05/2022,5:14,9/05/2022 5:14
1943,1,26.879,0,9/05/2022,6:14,9/05/2022 6:14
1944,1,26.879,10.8,9/05/2022,7:14,9/05/2022 7:14
1945,1,26.977,204.5,9/05/2022,8:14,9/05/2022 8:14
1946,1,26.977,322.9,9/05/2022,9:14,9/05/2022 9:14
1947,1,26.977,204.5,9/05/2022,10:14,9/05/2022 10:14
1948,1,26.977,430.6,9/05/2022,11:14,9/05/2022 11:14
1949,1,26.879,462.9,9/05/2022,12:14,9/05/2022 12:14
1950,1,26.781,204.5,9/05/2022,13:14,9/05/2022 13:14
1951,1,26.781,322.9,9/05/2022,14:14,9/05/2022 14:14
1952,1,26.781,96.9,9/05/2022,15:14,9/05/2022 15:14
1953,1,26.781,43.1,9/05/2022,16:14,9/05/2022 16:14
1954,1,26.781,0,9/05/2022,17:14,9/05/2022 17:14
1955,1,26.781,0,9/05/2022,18:14,9/05/2022 18:14
1956,1,26.781,0,9/05/2022,19:14,9/05/2022 19:14
1957,1,26.781,0,9/05/2022,20:14,9/05/2022 20:14
1958,1,26.781,0,9/05/2022,21:14,9/05/2022 21:14
1959,1,26.781,0,9/05/2022,22:14,9/05/2022 22:14
1960,1,26.781,0,9/05/2022,23:14,9/05/2022 23:14
1961,1,26.879,0,10/05/2022,0:14,10/05/2022 0:14
1962,1,26.879,0,10/05/2022,1:14,10/05/2022 1:14
1963,1,26.781,0,10/05/2022,2:14,10/05/2022 2:14
1964,1,26.781,0,10/05/2022,3:14,10/05/2022 3:14
1965,1,26.781,0,10/05/2022,4:14,10/05/2022 4:14
1966,1,26.683,0,10/05/2022,5:14,10/05/2022 5:14
1967,1,26.683,0,10/05/2022,6:14,10/05/2022 6:14
1968,1,26.683,32.3,10/05/2022,7:14,10/05/2022 7:14
1969,1,26.683,215.3,10/05/2022,8:14,10/05/2022 8:14
1970,1,26.683,161.5,10/05/2022,9:14,10/05/2022 9:14
1971,1,26.683,279.9,10/05/2022,10:14,10/05/2022 10:14
1972,1,26.781,505.9,10/05/2022,11:14,10/05/2022 11:14
1973,1,26.781,226,10/05/2022,12:14,10/05/2022 12:14
1974,1,26.781,161.5,10/05/2022,13:14,10/05/2022 13:14
1975,1,26.683,21.5,10/05/2022,14:14,10/05/2022 14:14
1976,1,26.585,21.5,10/05/2022,15:14,10/05/2022 15:14
1977,1,26.585,0,10/05/2022,16:14,10/05/2022 16:14
1978,1,26.585,0,10/05/2022,17:14,10/05/2022 17:14
1979,1,26.585,0,10/05/2022,18:14,10/05/2022 18:14
1980,1,26.585,0,10/05/2022,19:14,10/05/2022 19:14
1981,1,26.585,0,10/05/2022,20:14,10/05/2022 20:14
1982,1,26.585,0,10/05/2022,21:14,10/05/2022 21:14
1983,1,26.585,0,10/05/2022,22:14,10/05/2022 22:14
1984,1,26.585,0,10/05/2022,23:14,10/05/2022 23:14
1985,1,26.585,0,11/05/2022,0:14,11/05/2022 0:14
1986,1,26.683,0,11/05/2022,1:14,11/05/2022 1:14
1987,1,26.585,0,11/05/2022,2:14,11/05/2022 2:14
1988,1,26.585,0,11/05/2022,3:14,11/05/2022 3:14
1989,1,26.488,0,11/05/2022,4:14,11/05/2022 4:14
1990,1,26.488,0,11/05/2022,5:14,11/05/2022 5:14
1991,1,26.488,0,11/05/2022,6:14,11/05/2022 6:14
1992,1,26.488,21.5,11/05/2022,7:14,11/05/2022 7:14
1993,1,26.488,139.9,11/05/2022,8:14,11/05/2022 8:14
1994,1,26.488,495.1,11/05/2022,9:14,11/05/2022 9:14
1995,1,26.585,398.3,11/05/2022,10:14,11/05/2022 10:14
1996,1,26.488,53.8,11/05/2022,11:14,11/05/2022 11:14
1997,1,26.488,204.5,11/05/2022,12:14,11/05/2022 12:14
1998,1,26.488,376.7,11/05/2022,13:14,11/05/2022 13:14
1999,1,26.39,236.8,11/05/2022,14:14,11/05/2022 14:14
2000,1,26.39,96.9,11/05/2022,15:14,11/05/2022 15:14
2001,1,26.39,64.6,11/05/2022,16:14,11/05/2022 16:14
2002,1,26.39,0,11/05/2022,17:14,11/05/2022 17:14
2003,1,26.39,0,11/05/2022,18:14,11/05/2022 18:14
2004,1,26.39,0,11/05/2022,19:14,11/05/2022 19:14
2005,1,26.39,0,11/05/2022,20:14,11/05/2022 20:14
2006,1,26.39,0,11/05/2022,21:14,11/05/2022 21:14
2007,1,26.39,0,11/05/2022,22:14,11/05/2022 22:14
2008,1,26.39,0,11/05/2022,23:14,11/05/2022 23:14
2009,1,26.39,0,12/05/2022,0:14,12/05/2022 0:14
2010,1,26.292,0,12/05/2022,1:14,12/05/2022 1:14
2011,1,26.195,0,12/05/2022,2:14,12/05/2022 2:14
2012,1,26.292,0,12/05/2022,3:14,12/05/2022 3:14
2013,1,26.292,0,12/05/2022,4:14,12/05/2022 4:14
2014,1,26.292,0,12/05/2022,5:14,12/05/2022 5:14
2015,1,26.292,0,12/05/2022,6:14,12/05/2022 6:14
2016,1,26.292,0,12/05/2022,7:14,12/05/2022 7:14
2017,1,26.292,64.6,12/05/2022,8:14,12/05/2022 8:14
2018,1,26.292,150.7,12/05/2022,9:14,12/05/2022 9:14
2019,1,26.292,226,12/05/2022,10:14,12/05/2022 10:14
2020,1,26.39,527.4,12/05/2022,11:14,12/05/2022 11:14
2021,1,26.39,731.9,12/05/2022,12:14,12/05/2022 12:14
2022,1,26.39,312.2,12/05/2022,13:14,12/05/2022 13:14
2023,1,26.39,538.2,12/05/2022,14:14,12/05/2022 14:14
2024,1,26.39,355.2,12/05/2022,15:14,12/05/2022 15:14
2025,1,26.292,183,12/05/2022,16:14,12/05/2022 16:14
2026,1,26.292,0,12/05/2022,17:14,12/05/2022 17:14
2027,1,26.292,0,12/05/2022,18:14,12/05/2022 18:14
2028,1,26.39,0,12/05/2022,19:14,12/05/2022 19:14
2029,1,26.292,0,12/05/2022,20:14,12/05/2022 20:14
2030,1,26.39,0,12/05/2022,21:14,12/05/2022 21:14
2031,1,26.292,0,12/05/2022,22:14,12/05/2022 22:14
2032,1,26.195,0,12/05/2022,23:14,12/05/2022 23:14
2033,1,26.292,0,13/05/2022,0:14,13/05/2022 0:14
2034,1,26.292,0,13/05/2022,1:14,13/05/2022 1:14
2035,1,26.195,0,13/05/2022,2:14,13/05/2022 2:14
2036,1,26.292,0,13/05/2022,3:14,13/05/2022 3:14
2037,1,26.292,0,13/05/2022,4:14,13/05/2022 4:14
2038,1,26.195,0,13/05/2022,5:14,13/05/2022 5:14
2039,1,26.195,0,13/05/2022,6:14,13/05/2022 6:14
2040,1,26.195,32.3,13/05/2022,7:14,13/05/2022 7:14
2041,1,26.292,215.3,13/05/2022,8:14,13/05/2022 8:14
2042,1,26.292,581.3,13/05/2022,9:14,13/05/2022 9:14
2043,1,26.39,914.9,13/05/2022,10:14,13/05/2022 10:14
2044,1,26.39,1270.1,13/05/2022,11:14,13/05/2022 11:14
2045,1,26.488,1894.5,13/05/2022,12:14,13/05/2022 12:14
2046,1,26.39,2755.6,13/05/2022,13:14,13/05/2022 13:14
2047,1,26.488,2927.8,13/05/2022,14:14,13/05/2022 14:14
2048,1,26.488,1722.2,13/05/2022,15:14,13/05/2022 15:14
2049,1,26.39,258.3,13/05/2022,16:14,13/05/2022 16:14
2050,1,26.488,161.5,13/05/2022,17:14,13/05/2022 17:14
2051,1,26.39,0,13/05/2022,18:14,13/05/2022 18:14
2052,1,26.39,0,13/05/2022,19:14,13/05/2022 19:14
2053,1,26.39,0,13/05/2022,20:14,13/05/2022 20:14
2054,1,26.39,0,13/05/2022,21:14,13/05/2022 21:14
2055,1,26.39,0,13/05/2022,22:14,13/05/2022 22:14
2056,1,26.39,0,13/05/2022,23:14,13/05/2022 23:14
2057,1,26.292,0,14/05/2022,0:14,14/05/2022 0:14
2058,1,26.292,0,14/05/2022,1:14,14/05/2022 1:14
2059,1,26.292,0,14/05/2022,2:14,14/05/2022 2:14
2060,1,26.292,0,14/05/2022,3:14,14/05/2022 3:14
2061,1,26.292,0,14/05/2022,4:14,14/05/2022 4:14
2062,1,26.292,0,14/05/2022,5:14,14/05/2022 5:14
2063,1,26.195,0,14/05/2022,6:14,14/05/2022 6:14
2064,1,26.195,64.6,14/05/2022,7:14,14/05/2022 7:14
2065,1,26.292,258.3,14/05/2022,8:14,14/05/2022 8:14
2066,1,26.292,215.3,14/05/2022,9:14,14/05/2022 9:14
2067,1,26.39,968.8,14/05/2022,10:14,14/05/2022 10:14
2068,1,26.488,1313.2,14/05/2022,11:14,14/05/2022 11:14
2069,1,26.488,2066.7,14/05/2022,12:14,14/05/2022 12:14
2070,1,26.585,2411.1,14/05/2022,13:14,14/05/2022 13:14
2071,1,26.585,3616.7,14/05/2022,14:14,14/05/2022 14:14
2072,1,26.488,3100,14/05/2022,15:14,14/05/2022 15:14
2073,1,26.488,1324,14/05/2022,16:14,14/05/2022 16:14
2074,1,26.39,96.9,14/05/2022,17:14,14/05/2022 17:14
2075,1,26.39,0,14/05/2022,18:14,14/05/2022 18:14
2076,1,26.39,0,14/05/2022,19:14,14/05/2022 19:14
2077,1,26.488,0,14/05/2022,20:14,14/05/2022 20:14
2078,1,26.39,0,14/05/2022,21:14,14/05/2022 21:14
2079,1,26.39,0,14/05/2022,22:14,14/05/2022 22:14
2080,1,26.39,0,14/05/2022,23:14,14/05/2022 23:14
2081,1,26.292,0,15/05/2022,0:14,15/05/2022 0:14
2082,1,26.292,0,15/05/2022,1:14,15/05/2022 1:14
2083,1,26.292,0,15/05/2022,2:14,15/05/2022 2:14
2084,1,26.292,0,15/05/2022,3:14,15/05/2022 3:14
2085,1,26.292,0,15/05/2022,4:14,15/05/2022 4:14
2086,1,26.292,0,15/05/2022,5:14,15/05/2022 5:14
2087,1,26.292,0,15/05/2022,6:14,15/05/2022 6:14
2088,1,26.292,75.3,15/05/2022,7:14,15/05/2022 7:14
2089,1,26.292,247.6,15/05/2022,8:14,15/05/2022 8:14
2090,1,26.292,473.6,15/05/2022,9:14,15/05/2022 9:14
2091,1,26.39,818.1,15/05/2022,10:14,15/05/2022 10:14
2092,1,26.488,1324,15/05/2022,11:14,15/05/2022 11:14
2093,1,26.585,2152.8,15/05/2022,12:14,15/05/2022 12:14
2094,1,26.585,3272.2,15/05/2022,13:14,15/05/2022 13:14
2095,1,26.585,3961.1,15/05/2022,14:14,15/05/2022 14:14
2096,1,26.585,3272.2,15/05/2022,15:14,15/05/2022 15:14
2097,1,26.683,1550,15/05/2022,16:14,15/05/2022 16:14
2098,1,26.488,107.6,15/05/2022,17:14,15/05/2022 17:14
2099,1,26.39,0,15/05/2022,18:14,15/05/2022 18:14
2100,1,26.39,0,15/05/2022,19:14,15/05/2022 19:14
2101,1,26.39,0,15/05/2022,20:14,15/05/2022 20:14
2102,1,26.292,0,15/05/2022,21:14,15/05/2022 21:14
2103,1,26.292,0,15/05/2022,22:14,15/05/2022 22:14
2104,1,26.292,0,15/05/2022,23:14,15/05/2022 23:14
2105,1,26.292,0,16/05/2022,0:14,16/05/2022 0:14
2106,1,26.39,0,16/05/2022,1:14,16/05/2022 1:14
2107,1,26.39,0,16/05/2022,2:14,16/05/2022 2:14
2108,1,26.39,0,16/05/2022,3:14,16/05/2022 3:14
2109,1,26.292,0,16/05/2022,4:14,16/05/2022 4:14
2110,1,26.292,0,16/05/2022,5:14,16/05/2022 5:14
2111,1,26.292,0,16/05/2022,6:14,16/05/2022 6:14
2112,1,26.195,75.3,16/05/2022,7:14,16/05/2022 7:14
2113,1,26.292,258.3,16/05/2022,8:14,16/05/2022 8:14
2114,1,26.292,505.9,16/05/2022,9:14,16/05/2022 9:14
2115,1,26.39,775,16/05/2022,10:14,16/05/2022 10:14
2116,1,26.488,1237.9,16/05/2022,11:14,16/05/2022 11:14
2117,1,26.585,2066.7,16/05/2022,12:14,16/05/2022 12:14
2118,1,26.683,2755.6,16/05/2022,13:14,16/05/2022 13:14
2119,1,26.683,3444.5,16/05/2022,14:14,16/05/2022 14:14
2120,1,26.585,3788.9,16/05/2022,15:14,16/05/2022 15:14
2121,1,26.585,2755.6,16/05/2022,16:14,16/05/2022 16:14
2122,1,26.488,129.2,16/05/2022,17:14,16/05/2022 17:14
2123,1,26.488,0,16/05/2022,18:14,16/05/2022 18:14
2124,1,26.39,0,16/05/2022,19:14,16/05/2022 19:14
2125,1,26.39,0,16/05/2022,20:14,16/05/2022 20:14
2126,1,26.39,0,16/05/2022,21:14,16/05/2022 21:14
2127,1,26.39,0,16/05/2022,22:14,16/05/2022 22:14
2128,1,26.39,0,16/05/2022,23:14,16/05/2022 23:14
2129,1,26.39,0,17/05/2022,0:14,17/05/2022 0:14
2130,1,26.39,0,17/05/2022,1:14,17/05/2022 1:14
2131,1,26.39,0,17/05/2022,2:14,17/05/2022 2:14
2132,1,26.39,0,17/05/2022,3:14,17/05/2022 3:14
2133,1,26.39,0,17/05/2022,4:14,17/05/2022 4:14
2134,1,26.39,0,17/05/2022,5:14,17/05/2022 5:14
2135,1,26.292,0,17/05/2022,6:14,17/05/2022 6:14
2136,1,26.292,96.9,17/05/2022,7:14,17/05/2022 7:14
2137,1,26.39,290.6,17/05/2022,8:14,17/05/2022 8:14
2138,1,26.39,516.7,17/05/2022,9:14,17/05/2022 9:14
2139,1,26.488,828.8,17/05/2022,10:14,17/05/2022 10:14
2140,1,26.585,1216.3,17/05/2022,11:14,17/05/2022 11:14
2141,1,26.585,1808.3,17/05/2022,12:14,17/05/2022 12:14
2142,1,26.683,3444.5,17/05/2022,13:14,17/05/2022 13:14
2143,1,26.683,4822.3,17/05/2022,14:14,17/05/2022 14:14
2144,1,26.683,4994.5,17/05/2022,15:14,17/05/2022 15:14
2145,1,26.683,1377.8,17/05/2022,16:14,17/05/2022 16:14
2146,1,26.683,161.5,17/05/2022,17:14,17/05/2022 17:14
2147,1,26.488,0,17/05/2022,18:14,17/05/2022 18:14
2148,1,26.488,0,17/05/2022,19:14,17/05/2022 19:14
2149,1,26.488,0,17/05/2022,20:14,17/05/2022 20:14
2150,1,26.39,0,17/05/2022,21:14,17/05/2022 21:14
2151,1,26.39,0,17/05/2022,22:14,17/05/2022 22:14
2152,1,26.39,0,17/05/2022,23:14,17/05/2022 23:14
2153,1,26.39,0,18/05/2022,0:14,18/05/2022 0:14
2154,1,26.39,0,18/05/2022,1:14,18/05/2022 1:14
2155,1,26.39,0,18/05/2022,2:14,18/05/2022 2:14
2156,1,26.39,0,18/05/2022,3:14,18/05/2022 3:14
2157,1,26.39,0,18/05/2022,4:14,18/05/2022 4:14
2158,1,26.39,0,18/05/2022,5:14,18/05/2022 5:14
2159,1,26.39,0,18/05/2022,6:14,18/05/2022 6:14
2160,1,26.39,64.6,18/05/2022,7:14,18/05/2022 7:14
2161,1,26.39,215.3,18/05/2022,8:14,18/05/2022 8:14
2162,1,26.488,581.3,18/05/2022,9:14,18/05/2022 9:14
2163,1,26.585,828.8,18/05/2022,10:14,18/05/2022 10:14
2164,1,26.683,1227.1,18/05/2022,11:14,18/05/2022 11:14
2165,1,26.683,1894.5,18/05/2022,12:14,18/05/2022 12:14
2166,1,26.781,2927.8,18/05/2022,13:14,18/05/2022 13:14
2167,1,26.683,3444.5,18/05/2022,14:14,18/05/2022 14:14
2168,1,26.683,4305.6,18/05/2022,15:14,18/05/2022 15:14
2169,1,26.683,3272.2,18/05/2022,16:14,18/05/2022 16:14
2170,1,26.683,204.5,18/05/2022,17:14,18/05/2022 17:14
2171,1,26.585,0,18/05/2022,18:14,18/05/2022 18:14
2172,1,26.585,0,18/05/2022,19:14,18/05/2022 19:14
2173,1,26.488,0,18/05/2022,20:14,18/05/2022 20:14
2174,1,26.488,0,18/05/2022,21:14,18/05/2022 21:14
2175,1,26.488,0,18/05/2022,22:14,18/05/2022 22:14
2176,1,26.39,0,18/05/2022,23:14,18/05/2022 23:14
2177,1,26.488,0,19/05/2022,0:14,19/05/2022 0:14
2178,1,26.488,0,19/05/2022,1:14,19/05/2022 1:14
2179,1,26.488,0,19/05/2022,2:14,19/05/2022 2:14
2180,1,26.488,0,19/05/2022,3:14,19/05/2022 3:14
2181,1,26.488,0,19/05/2022,4:14,19/05/2022 4:14
2182,1,26.488,0,19/05/2022,5:14,19/05/2022 5:14
2183,1,26.39,0,19/05/2022,6:14,19/05/2022 6:14
2184,1,26.488,75.3,19/05/2022,7:14,19/05/2022 7:14
2185,1,26.488,118.4,19/05/2022,8:14,19/05/2022 8:14
2186,1,26.39,850.4,19/05/2022,9:14,19/05/2022 9:14
2187,1,26.488,893.4,19/05/2022,10:14,19/05/2022 10:14
2188,1,26.585,1237.9,19/05/2022,11:14,19/05/2022 11:14
2189,1,26.683,1377.8,19/05/2022,12:14,19/05/2022 12:14
2190,1,26.683,968.8,19/05/2022,13:14,19/05/2022 13:14
2191,1,26.585,1097.9,19/05/2022,14:14,19/05/2022 14:14
2192,1,26.585,1076.4,19/05/2022,15:14,19/05/2022 15:14
2193,1,26.781,473.6,19/05/2022,16:14,19/05/2022 16:14
2194,1,26.585,139.9,19/05/2022,17:14,19/05/2022 17:14
2195,1,26.683,0,19/05/2022,18:14,19/05/2022 18:14
2196,1,26.585,0,19/05/2022,19:14,19/05/2022 19:14
2197,1,26.488,0,19/05/2022,20:14,19/05/2022 20:14
2198,1,26.488,0,19/05/2022,21:14,19/05/2022 21:14
2199,1,26.488,0,19/05/2022,22:14,19/05/2022 22:14
2200,1,26.488,0,19/05/2022,23:14,19/05/2022 23:14
2201,1,26.488,0,20/05/2022,0:14,20/05/2022 0:14
2202,1,26.488,0,20/05/2022,1:14,20/05/2022 1:14
2203,1,26.488,0,20/05/2022,2:14,20/05/2022 2:14
2204,1,26.488,0,20/05/2022,3:14,20/05/2022 3:14
2205,1,26.488,0,20/05/2022,4:14,20/05/2022 4:14
2206,1,26.39,0,20/05/2022,5:14,20/05/2022 5:14
2207,1,26.488,0,20/05/2022,6:14,20/05/2022 6:14
2208,1,26.39,53.8,20/05/2022,7:14,20/05/2022 7:14
2209,1,26.39,279.9,20/05/2022,8:14,20/05/2022 8:14
2210,1,26.488,613.5,20/05/2022,9:14,20/05/2022 9:14
2211,1,26.585,947.2,20/05/2022,10:14,20/05/2022 10:14
2212,1,26.683,2411.1,20/05/2022,11:14,20/05/2022 11:14
2213,1,26.585,1216.3,20/05/2022,12:14,20/05/2022 12:14
2214,1,26.683,2411.1,20/05/2022,13:14,20/05/2022 13:14
2215,1,26.585,2497.2,20/05/2022,14:14,20/05/2022 14:14
2216,1,26.585,2755.6,20/05/2022,15:14,20/05/2022 15:14
2217,1,26.488,742.7,20/05/2022,16:14,20/05/2022 16:14
2218,1,26.488,96.9,20/05/2022,17:14,20/05/2022 17:14
2219,1,26.488,0,20/05/2022,18:14,20/05/2022 18:14
2220,1,26.488,0,20/05/2022,19:14,20/05/2022 19:14
2221,1,26.488,0,20/05/2022,20:14,20/05/2022 20:14
2222,1,26.488,0,20/05/2022,21:14,20/05/2022 21:14
2223,1,26.39,0,20/05/2022,22:14,20/05/2022 22:14
2224,1,26.39,0,20/05/2022,23:14,20/05/2022 23:14
2225,1,26.39,0,21/05/2022,0:14,21/05/2022 0:14
2226,1,26.292,0,21/05/2022,1:14,21/05/2022 1:14
2227,1,26.292,0,21/05/2022,2:14,21/05/2022 2:14
2228,1,26.292,0,21/05/2022,3:14,21/05/2022 3:14
2229,1,26.195,0,21/05/2022,4:14,21/05/2022 4:14
2230,1,26.195,0,21/05/2022,5:14,21/05/2022 5:14
2231,1,26.39,0,21/05/2022,6:14,21/05/2022 6:14
2232,1,26.488,86.1,21/05/2022,7:14,21/05/2022 7:14
2233,1,26.488,290.6,21/05/2022,8:14,21/05/2022 8:14
2234,1,26.39,527.4,21/05/2022,9:14,21/05/2022 9:14
2235,1,26.39,958,21/05/2022,10:14,21/05/2022 10:14
2236,1,26.488,1184,21/05/2022,11:14,21/05/2022 11:14
2237,1,26.488,1141,21/05/2022,12:14,21/05/2022 12:14
2238,1,26.585,409,21/05/2022,13:14,21/05/2022 13:14
2239,1,26.683,2669.5,21/05/2022,14:14,21/05/2022 14:14
2240,1,26.39,688.9,21/05/2022,15:14,21/05/2022 15:14
2241,1,26.39,322.9,21/05/2022,16:14,21/05/2022 16:14
2242,1,26.39,32.3,21/05/2022,17:14,21/05/2022 17:14
2243,1,26.39,0,21/05/2022,18:14,21/05/2022 18:14
2244,1,26.39,0,21/05/2022,19:14,21/05/2022 19:14
2245,1,26.39,0,21/05/2022,20:14,21/05/2022 20:14
2246,1,26.39,0,21/05/2022,21:14,21/05/2022 21:14
2247,1,26.39,0,21/05/2022,22:14,21/05/2022 22:14
2248,1,26.39,0,21/05/2022,23:14,21/05/2022 23:14
2249,1,26.39,0,22/05/2022,0:14,22/05/2022 0:14
2250,1,26.292,0,22/05/2022,1:14,22/05/2022 1:14
2251,1,26.292,0,22/05/2022,2:14,22/05/2022 2:14
2252,1,26.292,0,22/05/2022,3:14,22/05/2022 3:14
2253,1,26.195,0,22/05/2022,4:14,22/05/2022 4:14
2254,1,26.195,0,22/05/2022,5:14,22/05/2022 5:14
2255,1,26.195,0,22/05/2022,6:14,22/05/2022 6:14
2256,1,26.195,64.6,22/05/2022,7:14,22/05/2022 7:14
2257,1,25.902,247.6,22/05/2022,8:14,22/05/2022 8:14
2258,1,26.195,613.5,22/05/2022,9:14,22/05/2022 9:14
2259,1,26,1076.4,22/05/2022,10:14,22/05/2022 10:14
2260,1,26.195,1463.9,22/05/2022,11:14,22/05/2022 11:14
2261,1,26.292,1636.1,22/05/2022,12:14,22/05/2022 12:14
2262,1,26.292,1636.1,22/05/2022,13:14,22/05/2022 13:14
2263,1,26.292,1808.3,22/05/2022,14:14,22/05/2022 14:14
2264,1,26.292,1550,22/05/2022,15:14,22/05/2022 15:14
2265,1,26.292,419.8,22/05/2022,16:14,22/05/2022 16:14
2266,1,26.39,86.1,22/05/2022,17:14,22/05/2022 17:14
2267,1,26.39,0,22/05/2022,18:14,22/05/2022 18:14
2268,1,26.292,0,22/05/2022,19:14,22/05/2022 19:14
2269,1,26.39,0,22/05/2022,20:14,22/05/2022 20:14
2270,1,26.292,0,22/05/2022,21:14,22/05/2022 21:14
2271,1,26.292,0,22/05/2022,22:14,22/05/2022 22:14
2272,1,26.195,0,22/05/2022,23:14,22/05/2022 23:14
2273,1,26.195,0,23/05/2022,0:14,23/05/2022 0:14
2274,1,26.195,0,23/05/2022,1:14,23/05/2022 1:14
2275,1,26.195,0,23/05/2022,2:14,23/05/2022 2:14
2276,1,26.097,0,23/05/2022,3:14,23/05/2022 3:14
2277,1,26.097,0,23/05/2022,4:14,23/05/2022 4:14
2278,1,26.097,0,23/05/2022,5:14,23/05/2022 5:14
2279,1,26.097,0,23/05/2022,6:14,23/05/2022 6:14
2280,1,26,75.3,23/05/2022,7:14,23/05/2022 7:14
2281,1,26.097,366,23/05/2022,8:14,23/05/2022 8:14
2282,1,26.195,678.1,23/05/2022,9:14,23/05/2022 9:14
2283,1,26.195,1162.5,23/05/2022,10:14,23/05/2022 10:14
2284,1,26.292,893.4,23/05/2022,11:14,23/05/2022 11:14
2285,1,26.292,2755.6,23/05/2022,12:14,23/05/2022 12:14
2286,1,26.39,3616.7,23/05/2022,13:14,23/05/2022 13:14
2287,1,26.292,1636.1,23/05/2022,14:14,23/05/2022 14:14
2288,1,26.292,1980.6,23/05/2022,15:14,23/05/2022 15:14
2289,1,26.292,1216.3,23/05/2022,16:14,23/05/2022 16:14
2290,1,26.292,129.2,23/05/2022,17:14,23/05/2022 17:14
2291,1,26.195,0,23/05/2022,18:14,23/05/2022 18:14
2292,1,26.195,0,23/05/2022,19:14,23/05/2022 19:14
2293,1,26.195,0,23/05/2022,20:14,23/05/2022 20:14
2294,1,26.195,0,23/05/2022,21:14,23/05/2022 21:14
2295,1,26.195,0,23/05/2022,22:14,23/05/2022 22:14
2296,1,26.195,0,23/05/2022,23:14,23/05/2022 23:14
2297,1,26.195,0,24/05/2022,0:14,24/05/2022 0:14
2298,1,26.097,0,24/05/2022,1:14,24/05/2022 1:14
2299,1,26.097,0,24/05/2022,2:14,24/05/2022 2:14
2300,1,26.097,0,24/05/2022,3:14,24/05/2022 3:14
2301,1,26.097,0,24/05/2022,4:14,24/05/2022 4:14
2302,1,26,0,24/05/2022,5:14,24/05/2022 5:14
2303,1,26,0,24/05/2022,6:14,24/05/2022 6:14
2304,1,26,96.9,24/05/2022,7:14,24/05/2022 7:14
2305,1,26.097,452.1,24/05/2022,8:14,24/05/2022 8:14
2306,1,25.902,419.8,24/05/2022,9:14,24/05/2022 9:14
2307,1,26.292,1313.2,24/05/2022,10:14,24/05/2022 10:14
2308,1,26.39,1894.5,24/05/2022,11:14,24/05/2022 11:14
2309,1,26.292,1894.5,24/05/2022,12:14,24/05/2022 12:14
2310,1,26.292,1894.5,24/05/2022,13:14,24/05/2022 13:14
2311,1,26.292,1722.2,24/05/2022,14:14,24/05/2022 14:14
2312,1,26.292,1980.6,24/05/2022,15:14,24/05/2022 15:14
2313,1,26.292,538.2,24/05/2022,16:14,24/05/2022 16:14
2314,1,26.292,21.5,24/05/2022,17:14,24/05/2022 17:14
2315,1,26.195,0,24/05/2022,18:14,24/05/2022 18:14
2316,1,26.097,0,24/05/2022,19:14,24/05/2022 19:14
2317,1,26.097,0,24/05/2022,20:14,24/05/2022 20:14
2318,1,26.097,0,24/05/2022,21:14,24/05/2022 21:14
2319,1,26.195,0,24/05/2022,22:14,24/05/2022 22:14
2320,1,26.097,0,24/05/2022,23:14,24/05/2022 23:14
2321,1,26.097,0,25/05/2022,0:14,25/05/2022 0:14
2322,1,26.097,0,25/05/2022,1:14,25/05/2022 1:14
2323,1,26.097,0,25/05/2022,2:14,25/05/2022 2:14
2324,1,26.097,0,25/05/2022,3:14,25/05/2022 3:14
2325,1,26.097,0,25/05/2022,4:14,25/05/2022 4:14
2326,1,26,0,25/05/2022,5:14,25/05/2022 5:14
2327,1,26,0,25/05/2022,6:14,25/05/2022 6:14
2328,1,26,86.1,25/05/2022,7:14,25/05/2022 7:14
2329,1,25.902,0,25/05/2022,8:14,25/05/2022 8:14
