#,Table,Temp_C,Intensity_Lux,Date,Time,Date_Time
56,2,30.054,2152.8,19/02/2022,15:14,19/02/2022 15:14
57,2,30.154,1722.2,19/02/2022,16:14,19/02/2022 16:14
58,2,29.953,1097.9,19/02/2022,17:14,19/02/2022 17:14
59,2,29.652,290.6,19/02/2022,18:14,19/02/2022 18:14
60,2,29.552,0,19/02/2022,19:14,19/02/2022 19:14
61,2,29.452,0,19/02/2022,20:14,19/02/2022 20:14
62,2,29.452,0,19/02/2022,21:14,19/02/2022 21:14
63,2,29.452,0,19/02/2022,22:14,19/02/2022 22:14
64,2,29.352,0,19/02/2022,23:14,19/02/2022 23:14
65,2,29.352,0,20/02/2022,0:14,20/02/2022 0:14
66,2,29.352,0,20/02/2022,1:14,20/02/2022 1:14
67,2,29.352,0,20/02/2022,2:14,20/02/2022 2:14
68,2,29.352,0,20/02/2022,3:14,20/02/2022 3:14
69,2,29.352,0,20/02/2022,4:14,20/02/2022 4:14
70,2,29.352,0,20/02/2022,5:14,20/02/2022 5:14
71,2,29.352,32.3,20/02/2022,6:14,20/02/2022 6:14
72,2,29.452,742.7,20/02/2022,7:14,20/02/2022 7:14
73,2,29.452,1808.3,20/02/2022,8:14,20/02/2022 8:14
74,2,29.452,1550,20/02/2022,9:14,20/02/2022 9:14
75,2,29.752,3616.7,20/02/2022,10:14,20/02/2022 10:14
76,2,29.853,3616.7,20/02/2022,11:14,20/02/2022 11:14
77,2,30.154,2755.6,20/02/2022,12:14,20/02/2022 12:14
78,2,30.255,2927.8,20/02/2022,13:14,20/02/2022 13:14
79,2,30.356,2927.8,20/02/2022,14:14,20/02/2022 14:14
80,2,29.853,1463.9,20/02/2022,15:14,20/02/2022 15:14
81,2,29.853,936.5,20/02/2022,16:14,20/02/2022 16:14
82,2,29.953,871.9,20/02/2022,17:14,20/02/2022 17:14
83,2,29.552,204.5,20/02/2022,18:14,20/02/2022 18:14
84,2,29.452,0,20/02/2022,19:14,20/02/2022 19:14
85,2,29.452,0,20/02/2022,20:14,20/02/2022 20:14
86,2,29.452,0,20/02/2022,21:14,20/02/2022 21:14
87,2,29.452,0,20/02/2022,22:14,20/02/2022 22:14
88,2,29.452,0,20/02/2022,23:14,20/02/2022 23:14
89,2,29.452,0,21/02/2022,0:14,21/02/2022 0:14
90,2,29.352,0,21/02/2022,1:14,21/02/2022 1:14
91,2,29.352,0,21/02/2022,2:14,21/02/2022 2:14
92,2,29.352,0,21/02/2022,3:14,21/02/2022 3:14
93,2,29.352,0,21/02/2022,4:14,21/02/2022 4:14
94,2,29.352,0,21/02/2022,5:14,21/02/2022 5:14
95,2,29.252,32.3,21/02/2022,6:14,21/02/2022 6:14
96,2,29.452,581.3,21/02/2022,7:14,21/02/2022 7:14
97,2,29.452,925.7,21/02/2022,8:14,21/02/2022 8:14
98,2,29.552,947.2,21/02/2022,9:14,21/02/2022 9:14
99,2,29.752,4305.6,21/02/2022,10:14,21/02/2022 10:14
100,2,29.953,1980.6,21/02/2022,11:14,21/02/2022 11:14
101,2,29.853,1550,21/02/2022,12:14,21/02/2022 12:14
102,2,30.255,2497.2,21/02/2022,13:14,21/02/2022 13:14
103,2,30.356,2066.7,21/02/2022,14:14,21/02/2022 14:14
104,2,30.457,1808.3,21/02/2022,15:14,21/02/2022 15:14
105,2,30.255,1377.8,21/02/2022,16:14,21/02/2022 16:14
106,2,29.953,882.6,21/02/2022,17:14,21/02/2022 17:14
107,2,29.752,247.6,21/02/2022,18:14,21/02/2022 18:14
108,2,29.652,0,21/02/2022,19:14,21/02/2022 19:14
109,2,29.752,0,21/02/2022,20:14,21/02/2022 20:14
110,2,29.552,0,21/02/2022,21:14,21/02/2022 21:14
111,2,29.652,0,21/02/2022,22:14,21/02/2022 22:14
112,2,29.652,0,21/02/2022,23:14,21/02/2022 23:14
113,2,29.652,0,22/02/2022,0:14,22/02/2022 0:14
114,2,29.652,0,22/02/2022,1:14,22/02/2022 1:14
115,2,29.652,0,22/02/2022,2:14,22/02/2022 2:14
116,2,29.552,0,22/02/2022,3:14,22/02/2022 3:14
117,2,29.552,0,22/02/2022,4:14,22/02/2022 4:14
118,2,29.552,0,22/02/2022,5:14,22/02/2022 5:14
119,2,29.552,21.5,22/02/2022,6:14,22/02/2022 6:14
120,2,29.652,1216.3,22/02/2022,7:14,22/02/2022 7:14
121,2,29.853,3100,22/02/2022,8:14,22/02/2022 8:14
122,2,29.953,3444.5,22/02/2022,9:14,22/02/2022 9:14
123,2,29.853,1808.3,22/02/2022,10:14,22/02/2022 10:14
124,2,29.953,1550,22/02/2022,11:14,22/02/2022 11:14
125,2,30.356,3444.5,22/02/2022,12:14,22/02/2022 12:14
126,2,30.457,2238.9,22/02/2022,13:14,22/02/2022 13:14
127,2,30.356,1808.3,22/02/2022,14:14,22/02/2022 14:14
128,2,30.76,1722.2,22/02/2022,15:14,22/02/2022 15:14
129,2,30.558,1722.2,22/02/2022,16:14,22/02/2022 16:14
130,2,30.255,904.2,22/02/2022,17:14,22/02/2022 17:14
131,2,29.953,183,22/02/2022,18:14,22/02/2022 18:14
132,2,29.853,0,22/02/2022,19:14,22/02/2022 19:14
133,2,29.853,0,22/02/2022,20:14,22/02/2022 20:14
134,2,29.853,0,22/02/2022,21:14,22/02/2022 21:14
135,2,29.752,0,22/02/2022,22:14,22/02/2022 22:14
136,2,29.752,0,22/02/2022,23:14,22/02/2022 23:14
137,2,29.752,0,23/02/2022,0:14,23/02/2022 0:14
138,2,29.752,0,23/02/2022,1:14,23/02/2022 1:14
139,2,29.752,0,23/02/2022,2:14,23/02/2022 2:14
140,2,29.752,0,23/02/2022,3:14,23/02/2022 3:14
141,2,29.752,0,23/02/2022,4:14,23/02/2022 4:14
142,2,29.652,0,23/02/2022,5:14,23/02/2022 5:14
143,2,29.752,21.5,23/02/2022,6:14,23/02/2022 6:14
144,2,29.853,882.6,23/02/2022,7:14,23/02/2022 7:14
145,2,29.953,3100,23/02/2022,8:14,23/02/2022 8:14
146,2,30.054,2669.5,23/02/2022,9:14,23/02/2022 9:14
147,2,30.154,2497.2,23/02/2022,10:14,23/02/2022 10:14
148,2,30.255,2497.2,23/02/2022,11:14,23/02/2022 11:14
149,2,30.154,1550,23/02/2022,12:14,23/02/2022 12:14
150,2,30.558,2669.5,23/02/2022,13:14,23/02/2022 13:14
151,2,30.558,2066.7,23/02/2022,14:14,23/02/2022 14:14
152,2,30.558,1550,23/02/2022,15:14,23/02/2022 15:14
153,2,30.255,807.3,23/02/2022,16:14,23/02/2022 16:14
154,2,30.154,430.6,23/02/2022,17:14,23/02/2022 17:14
155,2,30.054,215.3,23/02/2022,18:14,23/02/2022 18:14
156,2,29.953,0,23/02/2022,19:14,23/02/2022 19:14
157,2,29.953,0,23/02/2022,20:14,23/02/2022 20:14
158,2,29.953,0,23/02/2022,21:14,23/02/2022 21:14
159,2,29.953,0,23/02/2022,22:14,23/02/2022 22:14
160,2,29.853,0,23/02/2022,23:14,23/02/2022 23:14
161,2,29.853,0,24/02/2022,0:14,24/02/2022 0:14
162,2,29.853,0,24/02/2022,1:14,24/02/2022 1:14
163,2,29.853,0,24/02/2022,2:14,24/02/2022 2:14
164,2,29.953,0,24/02/2022,3:14,24/02/2022 3:14
165,2,29.953,0,24/02/2022,4:14,24/02/2022 4:14
166,2,29.853,0,24/02/2022,5:14,24/02/2022 5:14
167,2,29.853,10.8,24/02/2022,6:14,24/02/2022 6:14
168,2,29.853,409,24/02/2022,7:14,24/02/2022 7:14
169,2,30.054,958,24/02/2022,8:14,24/02/2022 8:14
170,2,30.356,4650,24/02/2022,9:14,24/02/2022 9:14
171,2,30.255,2152.8,24/02/2022,10:14,24/02/2022 10:14
172,2,30.054,1636.1,24/02/2022,11:14,24/02/2022 11:14
173,2,30.356,2325,24/02/2022,12:14,24/02/2022 12:14
174,2,30.558,2411.1,24/02/2022,13:14,24/02/2022 13:14
175,2,30.659,1894.5,24/02/2022,14:14,24/02/2022 14:14
176,2,30.659,1808.3,24/02/2022,15:14,24/02/2022 15:14
177,2,30.558,1377.8,24/02/2022,16:14,24/02/2022 16:14
178,2,30.963,861.1,24/02/2022,17:14,24/02/2022 17:14
179,2,30.457,226,24/02/2022,18:14,24/02/2022 18:14
180,2,30.659,0,24/02/2022,19:14,24/02/2022 19:14
181,2,30.457,0,24/02/2022,20:14,24/02/2022 20:14
182,2,30.457,0,24/02/2022,21:14,24/02/2022 21:14
183,2,30.255,0,24/02/2022,22:14,24/02/2022 22:14
184,2,30.255,0,24/02/2022,23:14,24/02/2022 23:14
185,2,30.154,0,25/02/2022,0:14,25/02/2022 0:14
186,2,30.054,0,25/02/2022,1:14,25/02/2022 1:14
187,2,29.953,0,25/02/2022,2:14,25/02/2022 2:14
188,2,29.953,0,25/02/2022,3:14,25/02/2022 3:14
189,2,29.953,0,25/02/2022,4:14,25/02/2022 4:14
190,2,29.953,0,25/02/2022,5:14,25/02/2022 5:14
191,2,29.953,0,25/02/2022,6:14,25/02/2022 6:14
192,2,30.054,645.8,25/02/2022,7:14,25/02/2022 7:14
193,2,30.255,2411.1,25/02/2022,8:14,25/02/2022 8:14
194,2,30.457,3616.7,25/02/2022,9:14,25/02/2022 9:14
195,2,30.457,3961.1,25/02/2022,10:14,25/02/2022 10:14
196,2,30.558,3444.5,25/02/2022,11:14,25/02/2022 11:14
197,2,30.659,2927.8,25/02/2022,12:14,25/02/2022 12:14
198,2,30.862,2325,25/02/2022,13:14,25/02/2022 13:14
199,2,30.963,1980.6,25/02/2022,14:14,25/02/2022 14:14
200,2,30.76,193.8,25/02/2022,15:14,25/02/2022 15:14
201,2,31.268,1636.1,25/02/2022,16:14,25/02/2022 16:14
202,2,30.76,764.2,25/02/2022,17:14,25/02/2022 17:14
203,2,30.659,204.5,25/02/2022,18:14,25/02/2022 18:14
204,2,30.558,0,25/02/2022,19:14,25/02/2022 19:14
205,2,30.457,0,25/02/2022,20:14,25/02/2022 20:14
206,2,30.558,0,25/02/2022,21:14,25/02/2022 21:14
207,2,30.054,0,25/02/2022,22:14,25/02/2022 22:14
208,2,30.356,0,25/02/2022,23:14,25/02/2022 23:14
209,2,30.356,0,26/02/2022,0:14,26/02/2022 0:14
210,2,30.054,0,26/02/2022,1:14,26/02/2022 1:14
211,2,30.054,0,26/02/2022,2:14,26/02/2022 2:14
212,2,29.953,0,26/02/2022,3:14,26/02/2022 3:14
213,2,29.953,0,26/02/2022,4:14,26/02/2022 4:14
214,2,29.953,0,26/02/2022,5:14,26/02/2022 5:14
215,2,29.953,21.5,26/02/2022,6:14,26/02/2022 6:14
216,2,30.054,958,26/02/2022,7:14,26/02/2022 7:14
217,2,30.255,2325,26/02/2022,8:14,26/02/2022 8:14
218,2,30.457,3444.5,26/02/2022,9:14,26/02/2022 9:14
219,2,30.356,3961.1,26/02/2022,10:14,26/02/2022 10:14
220,2,30.457,3272.2,26/02/2022,11:14,26/02/2022 11:14
221,2,30.659,2755.6,26/02/2022,12:14,26/02/2022 12:14
222,2,30.76,2669.5,26/02/2022,13:14,26/02/2022 13:14
223,2,30.76,2152.8,26/02/2022,14:14,26/02/2022 14:14
224,2,31.268,1722.2,26/02/2022,15:14,26/02/2022 15:14
225,2,30.963,1313.2,26/02/2022,16:14,26/02/2022 16:14
226,2,30.76,656.6,26/02/2022,17:14,26/02/2022 17:14
227,2,30.558,107.6,26/02/2022,18:14,26/02/2022 18:14
228,2,30.457,0,26/02/2022,19:14,26/02/2022 19:14
229,2,30.457,0,26/02/2022,20:14,26/02/2022 20:14
230,2,30.558,0,26/02/2022,21:14,26/02/2022 21:14
231,2,30.558,0,26/02/2022,22:14,26/02/2022 22:14
232,2,30.255,0,26/02/2022,23:14,26/02/2022 23:14
233,2,30.255,0,27/02/2022,0:14,27/02/2022 0:14
234,2,30.154,0,27/02/2022,1:14,27/02/2022 1:14
235,2,30.154,0,27/02/2022,2:14,27/02/2022 2:14
236,2,30.154,0,27/02/2022,3:14,27/02/2022 3:14
237,2,30.154,0,27/02/2022,4:14,27/02/2022 4:14
238,2,30.154,0,27/02/2022,5:14,27/02/2022 5:14
239,2,30.054,10.8,27/02/2022,6:14,27/02/2022 6:14
240,2,30.154,947.2,27/02/2022,7:14,27/02/2022 7:14
241,2,30.255,2325,27/02/2022,8:14,27/02/2022 8:14
242,2,30.356,3272.2,27/02/2022,9:14,27/02/2022 9:14
243,2,30.154,3616.7,27/02/2022,10:14,27/02/2022 10:14
244,2,30.255,3272.2,27/02/2022,11:14,27/02/2022 11:14
245,2,30.558,2755.6,27/02/2022,12:14,27/02/2022 12:14
246,2,30.659,2497.2,27/02/2022,13:14,27/02/2022 13:14
247,2,30.659,1980.6,27/02/2022,14:14,27/02/2022 14:14
248,2,30.862,1808.3,27/02/2022,15:14,27/02/2022 15:14
249,2,30.356,559.7,27/02/2022,16:14,27/02/2022 16:14
250,2,30.356,505.9,27/02/2022,17:14,27/02/2022 17:14
251,2,30.255,86.1,27/02/2022,18:14,27/02/2022 18:14
252,2,30.255,0,27/02/2022,19:14,27/02/2022 19:14
253,2,30.255,0,27/02/2022,20:14,27/02/2022 20:14
254,2,30.255,0,27/02/2022,21:14,27/02/2022 21:14
255,2,30.054,0,27/02/2022,22:14,27/02/2022 22:14
256,2,30.054,0,27/02/2022,23:14,27/02/2022 23:14
257,2,30.054,0,28/02/2022,0:14,28/02/2022 0:14
258,2,30.054,0,28/02/2022,1:14,28/02/2022 1:14
259,2,29.953,0,28/02/2022,2:14,28/02/2022 2:14
260,2,30.054,0,28/02/2022,3:14,28/02/2022 3:14
261,2,30.054,0,28/02/2022,4:14,28/02/2022 4:14
262,2,29.953,0,28/02/2022,5:14,28/02/2022 5:14
263,2,30.054,0,28/02/2022,6:14,28/02/2022 6:14
264,2,30.054,441.3,28/02/2022,7:14,28/02/2022 7:14
265,2,30.154,1463.9,28/02/2022,8:14,28/02/2022 8:14
266,2,30.356,3100,28/02/2022,9:14,28/02/2022 9:14
267,2,30.457,2927.8,28/02/2022,10:14,28/02/2022 10:14
268,2,30.558,3100,28/02/2022,11:14,28/02/2022 11:14
269,2,30.558,2669.5,28/02/2022,12:14,28/02/2022 12:14
270,2,30.862,2325,28/02/2022,13:14,28/02/2022 13:14
271,2,30.862,2238.9,28/02/2022,14:14,28/02/2022 14:14
272,2,31.064,1894.5,28/02/2022,15:14,28/02/2022 15:14
273,2,30.659,1227.1,28/02/2022,16:14,28/02/2022 16:14
274,2,30.457,645.8,28/02/2022,17:14,28/02/2022 17:14
275,2,30.255,86.1,28/02/2022,18:14,28/02/2022 18:14
276,2,30.356,0,28/02/2022,19:14,28/02/2022 19:14
277,2,30.356,0,28/02/2022,20:14,28/02/2022 20:14
278,2,30.255,0,28/02/2022,21:14,28/02/2022 21:14
279,2,30.255,0,28/02/2022,22:14,28/02/2022 22:14
280,2,30.255,0,28/02/2022,23:14,28/02/2022 23:14
281,2,30.255,0,1/03/2022,0:14,1/03/2022 0:14
282,2,30.255,0,1/03/2022,1:14,1/03/2022 1:14
283,2,30.154,0,1/03/2022,2:14,1/03/2022 2:14
284,2,30.154,0,1/03/2022,3:14,1/03/2022 3:14
285,2,30.054,0,1/03/2022,4:14,1/03/2022 4:14
286,2,30.154,0,1/03/2022,5:14,1/03/2022 5:14
287,2,30.154,10.8,1/03/2022,6:14,1/03/2022 6:14
288,2,30.154,452.1,1/03/2022,7:14,1/03/2022 7:14
289,2,30.154,925.7,1/03/2022,8:14,1/03/2022 8:14
290,2,30.457,3444.5,1/03/2022,9:14,1/03/2022 9:14
291,2,30.457,1808.3,1/03/2022,10:14,1/03/2022 10:14
292,2,30.76,3444.5,1/03/2022,11:14,1/03/2022 11:14
293,2,30.76,2497.2,1/03/2022,12:14,1/03/2022 12:14
294,2,30.862,2325,1/03/2022,13:14,1/03/2022 13:14
295,2,31.166,2066.7,1/03/2022,14:14,1/03/2022 14:14
296,2,31.166,2152.8,1/03/2022,15:14,1/03/2022 15:14
297,2,30.862,1205.6,1/03/2022,16:14,1/03/2022 16:14
298,2,30.457,645.8,1/03/2022,17:14,1/03/2022 17:14
299,2,30.356,118.4,1/03/2022,18:14,1/03/2022 18:14
300,2,30.356,0,1/03/2022,19:14,1/03/2022 19:14
301,2,30.356,0,1/03/2022,20:14,1/03/2022 20:14
302,2,30.356,0,1/03/2022,21:14,1/03/2022 21:14
303,2,30.356,0,1/03/2022,22:14,1/03/2022 22:14
304,2,30.255,0,1/03/2022,23:14,1/03/2022 23:14
305,2,30.255,0,2/03/2022,0:14,2/03/2022 0:14
306,2,30.255,0,2/03/2022,1:14,2/03/2022 1:14
307,2,30.154,0,2/03/2022,2:14,2/03/2022 2:14
308,2,30.154,0,2/03/2022,3:14,2/03/2022 3:14
309,2,30.054,0,2/03/2022,4:14,2/03/2022 4:14
310,2,30.054,0,2/03/2022,5:14,2/03/2022 5:14
311,2,30.154,10.8,2/03/2022,6:14,2/03/2022 6:14
312,2,30.154,731.9,2/03/2022,7:14,2/03/2022 7:14
313,2,30.255,1550,2/03/2022,8:14,2/03/2022 8:14
314,2,30.356,2411.1,2/03/2022,9:14,2/03/2022 9:14
315,2,30.558,2927.8,2/03/2022,10:14,2/03/2022 10:14
316,2,30.76,3100,2/03/2022,11:14,2/03/2022 11:14
317,2,30.558,2583.4,2/03/2022,12:14,2/03/2022 12:14
318,2,30.659,2238.9,2/03/2022,13:14,2/03/2022 13:14
319,2,31.268,2066.7,2/03/2022,14:14,2/03/2022 14:14
320,2,31.064,1808.3,2/03/2022,15:14,2/03/2022 15:14
321,2,30.76,1377.8,2/03/2022,16:14,2/03/2022 16:14
322,2,30.558,613.5,2/03/2022,17:14,2/03/2022 17:14
323,2,30.356,118.4,2/03/2022,18:14,2/03/2022 18:14
324,2,30.356,0,2/03/2022,19:14,2/03/2022 19:14
325,2,30.356,0,2/03/2022,20:14,2/03/2022 20:14
326,2,30.356,0,2/03/2022,21:14,2/03/2022 21:14
327,2,30.356,0,2/03/2022,22:14,2/03/2022 22:14
328,2,30.356,0,2/03/2022,23:14,2/03/2022 23:14
329,2,30.255,0,3/03/2022,0:14,3/03/2022 0:14
330,2,29.953,0,3/03/2022,1:14,3/03/2022 1:14
331,2,30.154,0,3/03/2022,2:14,3/03/2022 2:14
332,2,30.054,0,3/03/2022,3:14,3/03/2022 3:14
333,2,30.054,0,3/03/2022,4:14,3/03/2022 4:14
334,2,30.054,0,3/03/2022,5:14,3/03/2022 5:14
335,2,30.054,10.8,3/03/2022,6:14,3/03/2022 6:14
336,2,30.154,731.9,3/03/2022,7:14,3/03/2022 7:14
337,2,30.255,1808.3,3/03/2022,8:14,3/03/2022 8:14
338,2,30.356,2152.8,3/03/2022,9:14,3/03/2022 9:14
339,2,30.558,2669.5,3/03/2022,10:14,3/03/2022 10:14
340,2,30.76,2669.5,3/03/2022,11:14,3/03/2022 11:14
341,2,30.154,2411.1,3/03/2022,12:14,3/03/2022 12:14
342,2,30.659,1980.6,3/03/2022,13:14,3/03/2022 13:14
343,2,30.76,2066.7,3/03/2022,14:14,3/03/2022 14:14
344,2,30.963,1636.1,3/03/2022,15:14,3/03/2022 15:14
345,2,30.862,1259.4,3/03/2022,16:14,3/03/2022 16:14
346,2,30.558,656.6,3/03/2022,17:14,3/03/2022 17:14
347,2,30.255,139.9,3/03/2022,18:14,3/03/2022 18:14
348,2,30.154,0,3/03/2022,19:14,3/03/2022 19:14
349,2,30.154,0,3/03/2022,20:14,3/03/2022 20:14
350,2,30.154,0,3/03/2022,21:14,3/03/2022 21:14
351,2,30.154,0,3/03/2022,22:14,3/03/2022 22:14
352,2,30.255,0,3/03/2022,23:14,3/03/2022 23:14
353,2,30.154,0,4/03/2022,0:14,4/03/2022 0:14
354,2,30.154,0,4/03/2022,1:14,4/03/2022 1:14
355,2,29.953,0,4/03/2022,2:14,4/03/2022 2:14
356,2,30.054,0,4/03/2022,3:14,4/03/2022 3:14
357,2,29.953,0,4/03/2022,4:14,4/03/2022 4:14
358,2,29.953,0,4/03/2022,5:14,4/03/2022 5:14
359,2,29.953,10.8,4/03/2022,6:14,4/03/2022 6:14
360,2,29.953,753.5,4/03/2022,7:14,4/03/2022 7:14
361,2,30.054,1463.9,4/03/2022,8:14,4/03/2022 8:14
362,2,30.255,2325,4/03/2022,9:14,4/03/2022 9:14
363,2,30.356,2238.9,4/03/2022,10:14,4/03/2022 10:14
364,2,30.457,2497.2,4/03/2022,11:14,4/03/2022 11:14
365,2,30.558,2152.8,4/03/2022,12:14,4/03/2022 12:14
366,2,30.154,1980.6,4/03/2022,13:14,4/03/2022 13:14
367,2,30.76,1808.3,4/03/2022,14:14,4/03/2022 14:14
368,2,30.862,1377.8,4/03/2022,15:14,4/03/2022 15:14
369,2,30.558,1130.2,4/03/2022,16:14,4/03/2022 16:14
370,2,30.356,559.7,4/03/2022,17:14,4/03/2022 17:14
371,2,30.255,86.1,4/03/2022,18:14,4/03/2022 18:14
372,2,30.054,0,4/03/2022,19:14,4/03/2022 19:14
373,2,30.054,0,4/03/2022,20:14,4/03/2022 20:14
374,2,30.054,0,4/03/2022,21:14,4/03/2022 21:14
375,2,30.054,0,4/03/2022,22:14,4/03/2022 22:14
376,2,30.054,0,4/03/2022,23:14,4/03/2022 23:14
377,2,30.054,0,5/03/2022,0:14,5/03/2022 0:14
378,2,29.953,0,5/03/2022,1:14,5/03/2022 1:14
379,2,29.953,0,5/03/2022,2:14,5/03/2022 2:14
380,2,29.853,0,5/03/2022,3:14,5/03/2022 3:14
381,2,29.953,0,5/03/2022,4:14,5/03/2022 4:14
382,2,29.853,0,5/03/2022,5:14,5/03/2022 5:14
383,2,29.853,10.8,5/03/2022,6:14,5/03/2022 6:14
384,2,29.953,785.8,5/03/2022,7:14,5/03/2022 7:14
385,2,30.054,1980.6,5/03/2022,8:14,5/03/2022 8:14
386,2,30.154,2583.4,5/03/2022,9:14,5/03/2022 9:14
387,2,30.356,2755.6,5/03/2022,10:14,5/03/2022 10:14
388,2,30.558,2411.1,5/03/2022,11:14,5/03/2022 11:14
389,2,30.659,2152.8,5/03/2022,12:14,5/03/2022 12:14
390,2,30.963,1980.6,5/03/2022,13:14,5/03/2022 13:14
391,2,30.457,1722.2,5/03/2022,14:14,5/03/2022 14:14
392,2,31.064,1377.8,5/03/2022,15:14,5/03/2022 15:14
393,2,30.76,570.5,5/03/2022,16:14,5/03/2022 16:14
394,2,30.457,570.5,5/03/2022,17:14,5/03/2022 17:14
395,2,30.154,96.9,5/03/2022,18:14,5/03/2022 18:14
396,2,30.154,0,5/03/2022,19:14,5/03/2022 19:14
397,2,30.054,0,5/03/2022,20:14,5/03/2022 20:14
398,2,30.054,0,5/03/2022,21:14,5/03/2022 21:14
399,2,30.054,0,5/03/2022,22:14,5/03/2022 22:14
400,2,30.054,0,5/03/2022,23:14,5/03/2022 23:14
401,2,30.154,0,6/03/2022,0:14,6/03/2022 0:14
402,2,30.054,0,6/03/2022,1:14,6/03/2022 1:14
403,2,30.054,0,6/03/2022,2:14,6/03/2022 2:14
404,2,29.953,0,6/03/2022,3:14,6/03/2022 3:14
405,2,29.953,0,6/03/2022,4:14,6/03/2022 4:14
406,2,29.953,0,6/03/2022,5:14,6/03/2022 5:14
407,2,29.953,0,6/03/2022,6:14,6/03/2022 6:14
408,2,29.953,785.8,6/03/2022,7:14,6/03/2022 7:14
409,2,30.154,1980.6,6/03/2022,8:14,6/03/2022 8:14
410,2,30.255,2497.2,6/03/2022,9:14,6/03/2022 9:14
411,2,30.356,2325,6/03/2022,10:14,6/03/2022 10:14
412,2,30.457,2152.8,6/03/2022,11:14,6/03/2022 11:14
413,2,30.558,1894.5,6/03/2022,12:14,6/03/2022 12:14
414,2,30.659,1722.2,6/03/2022,13:14,6/03/2022 13:14
415,2,30.76,1636.1,6/03/2022,14:14,6/03/2022 14:14
416,2,30.76,1377.8,6/03/2022,15:14,6/03/2022 15:14
417,2,30.659,1054.9,6/03/2022,16:14,6/03/2022 16:14
418,2,30.457,473.6,6/03/2022,17:14,6/03/2022 17:14
419,2,30.356,75.3,6/03/2022,18:14,6/03/2022 18:14
420,2,30.356,0,6/03/2022,19:14,6/03/2022 19:14
421,2,30.154,0,6/03/2022,20:14,6/03/2022 20:14
422,2,30.154,0,6/03/2022,21:14,6/03/2022 21:14
423,2,30.054,0,6/03/2022,22:14,6/03/2022 22:14
424,2,30.054,0,6/03/2022,23:14,6/03/2022 23:14
425,2,29.953,0,7/03/2022,0:14,7/03/2022 0:14
426,2,30.054,0,7/03/2022,1:14,7/03/2022 1:14
427,2,30.054,0,7/03/2022,2:14,7/03/2022 2:14
428,2,30.054,0,7/03/2022,3:14,7/03/2022 3:14
429,2,29.953,0,7/03/2022,4:14,7/03/2022 4:14
430,2,29.853,0,7/03/2022,5:14,7/03/2022 5:14
431,2,29.853,0,7/03/2022,6:14,7/03/2022 6:14
432,2,29.953,645.8,7/03/2022,7:14,7/03/2022 7:14
433,2,30.054,1980.6,7/03/2022,8:14,7/03/2022 8:14
434,2,30.154,2411.1,7/03/2022,9:14,7/03/2022 9:14
435,2,30.255,2325,7/03/2022,10:14,7/03/2022 10:14
436,2,30.255,2066.7,7/03/2022,11:14,7/03/2022 11:14
437,2,30.457,1894.5,7/03/2022,12:14,7/03/2022 12:14
438,2,30.558,1722.2,7/03/2022,13:14,7/03/2022 13:14
439,2,30.862,1463.9,7/03/2022,14:14,7/03/2022 14:14
440,2,30.963,1248.6,7/03/2022,15:14,7/03/2022 15:14
441,2,30.963,861.1,7/03/2022,16:14,7/03/2022 16:14
442,2,30.862,473.6,7/03/2022,17:14,7/03/2022 17:14
443,2,30.76,96.9,7/03/2022,18:14,7/03/2022 18:14
444,2,30.558,0,7/03/2022,19:14,7/03/2022 19:14
445,2,30.457,0,7/03/2022,20:14,7/03/2022 20:14
446,2,30.255,0,7/03/2022,21:14,7/03/2022 21:14
447,2,29.752,0,7/03/2022,22:14,7/03/2022 22:14
448,2,30.154,0,7/03/2022,23:14,7/03/2022 23:14
449,2,30.154,0,8/03/2022,0:14,8/03/2022 0:14
450,2,29.953,0,8/03/2022,1:14,8/03/2022 1:14
451,2,29.953,0,8/03/2022,2:14,8/03/2022 2:14
452,2,29.752,0,8/03/2022,3:14,8/03/2022 3:14
453,2,29.652,0,8/03/2022,4:14,8/03/2022 4:14
454,2,29.552,0,8/03/2022,5:14,8/03/2022 5:14
455,2,29.652,0,8/03/2022,6:14,8/03/2022 6:14
456,2,29.552,613.5,8/03/2022,7:14,8/03/2022 7:14
457,2,29.752,1894.5,8/03/2022,8:14,8/03/2022 8:14
458,2,29.853,2497.2,8/03/2022,9:14,8/03/2022 9:14
459,2,30.054,2927.8,8/03/2022,10:14,8/03/2022 10:14
460,2,29.953,2325,8/03/2022,11:14,8/03/2022 11:14
461,2,30.255,2066.7,8/03/2022,12:14,8/03/2022 12:14
462,2,30.054,1636.1,8/03/2022,13:14,8/03/2022 13:14
463,2,30.356,1377.8,8/03/2022,14:14,8/03/2022 14:14
464,2,31.064,1162.5,8/03/2022,15:14,8/03/2022 15:14
465,2,30.558,882.6,8/03/2022,16:14,8/03/2022 16:14
466,2,30.356,452.1,8/03/2022,17:14,8/03/2022 17:14
467,2,30.054,86.1,8/03/2022,18:14,8/03/2022 18:14
468,2,30.659,0,8/03/2022,19:14,8/03/2022 19:14
469,2,30.255,0,8/03/2022,20:14,8/03/2022 20:14
470,2,30.154,0,8/03/2022,21:14,8/03/2022 21:14
471,2,30.558,0,8/03/2022,22:14,8/03/2022 22:14
472,2,30.558,0,8/03/2022,23:14,8/03/2022 23:14
473,2,30.558,0,9/03/2022,0:14,9/03/2022 0:14
474,2,30.558,0,9/03/2022,1:14,9/03/2022 1:14
475,2,30.457,0,9/03/2022,2:14,9/03/2022 2:14
476,2,30.457,0,9/03/2022,3:14,9/03/2022 3:14
477,2,30.356,0,9/03/2022,4:14,9/03/2022 4:14
478,2,29.652,0,9/03/2022,5:14,9/03/2022 5:14
479,2,29.853,0,9/03/2022,6:14,9/03/2022 6:14
480,2,30.255,516.7,9/03/2022,7:14,9/03/2022 7:14
481,2,30.054,1076.4,9/03/2022,8:14,9/03/2022 8:14
482,2,30.255,3616.7,9/03/2022,9:14,9/03/2022 9:14
483,2,30.255,3272.2,9/03/2022,10:14,9/03/2022 10:14
484,2,30.154,2755.6,9/03/2022,11:14,9/03/2022 11:14
485,2,30.255,2238.9,9/03/2022,12:14,9/03/2022 12:14
486,2,30.457,1980.6,9/03/2022,13:14,9/03/2022 13:14
487,2,31.166,1550,9/03/2022,14:14,9/03/2022 14:14
488,2,31.37,1377.8,9/03/2022,15:14,9/03/2022 15:14
489,2,31.268,1054.9,9/03/2022,16:14,9/03/2022 16:14
490,2,30.963,398.3,9/03/2022,17:14,9/03/2022 17:14
491,2,30.76,96.9,9/03/2022,18:14,9/03/2022 18:14
492,2,30.76,0,9/03/2022,19:14,9/03/2022 19:14
493,2,30.76,0,9/03/2022,20:14,9/03/2022 20:14
494,2,30.659,0,9/03/2022,21:14,9/03/2022 21:14
495,2,30.659,0,9/03/2022,22:14,9/03/2022 22:14
496,2,30.659,0,9/03/2022,23:14,9/03/2022 23:14
497,2,30.659,0,10/03/2022,0:14,10/03/2022 0:14
498,2,30.558,0,10/03/2022,1:14,10/03/2022 1:14
499,2,30.558,0,10/03/2022,2:14,10/03/2022 2:14
500,2,30.457,0,10/03/2022,3:14,10/03/2022 3:14
501,2,30.154,0,10/03/2022,4:14,10/03/2022 4:14
502,2,29.953,0,10/03/2022,5:14,10/03/2022 5:14
503,2,29.652,0,10/03/2022,6:14,10/03/2022 6:14
504,2,30.255,925.7,10/03/2022,7:14,10/03/2022 7:14
505,2,29.452,2152.8,10/03/2022,8:14,10/03/2022 8:14
506,2,29.552,3616.7,10/03/2022,9:14,10/03/2022 9:14
507,2,29.953,3100,10/03/2022,10:14,10/03/2022 10:14
508,2,30.154,2497.2,10/03/2022,11:14,10/03/2022 11:14
509,2,30.154,2325,10/03/2022,12:14,10/03/2022 12:14
510,2,30.356,1808.3,10/03/2022,13:14,10/03/2022 13:14
511,2,30.963,1463.9,10/03/2022,14:14,10/03/2022 14:14
512,2,30.963,1302.4,10/03/2022,15:14,10/03/2022 15:14
513,2,30.862,947.2,10/03/2022,16:14,10/03/2022 16:14
514,2,30.558,269.1,10/03/2022,17:14,10/03/2022 17:14
515,2,30.356,43.1,10/03/2022,18:14,10/03/2022 18:14
516,2,30.255,0,10/03/2022,19:14,10/03/2022 19:14
517,2,30.255,0,10/03/2022,20:14,10/03/2022 20:14
518,2,30.255,0,10/03/2022,21:14,10/03/2022 21:14
519,2,30.255,0,10/03/2022,22:14,10/03/2022 22:14
520,2,30.255,0,10/03/2022,23:14,10/03/2022 23:14
521,2,30.356,0,11/03/2022,0:14,11/03/2022 0:14
522,2,30.154,0,11/03/2022,1:14,11/03/2022 1:14
523,2,30.054,0,11/03/2022,2:14,11/03/2022 2:14
524,2,29.853,0,11/03/2022,3:14,11/03/2022 3:14
525,2,29.853,0,11/03/2022,4:14,11/03/2022 4:14
526,2,29.853,0,11/03/2022,5:14,11/03/2022 5:14
527,2,29.853,0,11/03/2022,6:14,11/03/2022 6:14
528,2,29.953,333.7,11/03/2022,7:14,11/03/2022 7:14
529,2,28.953,839.6,11/03/2022,8:14,11/03/2022 8:14
530,2,29.252,1377.8,11/03/2022,9:14,11/03/2022 9:14
531,2,29.552,2927.8,11/03/2022,10:14,11/03/2022 10:14
532,2,30.154,3272.2,11/03/2022,11:14,11/03/2022 11:14
533,2,30.154,1550,11/03/2022,12:14,11/03/2022 12:14
534,2,30.356,2411.1,11/03/2022,13:14,11/03/2022 13:14
535,2,30.862,1722.2,11/03/2022,14:14,11/03/2022 14:14
536,2,30.76,1550,11/03/2022,15:14,11/03/2022 15:14
537,2,30.356,1033.3,11/03/2022,16:14,11/03/2022 16:14
538,2,30.054,505.9,11/03/2022,17:14,11/03/2022 17:14
539,2,30.054,75.3,11/03/2022,18:14,11/03/2022 18:14
540,2,30.255,0,11/03/2022,19:14,11/03/2022 19:14
541,2,30.255,0,11/03/2022,20:14,11/03/2022 20:14
542,2,30.154,0,11/03/2022,21:14,11/03/2022 21:14
543,2,30.054,0,11/03/2022,22:14,11/03/2022 22:14
544,2,30.154,0,11/03/2022,23:14,11/03/2022 23:14
545,2,30.154,0,12/03/2022,0:14,12/03/2022 0:14
546,2,30.154,0,12/03/2022,1:14,12/03/2022 1:14
547,2,30.154,0,12/03/2022,2:14,12/03/2022 2:14
548,2,30.054,0,12/03/2022,3:14,12/03/2022 3:14
549,2,29.953,0,12/03/2022,4:14,12/03/2022 4:14
550,2,30.154,0,12/03/2022,5:14,12/03/2022 5:14
551,2,30.054,0,12/03/2022,6:14,12/03/2022 6:14
552,2,30.154,904.2,12/03/2022,7:14,12/03/2022 7:14
553,2,30.356,1722.2,12/03/2022,8:14,12/03/2022 8:14
554,2,30.558,2927.8,12/03/2022,9:14,12/03/2022 9:14
555,2,30.255,538.2,12/03/2022,10:14,12/03/2022 10:14
556,2,30.558,2669.5,12/03/2022,11:14,12/03/2022 11:14
557,2,30.659,1808.3,12/03/2022,12:14,12/03/2022 12:14
558,2,30.457,1377.8,12/03/2022,13:14,12/03/2022 13:14
559,2,30.457,1313.2,12/03/2022,14:14,12/03/2022 14:14
560,2,30.457,1108.7,12/03/2022,15:14,12/03/2022 15:14
561,2,30.457,624.3,12/03/2022,16:14,12/03/2022 16:14
562,2,30.356,484.4,12/03/2022,17:14,12/03/2022 17:14
563,2,30.255,64.6,12/03/2022,18:14,12/03/2022 18:14
564,2,30.255,0,12/03/2022,19:14,12/03/2022 19:14
565,2,30.255,0,12/03/2022,20:14,12/03/2022 20:14
566,2,30.255,0,12/03/2022,21:14,12/03/2022 21:14
567,2,30.255,0,12/03/2022,22:14,12/03/2022 22:14
568,2,30.255,0,12/03/2022,23:14,12/03/2022 23:14
569,2,29.853,0,13/03/2022,0:14,13/03/2022 0:14
570,2,30.154,0,13/03/2022,1:14,13/03/2022 1:14
571,2,29.752,0,13/03/2022,2:14,13/03/2022 2:14
572,2,29.652,0,13/03/2022,3:14,13/03/2022 3:14
573,2,29.752,0,13/03/2022,4:14,13/03/2022 4:14
574,2,29.752,0,13/03/2022,5:14,13/03/2022 5:14
575,2,29.452,0,13/03/2022,6:14,13/03/2022 6:14
576,2,29.752,64.6,13/03/2022,7:14,13/03/2022 7:14
577,2,29.752,236.8,13/03/2022,8:14,13/03/2022 8:14
578,2,29.853,161.5,13/03/2022,9:14,13/03/2022 9:14
579,2,29.853,495.1,13/03/2022,10:14,13/03/2022 10:14
580,2,29.652,226,13/03/2022,11:14,13/03/2022 11:14
581,2,29.652,366,13/03/2022,12:14,13/03/2022 12:14
582,2,29.853,968.8,13/03/2022,13:14,13/03/2022 13:14
583,2,29.752,613.5,13/03/2022,14:14,13/03/2022 14:14
584,2,29.652,226,13/03/2022,15:14,13/03/2022 15:14
585,2,29.652,21.5,13/03/2022,16:14,13/03/2022 16:14
586,2,29.752,21.5,13/03/2022,17:14,13/03/2022 17:14
587,2,29.652,0,13/03/2022,18:14,13/03/2022 18:14
588,2,29.552,0,13/03/2022,19:14,13/03/2022 19:14
589,2,29.552,0,13/03/2022,20:14,13/03/2022 20:14
590,2,29.452,0,13/03/2022,21:14,13/03/2022 21:14
591,2,29.552,0,13/03/2022,22:14,13/03/2022 22:14
592,2,29.652,0,13/03/2022,23:14,13/03/2022 23:14
593,2,29.452,0,14/03/2022,0:14,14/03/2022 0:14
594,2,29.552,0,14/03/2022,1:14,14/03/2022 1:14
595,2,29.452,0,14/03/2022,2:14,14/03/2022 2:14
596,2,29.452,0,14/03/2022,3:14,14/03/2022 3:14
597,2,29.652,0,14/03/2022,4:14,14/03/2022 4:14
598,2,29.652,0,14/03/2022,5:14,14/03/2022 5:14
599,2,29.652,0,14/03/2022,6:14,14/03/2022 6:14
600,2,29.352,64.6,14/03/2022,7:14,14/03/2022 7:14
601,2,29.552,355.2,14/03/2022,8:14,14/03/2022 8:14
602,2,29.652,656.6,14/03/2022,9:14,14/03/2022 9:14
603,2,29.652,1162.5,14/03/2022,10:14,14/03/2022 10:14
604,2,29.652,1216.3,14/03/2022,11:14,14/03/2022 11:14
605,2,29.452,882.6,14/03/2022,12:14,14/03/2022 12:14
606,2,29.752,1463.9,14/03/2022,13:14,14/03/2022 13:14
607,2,29.652,1141,14/03/2022,14:14,14/03/2022 14:14
608,2,29.652,871.9,14/03/2022,15:14,14/03/2022 15:14
609,2,29.652,592,14/03/2022,16:14,14/03/2022 16:14
610,2,29.552,312.2,14/03/2022,17:14,14/03/2022 17:14
611,2,29.352,53.8,14/03/2022,18:14,14/03/2022 18:14
612,2,29.452,0,14/03/2022,19:14,14/03/2022 19:14
613,2,29.352,0,14/03/2022,20:14,14/03/2022 20:14
614,2,29.352,0,14/03/2022,21:14,14/03/2022 21:14
615,2,29.352,0,14/03/2022,22:14,14/03/2022 22:14
616,2,29.352,0,14/03/2022,23:14,14/03/2022 23:14
617,2,29.352,0,15/03/2022,0:14,15/03/2022 0:14
618,2,29.252,0,15/03/2022,1:14,15/03/2022 1:14
619,2,29.352,0,15/03/2022,2:14,15/03/2022 2:14
620,2,29.252,0,15/03/2022,3:14,15/03/2022 3:14
621,2,29.252,0,15/03/2022,4:14,15/03/2022 4:14
622,2,29.152,0,15/03/2022,5:14,15/03/2022 5:14
623,2,29.053,0,15/03/2022,6:14,15/03/2022 6:14
624,2,29.053,86.1,15/03/2022,7:14,15/03/2022 7:14
625,2,29.053,96.9,15/03/2022,8:14,15/03/2022 8:14
626,2,29.152,441.3,15/03/2022,9:14,15/03/2022 9:14
627,2,29.152,409,15/03/2022,10:14,15/03/2022 10:14
628,2,29.152,344.4,15/03/2022,11:14,15/03/2022 11:14
629,2,29.152,366,15/03/2022,12:14,15/03/2022 12:14
630,2,29.152,279.9,15/03/2022,13:14,15/03/2022 13:14
631,2,29.053,398.3,15/03/2022,14:14,15/03/2022 14:14
632,2,29.152,279.9,15/03/2022,15:14,15/03/2022 15:14
633,2,29.053,107.6,15/03/2022,16:14,15/03/2022 16:14
634,2,29.053,247.6,15/03/2022,17:14,15/03/2022 17:14
635,2,29.053,10.8,15/03/2022,18:14,15/03/2022 18:14
636,2,28.953,0,15/03/2022,19:14,15/03/2022 19:14
637,2,28.853,0,15/03/2022,20:14,15/03/2022 20:14
638,2,28.555,0,15/03/2022,21:14,15/03/2022 21:14
639,2,28.655,0,15/03/2022,22:14,15/03/2022 22:14
640,2,28.953,0,15/03/2022,23:14,15/03/2022 23:14
641,2,28.953,0,16/03/2022,0:14,16/03/2022 0:14
642,2,28.853,0,16/03/2022,1:14,16/03/2022 1:14
643,2,28.953,0,16/03/2022,2:14,16/03/2022 2:14
644,2,28.853,0,16/03/2022,3:14,16/03/2022 3:14
645,2,28.853,0,16/03/2022,4:14,16/03/2022 4:14
646,2,28.853,0,16/03/2022,5:14,16/03/2022 5:14
647,2,28.953,0,16/03/2022,6:14,16/03/2022 6:14
648,2,28.357,656.6,16/03/2022,7:14,16/03/2022 7:14
649,2,28.853,635.1,16/03/2022,8:14,16/03/2022 8:14
650,2,28.953,1130.2,16/03/2022,9:14,16/03/2022 9:14
651,2,29.053,1550,16/03/2022,10:14,16/03/2022 10:14
652,2,29.252,1636.1,16/03/2022,11:14,16/03/2022 11:14
653,2,29.252,1550,16/03/2022,12:14,16/03/2022 12:14
654,2,29.252,1377.8,16/03/2022,13:14,16/03/2022 13:14
655,2,29.352,1463.9,16/03/2022,14:14,16/03/2022 14:14
656,2,29.452,1377.8,16/03/2022,15:14,16/03/2022 15:14
657,2,29.252,602.8,16/03/2022,16:14,16/03/2022 16:14
658,2,29.152,279.9,16/03/2022,17:14,16/03/2022 17:14
659,2,29.053,32.3,16/03/2022,18:14,16/03/2022 18:14
660,2,29.053,0,16/03/2022,19:14,16/03/2022 19:14
661,2,29.053,0,16/03/2022,20:14,16/03/2022 20:14
662,2,29.053,0,16/03/2022,21:14,16/03/2022 21:14
663,2,29.053,0,16/03/2022,22:14,16/03/2022 22:14
664,2,28.953,0,16/03/2022,23:14,16/03/2022 23:14
665,2,28.953,0,17/03/2022,0:14,17/03/2022 0:14
666,2,28.853,0,17/03/2022,1:14,17/03/2022 1:14
667,2,28.953,0,17/03/2022,2:14,17/03/2022 2:14
668,2,28.953,0,17/03/2022,3:14,17/03/2022 3:14
669,2,28.953,0,17/03/2022,4:14,17/03/2022 4:14
670,2,28.953,0,17/03/2022,5:14,17/03/2022 5:14
671,2,28.953,0,17/03/2022,6:14,17/03/2022 6:14
672,2,28.853,204.5,17/03/2022,7:14,17/03/2022 7:14
673,2,28.754,333.7,17/03/2022,8:14,17/03/2022 8:14
674,2,28.953,1022.6,17/03/2022,9:14,17/03/2022 9:14
675,2,29.053,828.8,17/03/2022,10:14,17/03/2022 10:14
676,2,29.152,1313.2,17/03/2022,11:14,17/03/2022 11:14
677,2,29.452,2152.8,17/03/2022,12:14,17/03/2022 12:14
678,2,29.352,1377.8,17/03/2022,13:14,17/03/2022 13:14
679,2,29.252,1237.9,17/03/2022,14:14,17/03/2022 14:14
680,2,29.252,1001,17/03/2022,15:14,17/03/2022 15:14
681,2,29.053,452.1,17/03/2022,16:14,17/03/2022 16:14
682,2,29.053,322.9,17/03/2022,17:14,17/03/2022 17:14
683,2,29.053,75.3,17/03/2022,18:14,17/03/2022 18:14
684,2,28.953,0,17/03/2022,19:14,17/03/2022 19:14
685,2,28.953,0,17/03/2022,20:14,17/03/2022 20:14
686,2,28.953,0,17/03/2022,21:14,17/03/2022 21:14
687,2,28.953,0,17/03/2022,22:14,17/03/2022 22:14
688,2,28.953,0,17/03/2022,23:14,17/03/2022 23:14
689,2,28.853,0,18/03/2022,0:14,18/03/2022 0:14
690,2,28.853,0,18/03/2022,1:14,18/03/2022 1:14
691,2,28.853,0,18/03/2022,2:14,18/03/2022 2:14
692,2,28.853,0,18/03/2022,3:14,18/03/2022 3:14
693,2,28.953,0,18/03/2022,4:14,18/03/2022 4:14
694,2,28.853,0,18/03/2022,5:14,18/03/2022 5:14
695,2,28.853,0,18/03/2022,6:14,18/03/2022 6:14
696,2,28.953,215.3,18/03/2022,7:14,18/03/2022 7:14
697,2,28.754,355.2,18/03/2022,8:14,18/03/2022 8:14
698,2,28.853,538.2,18/03/2022,9:14,18/03/2022 9:14
699,2,29.053,1636.1,18/03/2022,10:14,18/03/2022 10:14
700,2,29.053,936.5,18/03/2022,11:14,18/03/2022 11:14
701,2,28.953,990.3,18/03/2022,12:14,18/03/2022 12:14
702,2,29.053,1087.2,18/03/2022,13:14,18/03/2022 13:14
703,2,29.053,1270.1,18/03/2022,14:14,18/03/2022 14:14
704,2,29.152,925.7,18/03/2022,15:14,18/03/2022 15:14
705,2,28.953,462.9,18/03/2022,16:14,18/03/2022 16:14
706,2,28.953,226,18/03/2022,17:14,18/03/2022 17:14
707,2,28.953,0,18/03/2022,18:14,18/03/2022 18:14
708,2,28.853,0,18/03/2022,19:14,18/03/2022 19:14
709,2,28.853,0,18/03/2022,20:14,18/03/2022 20:14
710,2,28.853,0,18/03/2022,21:14,18/03/2022 21:14
711,2,28.853,0,18/03/2022,22:14,18/03/2022 22:14
712,2,28.853,0,18/03/2022,23:14,18/03/2022 23:14
713,2,28.853,0,19/03/2022,0:14,19/03/2022 0:14
714,2,28.853,0,19/03/2022,1:14,19/03/2022 1:14
715,2,28.853,0,19/03/2022,2:14,19/03/2022 2:14
716,2,28.754,0,19/03/2022,3:14,19/03/2022 3:14
717,2,28.853,0,19/03/2022,4:14,19/03/2022 4:14
718,2,28.853,0,19/03/2022,5:14,19/03/2022 5:14
719,2,28.853,0,19/03/2022,6:14,19/03/2022 6:14
720,2,28.853,516.7,19/03/2022,7:14,19/03/2022 7:14
721,2,28.853,387.5,19/03/2022,8:14,19/03/2022 8:14
722,2,28.853,1808.3,19/03/2022,9:14,19/03/2022 9:14
723,2,29.152,2066.7,19/03/2022,10:14,19/03/2022 10:14
724,2,29.053,807.3,19/03/2022,11:14,19/03/2022 11:14
725,2,29.252,1722.2,19/03/2022,12:14,19/03/2022 12:14
726,2,29.252,1722.2,19/03/2022,13:14,19/03/2022 13:14
727,2,29.352,1377.8,19/03/2022,14:14,19/03/2022 14:14
728,2,29.352,1141,19/03/2022,15:14,19/03/2022 15:14
729,2,29.252,871.9,19/03/2022,16:14,19/03/2022 16:14
730,2,29.053,258.3,19/03/2022,17:14,19/03/2022 17:14
731,2,28.953,21.5,19/03/2022,18:14,19/03/2022 18:14
732,2,28.953,0,19/03/2022,19:14,19/03/2022 19:14
733,2,28.953,0,19/03/2022,20:14,19/03/2022 20:14
734,2,28.953,0,19/03/2022,21:14,19/03/2022 21:14
735,2,28.853,0,19/03/2022,22:14,19/03/2022 22:14
736,2,28.853,0,19/03/2022,23:14,19/03/2022 23:14
737,2,28.853,0,20/03/2022,0:14,20/03/2022 0:14
738,2,28.853,0,20/03/2022,1:14,20/03/2022 1:14
739,2,28.853,0,20/03/2022,2:14,20/03/2022 2:14
740,2,28.754,0,20/03/2022,3:14,20/03/2022 3:14
741,2,28.853,0,20/03/2022,4:14,20/03/2022 4:14
742,2,28.853,0,20/03/2022,5:14,20/03/2022 5:14
743,2,28.853,0,20/03/2022,6:14,20/03/2022 6:14
744,2,28.953,484.4,20/03/2022,7:14,20/03/2022 7:14
745,2,28.953,828.8,20/03/2022,8:14,20/03/2022 8:14
746,2,29.053,1463.9,20/03/2022,9:14,20/03/2022 9:14
747,2,29.053,549,20/03/2022,10:14,20/03/2022 10:14
748,2,29.252,1636.1,20/03/2022,11:14,20/03/2022 11:14
749,2,29.352,1550,20/03/2022,12:14,20/03/2022 12:14
750,2,29.252,1550,20/03/2022,13:14,20/03/2022 13:14
751,2,29.352,1259.4,20/03/2022,14:14,20/03/2022 14:14
752,2,29.452,1011.8,20/03/2022,15:14,20/03/2022 15:14
753,2,29.352,678.1,20/03/2022,16:14,20/03/2022 16:14
754,2,29.252,344.4,20/03/2022,17:14,20/03/2022 17:14
755,2,29.053,43.1,20/03/2022,18:14,20/03/2022 18:14
756,2,28.953,0,20/03/2022,19:14,20/03/2022 19:14
757,2,28.953,0,20/03/2022,20:14,20/03/2022 20:14
758,2,28.953,0,20/03/2022,21:14,20/03/2022 21:14
759,2,28.953,0,20/03/2022,22:14,20/03/2022 22:14
760,2,28.953,0,20/03/2022,23:14,20/03/2022 23:14
761,2,28.853,0,21/03/2022,0:14,21/03/2022 0:14
762,2,28.853,0,21/03/2022,1:14,21/03/2022 1:14
763,2,28.853,0,21/03/2022,2:14,21/03/2022 2:14
764,2,28.853,0,21/03/2022,3:14,21/03/2022 3:14
765,2,28.853,0,21/03/2022,4:14,21/03/2022 4:14
766,2,28.853,0,21/03/2022,5:14,21/03/2022 5:14
767,2,28.853,0,21/03/2022,6:14,21/03/2022 6:14
768,2,28.953,495.1,21/03/2022,7:14,21/03/2022 7:14
769,2,29.053,1205.6,21/03/2022,8:14,21/03/2022 8:14
770,2,29.053,1463.9,21/03/2022,9:14,21/03/2022 9:14
771,2,29.152,1636.1,21/03/2022,10:14,21/03/2022 10:14
772,2,29.252,1636.1,21/03/2022,11:14,21/03/2022 11:14
773,2,29.352,1722.2,21/03/2022,12:14,21/03/2022 12:14
774,2,29.452,1550,21/03/2022,13:14,21/03/2022 13:14
775,2,29.552,1463.9,21/03/2022,14:14,21/03/2022 14:14
776,2,29.452,1076.4,21/03/2022,15:14,21/03/2022 15:14
777,2,29.452,807.3,21/03/2022,16:14,21/03/2022 16:14
778,2,29.252,344.4,21/03/2022,17:14,21/03/2022 17:14
779,2,29.053,32.3,21/03/2022,18:14,21/03/2022 18:14
780,2,29.053,0,21/03/2022,19:14,21/03/2022 19:14
781,2,28.953,0,21/03/2022,20:14,21/03/2022 20:14
782,2,28.953,0,21/03/2022,21:14,21/03/2022 21:14
783,2,28.953,0,21/03/2022,22:14,21/03/2022 22:14
784,2,28.953,0,21/03/2022,23:14,21/03/2022 23:14
785,2,28.953,0,22/03/2022,0:14,22/03/2022 0:14
786,2,28.953,0,22/03/2022,1:14,22/03/2022 1:14
787,2,28.953,0,22/03/2022,2:14,22/03/2022 2:14
788,2,28.953,0,22/03/2022,3:14,22/03/2022 3:14
789,2,28.853,0,22/03/2022,4:14,22/03/2022 4:14
790,2,28.953,0,22/03/2022,5:14,22/03/2022 5:14
791,2,28.953,0,22/03/2022,6:14,22/03/2022 6:14
792,2,28.953,344.4,22/03/2022,7:14,22/03/2022 7:14
793,2,29.053,1377.8,22/03/2022,8:14,22/03/2022 8:14
794,2,29.152,1550,22/03/2022,9:14,22/03/2022 9:14
795,2,29.152,656.6,22/03/2022,10:14,22/03/2022 10:14
796,2,29.352,2411.1,22/03/2022,11:14,22/03/2022 11:14
797,2,29.552,1722.2,22/03/2022,12:14,22/03/2022 12:14
798,2,29.652,1463.9,22/03/2022,13:14,22/03/2022 13:14
799,2,29.652,1345.5,22/03/2022,14:14,22/03/2022 14:14
800,2,29.752,947.2,22/03/2022,15:14,22/03/2022 15:14
801,2,29.552,699.7,22/03/2022,16:14,22/03/2022 16:14
802,2,29.352,333.7,22/03/2022,17:14,22/03/2022 17:14
803,2,29.152,32.3,22/03/2022,18:14,22/03/2022 18:14
804,2,29.152,0,22/03/2022,19:14,22/03/2022 19:14
805,2,29.152,0,22/03/2022,20:14,22/03/2022 20:14
806,2,29.152,0,22/03/2022,21:14,22/03/2022 21:14
807,2,29.053,0,22/03/2022,22:14,22/03/2022 22:14
808,2,29.053,0,22/03/2022,23:14,22/03/2022 23:14
809,2,29.053,0,23/03/2022,0:14,23/03/2022 0:14
810,2,29.053,0,23/03/2022,1:14,23/03/2022 1:14
811,2,28.953,0,23/03/2022,2:14,23/03/2022 2:14
812,2,29.053,0,23/03/2022,3:14,23/03/2022 3:14
813,2,29.053,0,23/03/2022,4:14,23/03/2022 4:14
814,2,28.953,0,23/03/2022,5:14,23/03/2022 5:14
815,2,28.953,0,23/03/2022,6:14,23/03/2022 6:14
816,2,29.053,215.3,23/03/2022,7:14,23/03/2022 7:14
817,2,29.053,1377.8,23/03/2022,8:14,23/03/2022 8:14
818,2,29.252,1463.9,23/03/2022,9:14,23/03/2022 9:14
819,2,29.352,2152.8,23/03/2022,10:14,23/03/2022 10:14
820,2,29.352,1636.1,23/03/2022,11:14,23/03/2022 11:14
821,2,29.452,1463.9,23/03/2022,12:14,23/03/2022 12:14
822,2,29.652,1377.8,23/03/2022,13:14,23/03/2022 13:14
823,2,29.853,1130.2,23/03/2022,14:14,23/03/2022 14:14
824,2,29.953,796.5,23/03/2022,15:14,23/03/2022 15:14
825,2,29.752,592,23/03/2022,16:14,23/03/2022 16:14
826,2,29.552,312.2,23/03/2022,17:14,23/03/2022 17:14
827,2,29.352,21.5,23/03/2022,18:14,23/03/2022 18:14
828,2,29.352,0,23/03/2022,19:14,23/03/2022 19:14
829,2,29.352,0,23/03/2022,20:14,23/03/2022 20:14
830,2,29.252,0,23/03/2022,21:14,23/03/2022 21:14
831,2,29.252,0,23/03/2022,22:14,23/03/2022 22:14
832,2,29.252,0,23/03/2022,23:14,23/03/2022 23:14
833,2,29.252,0,24/03/2022,0:14,24/03/2022 0:14
834,2,29.152,0,24/03/2022,1:14,24/03/2022 1:14
835,2,29.152,0,24/03/2022,2:14,24/03/2022 2:14
836,2,29.152,0,24/03/2022,3:14,24/03/2022 3:14
837,2,29.152,0,24/03/2022,4:14,24/03/2022 4:14
838,2,29.152,0,24/03/2022,5:14,24/03/2022 5:14
839,2,29.152,0,24/03/2022,6:14,24/03/2022 6:14
840,2,29.152,452.1,24/03/2022,7:14,24/03/2022 7:14
841,2,29.352,1377.8,24/03/2022,8:14,24/03/2022 8:14
842,2,29.452,1894.5,24/03/2022,9:14,24/03/2022 9:14
843,2,29.352,1173.3,24/03/2022,10:14,24/03/2022 10:14
844,2,29.552,1722.2,24/03/2022,11:14,24/03/2022 11:14
845,2,29.552,1377.8,24/03/2022,12:14,24/03/2022 12:14
846,2,29.652,1270.1,24/03/2022,13:14,24/03/2022 13:14
847,2,30.054,1065.6,24/03/2022,14:14,24/03/2022 14:14
848,2,30.054,839.6,24/03/2022,15:14,24/03/2022 15:14
849,2,29.853,602.8,24/03/2022,16:14,24/03/2022 16:14
850,2,29.752,301.4,24/03/2022,17:14,24/03/2022 17:14
851,2,29.552,32.3,24/03/2022,18:14,24/03/2022 18:14
852,2,29.452,0,24/03/2022,19:14,24/03/2022 19:14
853,2,29.452,0,24/03/2022,20:14,24/03/2022 20:14
854,2,29.352,0,24/03/2022,21:14,24/03/2022 21:14
855,2,29.352,0,24/03/2022,22:14,24/03/2022 22:14
856,2,29.352,0,24/03/2022,23:14,24/03/2022 23:14
857,2,29.252,0,25/03/2022,0:14,25/03/2022 0:14
858,2,29.252,0,25/03/2022,1:14,25/03/2022 1:14
859,2,29.252,0,25/03/2022,2:14,25/03/2022 2:14
860,2,29.152,0,25/03/2022,3:14,25/03/2022 3:14
861,2,29.152,0,25/03/2022,4:14,25/03/2022 4:14
862,2,29.152,0,25/03/2022,5:14,25/03/2022 5:14
863,2,29.152,0,25/03/2022,6:14,25/03/2022 6:14
864,2,29.152,193.8,25/03/2022,7:14,25/03/2022 7:14
865,2,29.252,1463.9,25/03/2022,8:14,25/03/2022 8:14
866,2,29.352,430.6,25/03/2022,9:14,25/03/2022 9:14
867,2,29.352,979.5,25/03/2022,10:14,25/03/2022 10:14
868,2,29.352,1550,25/03/2022,11:14,25/03/2022 11:14
869,2,29.252,1097.9,25/03/2022,12:14,25/03/2022 12:14
870,2,29.452,1550,25/03/2022,13:14,25/03/2022 13:14
871,2,29.252,731.9,25/03/2022,14:14,25/03/2022 14:14
872,2,29.352,818.1,25/03/2022,15:14,25/03/2022 15:14
873,2,29.352,366,25/03/2022,16:14,25/03/2022 16:14
874,2,29.252,150.7,25/03/2022,17:14,25/03/2022 17:14
875,2,29.252,10.8,25/03/2022,18:14,25/03/2022 18:14
876,2,29.152,0,25/03/2022,19:14,25/03/2022 19:14
877,2,29.152,0,25/03/2022,20:14,25/03/2022 20:14
878,2,29.053,0,25/03/2022,21:14,25/03/2022 21:14
879,2,29.053,0,25/03/2022,22:14,25/03/2022 22:14
880,2,29.053,0,25/03/2022,23:14,25/03/2022 23:14
881,2,29.053,0,26/03/2022,0:14,26/03/2022 0:14
882,2,29.053,0,26/03/2022,1:14,26/03/2022 1:14
883,2,29.053,0,26/03/2022,2:14,26/03/2022 2:14
884,2,29.053,0,26/03/2022,3:14,26/03/2022 3:14
885,2,29.053,0,26/03/2022,4:14,26/03/2022 4:14
886,2,29.053,0,26/03/2022,5:14,26/03/2022 5:14
887,2,28.953,0,26/03/2022,6:14,26/03/2022 6:14
888,2,28.953,53.8,26/03/2022,7:14,26/03/2022 7:14
889,2,28.953,161.5,26/03/2022,8:14,26/03/2022 8:14
890,2,29.053,322.9,26/03/2022,9:14,26/03/2022 9:14
891,2,29.152,882.6,26/03/2022,10:14,26/03/2022 10:14
892,2,29.252,1108.7,26/03/2022,11:14,26/03/2022 11:14
893,2,29.152,1894.5,26/03/2022,12:14,26/03/2022 12:14
894,2,29.252,904.2,26/03/2022,13:14,26/03/2022 13:14
895,2,29.252,1334.7,26/03/2022,14:14,26/03/2022 14:14
896,2,29.352,979.5,26/03/2022,15:14,26/03/2022 15:14
897,2,29.252,452.1,26/03/2022,16:14,26/03/2022 16:14
898,2,29.152,193.8,26/03/2022,17:14,26/03/2022 17:14
899,2,29.053,0,26/03/2022,18:14,26/03/2022 18:14
900,2,29.053,0,26/03/2022,19:14,26/03/2022 19:14
901,2,29.053,0,26/03/2022,20:14,26/03/2022 20:14
902,2,29.053,0,26/03/2022,21:14,26/03/2022 21:14
903,2,28.953,0,26/03/2022,22:14,26/03/2022 22:14
904,2,28.953,0,26/03/2022,23:14,26/03/2022 23:14
905,2,28.953,0,27/03/2022,0:14,27/03/2022 0:14
906,2,28.953,0,27/03/2022,1:14,27/03/2022 1:14
907,2,28.953,0,27/03/2022,2:14,27/03/2022 2:14
908,2,28.953,0,27/03/2022,3:14,27/03/2022 3:14
909,2,28.953,0,27/03/2022,4:14,27/03/2022 4:14
910,2,28.953,0,27/03/2022,5:14,27/03/2022 5:14
911,2,28.953,0,27/03/2022,6:14,27/03/2022 6:14
912,2,28.953,258.3,27/03/2022,7:14,27/03/2022 7:14
913,2,28.953,710.4,27/03/2022,8:14,27/03/2022 8:14
914,2,29.152,1463.9,27/03/2022,9:14,27/03/2022 9:14
915,2,29.252,1377.8,27/03/2022,10:14,27/03/2022 10:14
916,2,29.152,1184,27/03/2022,11:14,27/03/2022 11:14
917,2,29.252,667.4,27/03/2022,12:14,27/03/2022 12:14
918,2,29.352,1205.6,27/03/2022,13:14,27/03/2022 13:14
919,2,29.352,979.5,27/03/2022,14:14,27/03/2022 14:14
920,2,29.352,721.2,27/03/2022,15:14,27/03/2022 15:14
921,2,29.252,430.6,27/03/2022,16:14,27/03/2022 16:14
922,2,29.352,204.5,27/03/2022,17:14,27/03/2022 17:14
923,2,29.252,0,27/03/2022,18:14,27/03/2022 18:14
924,2,29.252,0,27/03/2022,19:14,27/03/2022 19:14
925,2,29.252,0,27/03/2022,20:14,27/03/2022 20:14
926,2,29.152,0,27/03/2022,21:14,27/03/2022 21:14
927,2,29.152,0,27/03/2022,22:14,27/03/2022 22:14
928,2,29.152,0,27/03/2022,23:14,27/03/2022 23:14
929,2,29.152,0,28/03/2022,0:14,28/03/2022 0:14
930,2,29.053,0,28/03/2022,1:14,28/03/2022 1:14
931,2,29.053,0,28/03/2022,2:14,28/03/2022 2:14
932,2,29.053,0,28/03/2022,3:14,28/03/2022 3:14
933,2,29.053,0,28/03/2022,4:14,28/03/2022 4:14
934,2,29.053,0,28/03/2022,5:14,28/03/2022 5:14
935,2,29.053,0,28/03/2022,6:14,28/03/2022 6:14
936,2,29.053,96.9,28/03/2022,7:14,28/03/2022 7:14
937,2,29.053,764.2,28/03/2022,8:14,28/03/2022 8:14
938,2,29.152,366,28/03/2022,9:14,28/03/2022 9:14
939,2,29.252,1280.9,28/03/2022,10:14,28/03/2022 10:14
940,2,29.152,409,28/03/2022,11:14,28/03/2022 11:14
941,2,29.452,1151.7,28/03/2022,12:14,28/03/2022 12:14
942,2,29.552,1087.2,28/03/2022,13:14,28/03/2022 13:14
943,2,29.552,925.7,28/03/2022,14:14,28/03/2022 14:14
944,2,29.452,699.7,28/03/2022,15:14,28/03/2022 15:14
945,2,29.352,419.8,28/03/2022,16:14,28/03/2022 16:14
946,2,29.352,161.5,28/03/2022,17:14,28/03/2022 17:14
947,2,29.352,0,28/03/2022,18:14,28/03/2022 18:14
948,2,29.252,0,28/03/2022,19:14,28/03/2022 19:14
949,2,29.252,0,28/03/2022,20:14,28/03/2022 20:14
950,2,29.152,0,28/03/2022,21:14,28/03/2022 21:14
951,2,29.252,0,28/03/2022,22:14,28/03/2022 22:14
952,2,29.152,0,28/03/2022,23:14,28/03/2022 23:14
953,2,29.152,0,29/03/2022,0:14,29/03/2022 0:14
954,2,29.053,0,29/03/2022,1:14,29/03/2022 1:14
955,2,29.152,0,29/03/2022,2:14,29/03/2022 2:14
956,2,29.152,0,29/03/2022,3:14,29/03/2022 3:14
957,2,29.053,0,29/03/2022,4:14,29/03/2022 4:14
958,2,29.053,0,29/03/2022,5:14,29/03/2022 5:14
959,2,29.152,0,29/03/2022,6:14,29/03/2022 6:14
960,2,29.053,161.5,29/03/2022,7:14,29/03/2022 7:14
961,2,29.152,452.1,29/03/2022,8:14,29/03/2022 8:14
962,2,29.252,731.9,29/03/2022,9:14,29/03/2022 9:14
963,2,29.352,925.7,29/03/2022,10:14,29/03/2022 10:14
964,2,29.452,979.5,29/03/2022,11:14,29/03/2022 11:14
965,2,29.452,1011.8,29/03/2022,12:14,29/03/2022 12:14
966,2,29.552,979.5,29/03/2022,13:14,29/03/2022 13:14
967,2,29.652,861.1,29/03/2022,14:14,29/03/2022 14:14
968,2,29.552,656.6,29/03/2022,15:14,29/03/2022 15:14
969,2,29.452,398.3,29/03/2022,16:14,29/03/2022 16:14
970,2,29.352,139.9,29/03/2022,17:14,29/03/2022 17:14
971,2,29.252,0,29/03/2022,18:14,29/03/2022 18:14
972,2,29.252,0,29/03/2022,19:14,29/03/2022 19:14
973,2,29.252,0,29/03/2022,20:14,29/03/2022 20:14
974,2,29.252,0,29/03/2022,21:14,29/03/2022 21:14
975,2,29.152,0,29/03/2022,22:14,29/03/2022 22:14
976,2,29.152,0,29/03/2022,23:14,29/03/2022 23:14
977,2,29.152,0,30/03/2022,0:14,30/03/2022 0:14
978,2,29.152,0,30/03/2022,1:14,30/03/2022 1:14
979,2,29.152,0,30/03/2022,2:14,30/03/2022 2:14
980,2,29.053,0,30/03/2022,3:14,30/03/2022 3:14
981,2,29.152,0,30/03/2022,4:14,30/03/2022 4:14
982,2,29.152,0,30/03/2022,5:14,30/03/2022 5:14
983,2,29.053,0,30/03/2022,6:14,30/03/2022 6:14
984,2,29.152,172.2,30/03/2022,7:14,30/03/2022 7:14
985,2,29.152,549,30/03/2022,8:14,30/03/2022 8:14
986,2,29.252,871.9,30/03/2022,9:14,30/03/2022 9:14
987,2,29.352,1065.6,30/03/2022,10:14,30/03/2022 10:14
988,2,29.452,914.9,30/03/2022,11:14,30/03/2022 11:14
989,2,29.452,1033.3,30/03/2022,12:14,30/03/2022 12:14
990,2,29.552,990.3,30/03/2022,13:14,30/03/2022 13:14
991,2,29.752,893.4,30/03/2022,14:14,30/03/2022 14:14
992,2,29.652,645.8,30/03/2022,15:14,30/03/2022 15:14
993,2,29.552,398.3,30/03/2022,16:14,30/03/2022 16:14
994,2,29.352,150.7,30/03/2022,17:14,30/03/2022 17:14
995,2,29.252,0,30/03/2022,18:14,30/03/2022 18:14
996,2,29.252,0,30/03/2022,19:14,30/03/2022 19:14
997,2,29.252,0,30/03/2022,20:14,30/03/2022 20:14
998,2,29.252,0,30/03/2022,21:14,30/03/2022 21:14
999,2,29.152,0,30/03/2022,22:14,30/03/2022 22:14
1000,2,29.152,0,30/03/2022,23:14,30/03/2022 23:14
1001,2,29.152,0,31/03/2022,0:14,31/03/2022 0:14
1002,2,29.152,0,31/03/2022,1:14,31/03/2022 1:14
1003,2,29.152,0,31/03/2022,2:14,31/03/2022 2:14
1004,2,29.152,0,31/03/2022,3:14,31/03/2022 3:14
1005,2,29.152,0,31/03/2022,4:14,31/03/2022 4:14
1006,2,29.152,0,31/03/2022,5:14,31/03/2022 5:14
1007,2,29.152,0,31/03/2022,6:14,31/03/2022 6:14
1008,2,29.053,139.9,31/03/2022,7:14,31/03/2022 7:14
1009,2,29.152,409,31/03/2022,8:14,31/03/2022 8:14
1010,2,29.252,656.6,31/03/2022,9:14,31/03/2022 9:14
1011,2,29.252,818.1,31/03/2022,10:14,31/03/2022 10:14
1012,2,29.452,914.9,31/03/2022,11:14,31/03/2022 11:14
1013,2,29.452,850.4,31/03/2022,12:14,31/03/2022 12:14
1014,2,29.452,818.1,31/03/2022,13:14,31/03/2022 13:14
1015,2,29.452,699.7,31/03/2022,14:14,31/03/2022 14:14
1016,2,29.452,559.7,31/03/2022,15:14,31/03/2022 15:14
1017,2,29.452,333.7,31/03/2022,16:14,31/03/2022 16:14
1018,2,29.252,129.2,31/03/2022,17:14,31/03/2022 17:14
1019,2,29.252,0,31/03/2022,18:14,31/03/2022 18:14
1020,2,29.252,0,31/03/2022,19:14,31/03/2022 19:14
1021,2,29.252,0,31/03/2022,20:14,31/03/2022 20:14
1022,2,29.252,0,31/03/2022,21:14,31/03/2022 21:14
1023,2,29.152,0,31/03/2022,22:14,31/03/2022 22:14
1024,2,29.152,0,31/03/2022,23:14,31/03/2022 23:14
1025,2,29.152,0,1/04/2022,0:14,1/04/2022 0:14
1026,2,29.152,0,1/04/2022,1:14,1/04/2022 1:14
1027,2,29.152,0,1/04/2022,2:14,1/04/2022 2:14
1028,2,29.152,0,1/04/2022,3:14,1/04/2022 3:14
1029,2,29.152,0,1/04/2022,4:14,1/04/2022 4:14
1030,2,29.152,0,1/04/2022,5:14,1/04/2022 5:14
1031,2,29.152,0,1/04/2022,6:14,1/04/2022 6:14
1032,2,29.152,118.4,1/04/2022,7:14,1/04/2022 7:14
1033,2,29.152,344.4,1/04/2022,8:14,1/04/2022 8:14
1034,2,29.152,527.4,1/04/2022,9:14,1/04/2022 9:14
1035,2,29.252,645.8,1/04/2022,10:14,1/04/2022 10:14
1036,2,29.352,678.1,1/04/2022,11:14,1/04/2022 11:14
1037,2,29.352,645.8,1/04/2022,12:14,1/04/2022 12:14
1038,2,29.452,624.3,1/04/2022,13:14,1/04/2022 13:14
1039,2,29.352,538.2,1/04/2022,14:14,1/04/2022 14:14
1040,2,29.552,430.6,1/04/2022,15:14,1/04/2022 15:14
1041,2,29.352,258.3,1/04/2022,16:14,1/04/2022 16:14
1042,2,29.352,96.9,1/04/2022,17:14,1/04/2022 17:14
1043,2,29.252,0,1/04/2022,18:14,1/04/2022 18:14
1044,2,29.252,0,1/04/2022,19:14,1/04/2022 19:14
1045,2,29.252,0,1/04/2022,20:14,1/04/2022 20:14
1046,2,29.252,0,1/04/2022,21:14,1/04/2022 21:14
1047,2,29.252,0,1/04/2022,22:14,1/04/2022 22:14
1048,2,29.152,0,1/04/2022,23:14,1/04/2022 23:14
1049,2,29.152,0,2/04/2022,0:14,2/04/2022 0:14
1050,2,29.152,0,2/04/2022,1:14,2/04/2022 1:14
1051,2,29.152,0,2/04/2022,2:14,2/04/2022 2:14
1052,2,29.152,0,2/04/2022,3:14,2/04/2022 3:14
1053,2,29.152,0,2/04/2022,4:14,2/04/2022 4:14
1054,2,29.152,0,2/04/2022,5:14,2/04/2022 5:14
1055,2,29.152,0,2/04/2022,6:14,2/04/2022 6:14
1056,2,29.152,32.3,2/04/2022,7:14,2/04/2022 7:14
1057,2,29.152,96.9,2/04/2022,8:14,2/04/2022 8:14
1058,2,29.053,129.2,2/04/2022,9:14,2/04/2022 9:14
1059,2,29.053,236.8,2/04/2022,10:14,2/04/2022 10:14
1060,2,29.252,699.7,2/04/2022,11:14,2/04/2022 11:14
1061,2,29.252,538.2,2/04/2022,12:14,2/04/2022 12:14
1062,2,29.152,161.5,2/04/2022,13:14,2/04/2022 13:14
1063,2,29.252,236.8,2/04/2022,14:14,2/04/2022 14:14
1064,2,29.352,236.8,2/04/2022,15:14,2/04/2022 15:14
1065,2,29.352,312.2,2/04/2022,16:14,2/04/2022 16:14
1066,2,29.252,118.4,2/04/2022,17:14,2/04/2022 17:14
1067,2,29.252,0,2/04/2022,18:14,2/04/2022 18:14
1068,2,29.152,0,2/04/2022,19:14,2/04/2022 19:14
1069,2,29.152,0,2/04/2022,20:14,2/04/2022 20:14
1070,2,29.152,0,2/04/2022,21:14,2/04/2022 21:14
1071,2,29.152,0,2/04/2022,22:14,2/04/2022 22:14
1072,2,29.152,0,2/04/2022,23:14,2/04/2022 23:14
1073,2,29.053,0,3/04/2022,0:14,3/04/2022 0:14
1074,2,29.053,0,3/04/2022,1:14,3/04/2022 1:14
1075,2,29.053,0,3/04/2022,2:14,3/04/2022 2:14
1076,2,29.053,0,3/04/2022,3:14,3/04/2022 3:14
1077,2,29.152,0,3/04/2022,4:14,3/04/2022 4:14
1078,2,29.053,0,3/04/2022,5:14,3/04/2022 5:14
1079,2,29.053,0,3/04/2022,6:14,3/04/2022 6:14
1080,2,29.152,150.7,3/04/2022,7:14,3/04/2022 7:14
1081,2,29.152,376.7,3/04/2022,8:14,3/04/2022 8:14
1082,2,29.152,344.4,3/04/2022,9:14,3/04/2022 9:14
1083,2,29.252,688.9,3/04/2022,10:14,3/04/2022 10:14
1084,2,29.352,473.6,3/04/2022,11:14,3/04/2022 11:14
1085,2,29.352,269.1,3/04/2022,12:14,3/04/2022 12:14
1086,2,29.452,753.5,3/04/2022,13:14,3/04/2022 13:14
1087,2,29.552,635.1,3/04/2022,14:14,3/04/2022 14:14
1088,2,29.452,376.7,3/04/2022,15:14,3/04/2022 15:14
1089,2,29.552,226,3/04/2022,16:14,3/04/2022 16:14
1090,2,29.352,107.6,3/04/2022,17:14,3/04/2022 17:14
1091,2,29.352,0,3/04/2022,18:14,3/04/2022 18:14
1092,2,29.252,0,3/04/2022,19:14,3/04/2022 19:14
1093,2,29.252,0,3/04/2022,20:14,3/04/2022 20:14
1094,2,29.252,0,3/04/2022,21:14,3/04/2022 21:14
1095,2,29.252,0,3/04/2022,22:14,3/04/2022 22:14
1096,2,29.252,0,3/04/2022,23:14,3/04/2022 23:14
1097,2,29.152,0,4/04/2022,0:14,4/04/2022 0:14
1098,2,29.152,0,4/04/2022,1:14,4/04/2022 1:14
1099,2,29.152,0,4/04/2022,2:14,4/04/2022 2:14
1100,2,29.152,0,4/04/2022,3:14,4/04/2022 3:14
1101,2,29.152,0,4/04/2022,4:14,4/04/2022 4:14
1102,2,29.152,0,4/04/2022,5:14,4/04/2022 5:14
1103,2,29.152,0,4/04/2022,6:14,4/04/2022 6:14
1104,2,29.152,129.2,4/04/2022,7:14,4/04/2022 7:14
1105,2,29.152,86.1,4/04/2022,8:14,4/04/2022 8:14
1106,2,29.252,516.7,4/04/2022,9:14,4/04/2022 9:14
1107,2,29.352,613.5,4/04/2022,10:14,4/04/2022 10:14
1108,2,29.352,247.6,4/04/2022,11:14,4/04/2022 11:14
1109,2,29.552,721.2,4/04/2022,12:14,4/04/2022 12:14
1110,2,29.652,236.8,4/04/2022,13:14,4/04/2022 13:14
1111,2,29.752,387.5,4/04/2022,14:14,4/04/2022 14:14
1112,2,29.652,333.7,4/04/2022,15:14,4/04/2022 15:14
1113,2,29.552,215.3,4/04/2022,16:14,4/04/2022 16:14
1114,2,29.452,129.2,4/04/2022,17:14,4/04/2022 17:14
1115,2,29.452,0,4/04/2022,18:14,4/04/2022 18:14
1116,2,29.452,0,4/04/2022,19:14,4/04/2022 19:14
1117,2,29.352,0,4/04/2022,20:14,4/04/2022 20:14
1118,2,29.352,0,4/04/2022,21:14,4/04/2022 21:14
1119,2,29.352,0,4/04/2022,22:14,4/04/2022 22:14
1120,2,29.352,0,4/04/2022,23:14,4/04/2022 23:14
1121,2,29.352,0,5/04/2022,0:14,5/04/2022 0:14
1122,2,29.352,0,5/04/2022,1:14,5/04/2022 1:14
1123,2,29.352,0,5/04/2022,2:14,5/04/2022 2:14
1124,2,29.352,0,5/04/2022,3:14,5/04/2022 3:14
1125,2,29.352,0,5/04/2022,4:14,5/04/2022 4:14
1126,2,29.352,0,5/04/2022,5:14,5/04/2022 5:14
1127,2,29.352,0,5/04/2022,6:14,5/04/2022 6:14
1128,2,29.352,193.8,5/04/2022,7:14,5/04/2022 7:14
1129,2,29.452,645.8,5/04/2022,8:14,5/04/2022 8:14
1130,2,29.452,796.5,5/04/2022,9:14,5/04/2022 9:14
1131,2,29.552,441.3,5/04/2022,10:14,5/04/2022 10:14
1132,2,29.452,333.7,5/04/2022,11:14,5/04/2022 11:14
1133,2,29.552,376.7,5/04/2022,12:14,5/04/2022 12:14
1134,2,29.552,333.7,5/04/2022,13:14,5/04/2022 13:14
1135,2,29.652,742.7,5/04/2022,14:14,5/04/2022 14:14
1136,2,29.853,559.7,5/04/2022,15:14,5/04/2022 15:14
1137,2,29.752,387.5,5/04/2022,16:14,5/04/2022 16:14
1138,2,29.652,161.5,5/04/2022,17:14,5/04/2022 17:14
1139,2,29.552,0,5/04/2022,18:14,5/04/2022 18:14
1140,2,29.552,0,5/04/2022,19:14,5/04/2022 19:14
1141,2,29.552,0,5/04/2022,20:14,5/04/2022 20:14
1142,2,29.552,0,5/04/2022,21:14,5/04/2022 21:14
1143,2,29.552,0,5/04/2022,22:14,5/04/2022 22:14
1144,2,29.552,0,5/04/2022,23:14,5/04/2022 23:14
1145,2,29.552,0,6/04/2022,0:14,6/04/2022 0:14
1146,2,29.552,0,6/04/2022,1:14,6/04/2022 1:14
1147,2,29.452,0,6/04/2022,2:14,6/04/2022 2:14
1148,2,29.452,0,6/04/2022,3:14,6/04/2022 3:14
1149,2,29.452,0,6/04/2022,4:14,6/04/2022 4:14
1150,2,29.452,0,6/04/2022,5:14,6/04/2022 5:14
1151,2,29.452,0,6/04/2022,6:14,6/04/2022 6:14
1152,2,29.452,150.7,6/04/2022,7:14,6/04/2022 7:14
1153,2,29.552,645.8,6/04/2022,8:14,6/04/2022 8:14
1154,2,29.552,1173.3,6/04/2022,9:14,6/04/2022 9:14
1155,2,29.552,527.4,6/04/2022,10:14,6/04/2022 10:14
1156,2,29.752,1076.4,6/04/2022,11:14,6/04/2022 11:14
1157,2,29.752,893.4,6/04/2022,12:14,6/04/2022 12:14
1158,2,29.853,807.3,6/04/2022,13:14,6/04/2022 13:14
1159,2,30.054,624.3,6/04/2022,14:14,6/04/2022 14:14
1160,2,29.752,559.7,6/04/2022,15:14,6/04/2022 15:14
1161,2,29.953,355.2,6/04/2022,16:14,6/04/2022 16:14
1162,2,29.853,118.4,6/04/2022,17:14,6/04/2022 17:14
1163,2,29.853,0,6/04/2022,18:14,6/04/2022 18:14
1164,2,29.853,0,6/04/2022,19:14,6/04/2022 19:14
1165,2,29.853,0,6/04/2022,20:14,6/04/2022 20:14
1166,2,29.752,0,6/04/2022,21:14,6/04/2022 21:14
1167,2,29.752,0,6/04/2022,22:14,6/04/2022 22:14
1168,2,29.752,0,6/04/2022,23:14,6/04/2022 23:14
1169,2,29.652,0,7/04/2022,0:14,7/04/2022 0:14
1170,2,29.652,0,7/04/2022,1:14,7/04/2022 1:14
1171,2,29.652,0,7/04/2022,2:14,7/04/2022 2:14
1172,2,29.552,0,7/04/2022,3:14,7/04/2022 3:14
1173,2,29.552,0,7/04/2022,4:14,7/04/2022 4:14
1174,2,29.552,0,7/04/2022,5:14,7/04/2022 5:14
1175,2,29.552,0,7/04/2022,6:14,7/04/2022 6:14
1176,2,29.452,86.1,7/04/2022,7:14,7/04/2022 7:14
1177,2,29.552,796.5,7/04/2022,8:14,7/04/2022 8:14
1178,2,29.552,592,7/04/2022,9:14,7/04/2022 9:14
1179,2,29.552,53.8,7/04/2022,10:14,7/04/2022 10:14
1180,2,29.652,333.7,7/04/2022,11:14,7/04/2022 11:14
1181,2,29.752,968.8,7/04/2022,12:14,7/04/2022 12:14
1182,2,29.853,731.9,7/04/2022,13:14,7/04/2022 13:14
1183,2,29.953,613.5,7/04/2022,14:14,7/04/2022 14:14
1184,2,29.953,699.7,7/04/2022,15:14,7/04/2022 15:14
1185,2,29.853,430.6,7/04/2022,16:14,7/04/2022 16:14
1186,2,29.752,204.5,7/04/2022,17:14,7/04/2022 17:14
1187,2,29.752,0,7/04/2022,18:14,7/04/2022 18:14
1188,2,29.752,0,7/04/2022,19:14,7/04/2022 19:14
1189,2,29.752,0,7/04/2022,20:14,7/04/2022 20:14
1190,2,29.652,0,7/04/2022,21:14,7/04/2022 21:14
1191,2,29.652,0,7/04/2022,22:14,7/04/2022 22:14
1192,2,29.552,0,7/04/2022,23:14,7/04/2022 23:14
1193,2,29.452,0,8/04/2022,0:14,8/04/2022 0:14
1194,2,29.452,0,8/04/2022,1:14,8/04/2022 1:14
1195,2,29.452,0,8/04/2022,2:14,8/04/2022 2:14
1196,2,29.352,0,8/04/2022,3:14,8/04/2022 3:14
1197,2,29.452,0,8/04/2022,4:14,8/04/2022 4:14
1198,2,29.352,0,8/04/2022,5:14,8/04/2022 5:14
1199,2,29.252,0,8/04/2022,6:14,8/04/2022 6:14
1200,2,29.352,183,8/04/2022,7:14,8/04/2022 7:14
1201,2,29.352,1248.6,8/04/2022,8:14,8/04/2022 8:14
1202,2,29.352,484.4,8/04/2022,9:14,8/04/2022 9:14
1203,2,29.552,1227.1,8/04/2022,10:14,8/04/2022 10:14
1204,2,29.652,1033.3,8/04/2022,11:14,8/04/2022 11:14
1205,2,29.652,419.8,8/04/2022,12:14,8/04/2022 12:14
1206,2,29.752,1022.6,8/04/2022,13:14,8/04/2022 13:14
1207,2,29.752,839.6,8/04/2022,14:14,8/04/2022 14:14
1208,2,29.752,602.8,8/04/2022,15:14,8/04/2022 15:14
1209,2,29.652,387.5,8/04/2022,16:14,8/04/2022 16:14
1210,2,29.552,172.2,8/04/2022,17:14,8/04/2022 17:14
1211,2,29.552,0,8/04/2022,18:14,8/04/2022 18:14
1212,2,29.452,0,8/04/2022,19:14,8/04/2022 19:14
1213,2,29.452,0,8/04/2022,20:14,8/04/2022 20:14
1214,2,29.452,0,8/04/2022,21:14,8/04/2022 21:14
1215,2,29.352,0,8/04/2022,22:14,8/04/2022 22:14
1216,2,29.452,0,8/04/2022,23:14,8/04/2022 23:14
1217,2,29.452,0,9/04/2022,0:14,9/04/2022 0:14
1218,2,29.352,0,9/04/2022,1:14,9/04/2022 1:14
1219,2,29.352,0,9/04/2022,2:14,9/04/2022 2:14
1220,2,29.352,0,9/04/2022,3:14,9/04/2022 3:14
1221,2,29.152,0,9/04/2022,4:14,9/04/2022 4:14
1222,2,29.252,0,9/04/2022,5:14,9/04/2022 5:14
1223,2,29.252,0,9/04/2022,6:14,9/04/2022 6:14
1224,2,29.252,53.8,9/04/2022,7:14,9/04/2022 7:14
1225,2,29.352,279.9,9/04/2022,8:14,9/04/2022 8:14
1226,2,29.352,376.7,9/04/2022,9:14,9/04/2022 9:14
1227,2,29.452,710.4,9/04/2022,10:14,9/04/2022 10:14
1228,2,29.452,247.6,9/04/2022,11:14,9/04/2022 11:14
1229,2,29.452,581.3,9/04/2022,12:14,9/04/2022 12:14
1230,2,29.452,549,9/04/2022,13:14,9/04/2022 13:14
1231,2,29.452,602.8,9/04/2022,14:14,9/04/2022 14:14
1232,2,29.452,635.1,9/04/2022,15:14,9/04/2022 15:14
1233,2,29.452,269.1,9/04/2022,16:14,9/04/2022 16:14
1234,2,29.452,172.2,9/04/2022,17:14,9/04/2022 17:14
1235,2,29.352,0,9/04/2022,18:14,9/04/2022 18:14
1236,2,29.352,0,9/04/2022,19:14,9/04/2022 19:14
1237,2,29.352,0,9/04/2022,20:14,9/04/2022 20:14
1238,2,29.352,0,9/04/2022,21:14,9/04/2022 21:14
1239,2,29.252,0,9/04/2022,22:14,9/04/2022 22:14
1240,2,29.252,0,9/04/2022,23:14,9/04/2022 23:14
1241,2,29.252,0,10/04/2022,0:14,10/04/2022 0:14
1242,2,29.252,0,10/04/2022,1:14,10/04/2022 1:14
1243,2,29.252,0,10/04/2022,2:14,10/04/2022 2:14
1244,2,29.252,0,10/04/2022,3:14,10/04/2022 3:14
1245,2,29.152,0,10/04/2022,4:14,10/04/2022 4:14
1246,2,29.152,0,10/04/2022,5:14,10/04/2022 5:14
1247,2,29.053,0,10/04/2022,6:14,10/04/2022 6:14
1248,2,29.053,204.5,10/04/2022,7:14,10/04/2022 7:14
1249,2,29.152,688.9,10/04/2022,8:14,10/04/2022 8:14
1250,2,29.152,366,10/04/2022,9:14,10/04/2022 9:14
1251,2,29.252,764.2,10/04/2022,10:14,10/04/2022 10:14
1252,2,29.452,1076.4,10/04/2022,11:14,10/04/2022 11:14
1253,2,29.452,581.3,10/04/2022,12:14,10/04/2022 12:14
1254,2,29.352,871.9,10/04/2022,13:14,10/04/2022 13:14
1255,2,29.352,710.4,10/04/2022,14:14,10/04/2022 14:14
1256,2,29.352,409,10/04/2022,15:14,10/04/2022 15:14
1257,2,29.452,247.6,10/04/2022,16:14,10/04/2022 16:14
1258,2,29.452,96.9,10/04/2022,17:14,10/04/2022 17:14
1259,2,29.452,0,10/04/2022,18:14,10/04/2022 18:14
1260,2,29.452,0,10/04/2022,19:14,10/04/2022 19:14
1261,2,29.352,0,10/04/2022,20:14,10/04/2022 20:14
1262,2,29.352,0,10/04/2022,21:14,10/04/2022 21:14
1263,2,29.252,0,10/04/2022,22:14,10/04/2022 22:14
1264,2,29.252,0,10/04/2022,23:14,10/04/2022 23:14
1265,2,29.152,0,11/04/2022,0:14,11/04/2022 0:14
1266,2,29.152,0,11/04/2022,1:14,11/04/2022 1:14
1267,2,29.152,0,11/04/2022,2:14,11/04/2022 2:14
1268,2,29.152,0,11/04/2022,3:14,11/04/2022 3:14
1269,2,29.053,0,11/04/2022,4:14,11/04/2022 4:14
1270,2,29.053,0,11/04/2022,5:14,11/04/2022 5:14
1271,2,29.053,0,11/04/2022,6:14,11/04/2022 6:14
1272,2,29.053,204.5,11/04/2022,7:14,11/04/2022 7:14
1273,2,29.053,355.2,11/04/2022,8:14,11/04/2022 8:14
1274,2,29.152,742.7,11/04/2022,9:14,11/04/2022 9:14
1275,2,29.252,807.3,11/04/2022,10:14,11/04/2022 10:14
1276,2,29.352,861.1,11/04/2022,11:14,11/04/2022 11:14
1277,2,29.352,667.4,11/04/2022,12:14,11/04/2022 12:14
1278,2,29.252,290.6,11/04/2022,13:14,11/04/2022 13:14
1279,2,29.352,538.2,11/04/2022,14:14,11/04/2022 14:14
1280,2,29.352,312.2,11/04/2022,15:14,11/04/2022 15:14
1281,2,29.352,183,11/04/2022,16:14,11/04/2022 16:14
1282,2,29.352,75.3,11/04/2022,17:14,11/04/2022 17:14
1283,2,29.252,0,11/04/2022,18:14,11/04/2022 18:14
1284,2,29.252,0,11/04/2022,19:14,11/04/2022 19:14
1285,2,29.152,0,11/04/2022,20:14,11/04/2022 20:14
1286,2,29.152,0,11/04/2022,21:14,11/04/2022 21:14
1287,2,29.152,0,11/04/2022,22:14,11/04/2022 22:14
1288,2,29.152,0,11/04/2022,23:14,11/04/2022 23:14
1289,2,29.152,0,12/04/2022,0:14,12/04/2022 0:14
1290,2,29.152,0,12/04/2022,1:14,12/04/2022 1:14
1291,2,29.152,0,12/04/2022,2:14,12/04/2022 2:14
1292,2,29.152,0,12/04/2022,3:14,12/04/2022 3:14
1293,2,29.152,0,12/04/2022,4:14,12/04/2022 4:14
1294,2,29.152,0,12/04/2022,5:14,12/04/2022 5:14
1295,2,28.953,0,12/04/2022,6:14,12/04/2022 6:14
1296,2,29.053,21.5,12/04/2022,7:14,12/04/2022 7:14
1297,2,29.053,430.6,12/04/2022,8:14,12/04/2022 8:14
1298,2,29.053,172.2,12/04/2022,9:14,12/04/2022 9:14
1299,2,29.252,1044.1,12/04/2022,10:14,12/04/2022 10:14
1300,2,29.252,904.2,12/04/2022,11:14,12/04/2022 11:14
1301,2,29.352,226,12/04/2022,12:14,12/04/2022 12:14
1302,2,29.352,688.9,12/04/2022,13:14,12/04/2022 13:14
1303,2,29.352,452.1,12/04/2022,14:14,12/04/2022 14:14
1304,2,29.352,344.4,12/04/2022,15:14,12/04/2022 15:14
1305,2,29.352,193.8,12/04/2022,16:14,12/04/2022 16:14
1306,2,29.252,86.1,12/04/2022,17:14,12/04/2022 17:14
1307,2,29.252,0,12/04/2022,18:14,12/04/2022 18:14
1308,2,29.152,0,12/04/2022,19:14,12/04/2022 19:14
1309,2,29.152,0,12/04/2022,20:14,12/04/2022 20:14
1310,2,29.152,0,12/04/2022,21:14,12/04/2022 21:14
1311,2,29.053,0,12/04/2022,22:14,12/04/2022 22:14
1312,2,29.053,0,12/04/2022,23:14,12/04/2022 23:14
1313,2,29.053,0,13/04/2022,0:14,13/04/2022 0:14
1314,2,28.953,0,13/04/2022,1:14,13/04/2022 1:14
1315,2,28.953,0,13/04/2022,2:14,13/04/2022 2:14
1316,2,28.853,0,13/04/2022,3:14,13/04/2022 3:14
1317,2,28.953,0,13/04/2022,4:14,13/04/2022 4:14
1318,2,29.053,0,13/04/2022,5:14,13/04/2022 5:14
1319,2,28.853,0,13/04/2022,6:14,13/04/2022 6:14
1320,2,28.953,118.4,13/04/2022,7:14,13/04/2022 7:14
1321,2,28.953,366,13/04/2022,8:14,13/04/2022 8:14
1322,2,29.053,559.7,13/04/2022,9:14,13/04/2022 9:14
1323,2,29.152,645.8,13/04/2022,10:14,13/04/2022 10:14
1324,2,29.053,473.6,13/04/2022,11:14,13/04/2022 11:14
1325,2,29.252,516.7,13/04/2022,12:14,13/04/2022 12:14
1326,2,29.252,538.2,13/04/2022,13:14,13/04/2022 13:14
1327,2,29.252,430.6,13/04/2022,14:14,13/04/2022 14:14
1328,2,29.252,269.1,13/04/2022,15:14,13/04/2022 15:14
1329,2,29.152,161.5,13/04/2022,16:14,13/04/2022 16:14
1330,2,29.053,43.1,13/04/2022,17:14,13/04/2022 17:14
1331,2,29.053,0,13/04/2022,18:14,13/04/2022 18:14
1332,2,29.053,0,13/04/2022,19:14,13/04/2022 19:14
1333,2,29.053,0,13/04/2022,20:14,13/04/2022 20:14
1334,2,28.953,0,13/04/2022,21:14,13/04/2022 21:14
1335,2,28.953,0,13/04/2022,22:14,13/04/2022 22:14
1336,2,28.953,0,13/04/2022,23:14,13/04/2022 23:14
1337,2,28.853,0,14/04/2022,0:14,14/04/2022 0:14
1338,2,28.853,0,14/04/2022,1:14,14/04/2022 1:14
1339,2,28.953,0,14/04/2022,2:14,14/04/2022 2:14
1340,2,28.853,0,14/04/2022,3:14,14/04/2022 3:14
1341,2,28.953,0,14/04/2022,4:14,14/04/2022 4:14
1342,2,28.754,0,14/04/2022,5:14,14/04/2022 5:14
1343,2,28.853,0,14/04/2022,6:14,14/04/2022 6:14
1344,2,28.655,64.6,14/04/2022,7:14,14/04/2022 7:14
1345,2,28.853,236.8,14/04/2022,8:14,14/04/2022 8:14
1346,2,28.953,290.6,14/04/2022,9:14,14/04/2022 9:14
1347,2,29.053,495.1,14/04/2022,10:14,14/04/2022 10:14
1348,2,28.953,204.5,14/04/2022,11:14,14/04/2022 11:14
1349,2,29.053,721.2,14/04/2022,12:14,14/04/2022 12:14
1350,2,29.053,419.8,14/04/2022,13:14,14/04/2022 13:14
1351,2,29.053,473.6,14/04/2022,14:14,14/04/2022 14:14
1352,2,29.053,247.6,14/04/2022,15:14,14/04/2022 15:14
1353,2,28.953,86.1,14/04/2022,16:14,14/04/2022 16:14
1354,2,28.953,53.8,14/04/2022,17:14,14/04/2022 17:14
1355,2,28.953,0,14/04/2022,18:14,14/04/2022 18:14
1356,2,28.953,0,14/04/2022,19:14,14/04/2022 19:14
1357,2,28.853,0,14/04/2022,20:14,14/04/2022 20:14
1358,2,28.754,0,14/04/2022,21:14,14/04/2022 21:14
1359,2,28.754,0,14/04/2022,22:14,14/04/2022 22:14
1360,2,28.754,0,14/04/2022,23:14,14/04/2022 23:14
1361,2,28.754,0,15/04/2022,0:14,15/04/2022 0:14
1362,2,28.754,0,15/04/2022,1:14,15/04/2022 1:14
1363,2,28.754,0,15/04/2022,2:14,15/04/2022 2:14
1364,2,28.754,0,15/04/2022,3:14,15/04/2022 3:14
1365,2,28.655,0,15/04/2022,4:14,15/04/2022 4:14
1366,2,28.655,0,15/04/2022,5:14,15/04/2022 5:14
1367,2,28.754,0,15/04/2022,6:14,15/04/2022 6:14
1368,2,28.555,118.4,15/04/2022,7:14,15/04/2022 7:14
1369,2,28.555,387.5,15/04/2022,8:14,15/04/2022 8:14
1370,2,28.754,570.5,15/04/2022,9:14,15/04/2022 9:14
1371,2,28.853,678.1,15/04/2022,10:14,15/04/2022 10:14
1372,2,28.853,549,15/04/2022,11:14,15/04/2022 11:14
1373,2,28.853,549,15/04/2022,12:14,15/04/2022 12:14
1374,2,28.953,473.6,15/04/2022,13:14,15/04/2022 13:14
1375,2,28.953,118.4,15/04/2022,14:14,15/04/2022 14:14
1376,2,29.053,258.3,15/04/2022,15:14,15/04/2022 15:14
1377,2,28.853,139.9,15/04/2022,16:14,15/04/2022 16:14
1378,2,28.754,43.1,15/04/2022,17:14,15/04/2022 17:14
1379,2,28.754,0,15/04/2022,18:14,15/04/2022 18:14
1380,2,28.754,0,15/04/2022,19:14,15/04/2022 19:14
1381,2,28.655,0,15/04/2022,20:14,15/04/2022 20:14
1382,2,28.655,0,15/04/2022,21:14,15/04/2022 21:14
1383,2,28.655,0,15/04/2022,22:14,15/04/2022 22:14
1384,2,28.555,0,15/04/2022,23:14,15/04/2022 23:14
1385,2,28.555,0,16/04/2022,0:14,16/04/2022 0:14
1386,2,28.555,0,16/04/2022,1:14,16/04/2022 1:14
1387,2,28.555,0,16/04/2022,2:14,16/04/2022 2:14
1388,2,28.555,0,16/04/2022,3:14,16/04/2022 3:14
1389,2,28.555,0,16/04/2022,4:14,16/04/2022 4:14
1390,2,28.555,0,16/04/2022,5:14,16/04/2022 5:14
1391,2,28.555,0,16/04/2022,6:14,16/04/2022 6:14
1392,2,28.555,75.3,16/04/2022,7:14,16/04/2022 7:14
1393,2,28.456,269.1,16/04/2022,8:14,16/04/2022 8:14
1394,2,28.555,366,16/04/2022,9:14,16/04/2022 9:14
1395,2,28.655,441.3,16/04/2022,10:14,16/04/2022 10:14
1396,2,28.754,333.7,16/04/2022,11:14,16/04/2022 11:14
1397,2,28.754,333.7,16/04/2022,12:14,16/04/2022 12:14
1398,2,28.853,258.3,16/04/2022,13:14,16/04/2022 13:14
1399,2,28.953,301.4,16/04/2022,14:14,16/04/2022 14:14
1400,2,28.853,193.8,16/04/2022,15:14,16/04/2022 15:14
1401,2,28.655,86.1,16/04/2022,16:14,16/04/2022 16:14
1402,2,28.655,21.5,16/04/2022,17:14,16/04/2022 17:14
1403,2,28.655,0,16/04/2022,18:14,16/04/2022 18:14
1404,2,28.655,0,16/04/2022,19:14,16/04/2022 19:14
1405,2,28.555,0,16/04/2022,20:14,16/04/2022 20:14
1406,2,28.555,0,16/04/2022,21:14,16/04/2022 21:14
1407,2,28.456,0,16/04/2022,22:14,16/04/2022 22:14
1408,2,28.456,0,16/04/2022,23:14,16/04/2022 23:14
1409,2,28.456,0,17/04/2022,0:14,17/04/2022 0:14
1410,2,28.456,0,17/04/2022,1:14,17/04/2022 1:14
1411,2,28.456,0,17/04/2022,2:14,17/04/2022 2:14
1412,2,28.456,0,17/04/2022,3:14,17/04/2022 3:14
1413,2,28.456,0,17/04/2022,4:14,17/04/2022 4:14
1414,2,28.456,0,17/04/2022,5:14,17/04/2022 5:14
1415,2,28.456,0,17/04/2022,6:14,17/04/2022 6:14
1416,2,28.357,10.8,17/04/2022,7:14,17/04/2022 7:14
1417,2,28.258,64.6,17/04/2022,8:14,17/04/2022 8:14
1418,2,28.456,118.4,17/04/2022,9:14,17/04/2022 9:14
1419,2,28.456,64.6,17/04/2022,10:14,17/04/2022 10:14
1420,2,28.456,75.3,17/04/2022,11:14,17/04/2022 11:14
1421,2,28.555,322.9,17/04/2022,12:14,17/04/2022 12:14
1422,2,28.456,118.4,17/04/2022,13:14,17/04/2022 13:14
1423,2,28.357,64.6,17/04/2022,14:14,17/04/2022 14:14
1424,2,28.357,32.3,17/04/2022,15:14,17/04/2022 15:14
1425,2,28.357,43.1,17/04/2022,16:14,17/04/2022 16:14
1426,2,28.258,0,17/04/2022,17:14,17/04/2022 17:14
1427,2,28.357,0,17/04/2022,18:14,17/04/2022 18:14
1428,2,28.258,0,17/04/2022,19:14,17/04/2022 19:14
1429,2,28.159,0,17/04/2022,20:14,17/04/2022 20:14
1430,2,28.06,0,17/04/2022,21:14,17/04/2022 21:14
1431,2,28.159,0,17/04/2022,22:14,17/04/2022 22:14
1432,2,28.06,0,17/04/2022,23:14,17/04/2022 23:14
1433,2,28.159,0,18/04/2022,0:14,18/04/2022 0:14
1434,2,28.159,0,18/04/2022,1:14,18/04/2022 1:14
1435,2,28.159,0,18/04/2022,2:14,18/04/2022 2:14
1436,2,28.159,0,18/04/2022,3:14,18/04/2022 3:14
1437,2,28.159,0,18/04/2022,4:14,18/04/2022 4:14
1438,2,28.159,0,18/04/2022,5:14,18/04/2022 5:14
1439,2,28.159,0,18/04/2022,6:14,18/04/2022 6:14
1440,2,28.159,86.1,18/04/2022,7:14,18/04/2022 7:14
1441,2,28.159,96.9,18/04/2022,8:14,18/04/2022 8:14
1442,2,28.159,387.5,18/04/2022,9:14,18/04/2022 9:14
1443,2,28.258,247.6,18/04/2022,10:14,18/04/2022 10:14
1444,2,28.258,247.6,18/04/2022,11:14,18/04/2022 11:14
1445,2,28.357,172.2,18/04/2022,12:14,18/04/2022 12:14
1446,2,28.357,269.1,18/04/2022,13:14,18/04/2022 13:14
1447,2,28.456,301.4,18/04/2022,14:14,18/04/2022 14:14
1448,2,28.456,215.3,18/04/2022,15:14,18/04/2022 15:14
1449,2,28.357,161.5,18/04/2022,16:14,18/04/2022 16:14
1450,2,28.258,43.1,18/04/2022,17:14,18/04/2022 17:14
1451,2,28.258,0,18/04/2022,18:14,18/04/2022 18:14
1452,2,28.258,0,18/04/2022,19:14,18/04/2022 19:14
1453,2,28.159,0,18/04/2022,20:14,18/04/2022 20:14
1454,2,28.159,0,18/04/2022,21:14,18/04/2022 21:14
1455,2,28.159,0,18/04/2022,22:14,18/04/2022 22:14
1456,2,28.159,0,18/04/2022,23:14,18/04/2022 23:14
1457,2,28.159,0,19/04/2022,0:14,19/04/2022 0:14
1458,2,28.06,0,19/04/2022,1:14,19/04/2022 1:14
1459,2,28.06,0,19/04/2022,2:14,19/04/2022 2:14
1460,2,28.159,0,19/04/2022,3:14,19/04/2022 3:14
1461,2,28.159,0,19/04/2022,4:14,19/04/2022 4:14
1462,2,28.06,0,19/04/2022,5:14,19/04/2022 5:14
1463,2,28.159,0,19/04/2022,6:14,19/04/2022 6:14
1464,2,28.159,96.9,19/04/2022,7:14,19/04/2022 7:14
1465,2,28.159,279.9,19/04/2022,8:14,19/04/2022 8:14
1466,2,28.159,96.9,19/04/2022,9:14,19/04/2022 9:14
1467,2,28.06,150.7,19/04/2022,10:14,19/04/2022 10:14
1468,2,28.258,161.5,19/04/2022,11:14,19/04/2022 11:14
1469,2,28.258,333.7,19/04/2022,12:14,19/04/2022 12:14
1470,2,28.357,279.9,19/04/2022,13:14,19/04/2022 13:14
1471,2,28.456,269.1,19/04/2022,14:14,19/04/2022 14:14
1472,2,28.456,204.5,19/04/2022,15:14,19/04/2022 15:14
1473,2,28.357,86.1,19/04/2022,16:14,19/04/2022 16:14
1474,2,28.357,64.6,19/04/2022,17:14,19/04/2022 17:14
1475,2,28.258,0,19/04/2022,18:14,19/04/2022 18:14
1476,2,28.159,0,19/04/2022,19:14,19/04/2022 19:14
1477,2,28.258,0,19/04/2022,20:14,19/04/2022 20:14
1478,2,28.258,0,19/04/2022,21:14,19/04/2022 21:14
1479,2,28.159,0,19/04/2022,22:14,19/04/2022 22:14
1480,2,28.159,0,19/04/2022,23:14,19/04/2022 23:14
1481,2,28.159,0,20/04/2022,0:14,20/04/2022 0:14
1482,2,28.159,0,20/04/2022,1:14,20/04/2022 1:14
1483,2,28.159,0,20/04/2022,2:14,20/04/2022 2:14
1484,2,28.06,0,20/04/2022,3:14,20/04/2022 3:14
1485,2,28.159,0,20/04/2022,4:14,20/04/2022 4:14
1486,2,28.06,0,20/04/2022,5:14,20/04/2022 5:14
1487,2,28.06,0,20/04/2022,6:14,20/04/2022 6:14
1488,2,28.06,96.9,20/04/2022,7:14,20/04/2022 7:14
1489,2,28.06,269.1,20/04/2022,8:14,20/04/2022 8:14
1490,2,28.159,516.7,20/04/2022,9:14,20/04/2022 9:14
1491,2,28.159,183,20/04/2022,10:14,20/04/2022 10:14
1492,2,28.159,570.5,20/04/2022,11:14,20/04/2022 11:14
1493,2,28.357,441.3,20/04/2022,12:14,20/04/2022 12:14
1494,2,28.357,409,20/04/2022,13:14,20/04/2022 13:14
1495,2,28.357,333.7,20/04/2022,14:14,20/04/2022 14:14
1496,2,28.456,247.6,20/04/2022,15:14,20/04/2022 15:14
1497,2,28.456,183,20/04/2022,16:14,20/04/2022 16:14
1498,2,28.357,43.1,20/04/2022,17:14,20/04/2022 17:14
1499,2,28.258,0,20/04/2022,18:14,20/04/2022 18:14
1500,2,28.258,0,20/04/2022,19:14,20/04/2022 19:14
1501,2,28.159,0,20/04/2022,20:14,20/04/2022 20:14
1502,2,28.159,0,20/04/2022,21:14,20/04/2022 21:14
1503,2,28.258,0,20/04/2022,22:14,20/04/2022 22:14
1504,2,28.159,0,20/04/2022,23:14,20/04/2022 23:14
1505,2,28.159,0,21/04/2022,0:14,21/04/2022 0:14
1506,2,28.159,0,21/04/2022,1:14,21/04/2022 1:14
1507,2,28.159,0,21/04/2022,2:14,21/04/2022 2:14
1508,2,28.06,0,21/04/2022,3:14,21/04/2022 3:14
1509,2,28.06,0,21/04/2022,4:14,21/04/2022 4:14
1510,2,28.06,0,21/04/2022,5:14,21/04/2022 5:14
1511,2,27.961,0,21/04/2022,6:14,21/04/2022 6:14
1512,2,28.06,10.8,21/04/2022,7:14,21/04/2022 7:14
1513,2,28.06,43.1,21/04/2022,8:14,21/04/2022 8:14
1514,2,28.159,495.1,21/04/2022,9:14,21/04/2022 9:14
1515,2,28.159,301.4,21/04/2022,10:14,21/04/2022 10:14
1516,2,28.159,258.3,21/04/2022,11:14,21/04/2022 11:14
1517,2,28.159,236.8,21/04/2022,12:14,21/04/2022 12:14
1518,2,28.159,43.1,21/04/2022,13:14,21/04/2022 13:14
1519,2,28.159,0,21/04/2022,14:14,21/04/2022 14:14
1520,2,28.159,0,21/04/2022,15:14,21/04/2022 15:14
1521,2,28.159,0,21/04/2022,16:14,21/04/2022 16:14
1522,2,28.159,0,21/04/2022,17:14,21/04/2022 17:14
1523,2,28.159,0,21/04/2022,18:14,21/04/2022 18:14
1524,2,28.06,0,21/04/2022,19:14,21/04/2022 19:14
1525,2,28.06,0,21/04/2022,20:14,21/04/2022 20:14
1526,2,28.06,0,21/04/2022,21:14,21/04/2022 21:14
1527,2,28.06,0,21/04/2022,22:14,21/04/2022 22:14
1528,2,28.06,0,21/04/2022,23:14,21/04/2022 23:14
1529,2,28.06,0,22/04/2022,0:14,22/04/2022 0:14
1530,2,27.862,0,22/04/2022,1:14,22/04/2022 1:14
1531,2,27.961,0,22/04/2022,2:14,22/04/2022 2:14
1532,2,27.961,0,22/04/2022,3:14,22/04/2022 3:14
1533,2,27.961,0,22/04/2022,4:14,22/04/2022 4:14
1534,2,27.862,0,22/04/2022,5:14,22/04/2022 5:14
1535,2,27.764,0,22/04/2022,6:14,22/04/2022 6:14
1536,2,27.764,0,22/04/2022,7:14,22/04/2022 7:14
1537,2,27.764,0,22/04/2022,8:14,22/04/2022 8:14
1538,2,27.665,21.5,22/04/2022,9:14,22/04/2022 9:14
1539,2,27.764,0,22/04/2022,10:14,22/04/2022 10:14
1540,2,27.665,0,22/04/2022,11:14,22/04/2022 11:14
1541,2,27.764,53.8,22/04/2022,12:14,22/04/2022 12:14
1542,2,27.764,10.8,22/04/2022,13:14,22/04/2022 13:14
1543,2,27.764,0,22/04/2022,14:14,22/04/2022 14:14
1544,2,27.567,0,22/04/2022,15:14,22/04/2022 15:14
1545,2,27.567,21.5,22/04/2022,16:14,22/04/2022 16:14
1546,2,27.665,0,22/04/2022,17:14,22/04/2022 17:14
1547,2,27.567,0,22/04/2022,18:14,22/04/2022 18:14
1548,2,27.468,0,22/04/2022,19:14,22/04/2022 19:14
1549,2,27.468,0,22/04/2022,20:14,22/04/2022 20:14
1550,2,27.37,0,22/04/2022,21:14,22/04/2022 21:14
1551,2,27.468,0,22/04/2022,22:14,22/04/2022 22:14
1552,2,27.567,0,22/04/2022,23:14,22/04/2022 23:14
1553,2,27.468,0,23/04/2022,0:14,23/04/2022 0:14
1554,2,27.468,0,23/04/2022,1:14,23/04/2022 1:14
1555,2,27.37,0,23/04/2022,2:14,23/04/2022 2:14
1556,2,27.37,0,23/04/2022,3:14,23/04/2022 3:14
1557,2,27.37,0,23/04/2022,4:14,23/04/2022 4:14
1558,2,27.468,0,23/04/2022,5:14,23/04/2022 5:14
1559,2,27.37,0,23/04/2022,6:14,23/04/2022 6:14
1560,2,27.37,0,23/04/2022,7:14,23/04/2022 7:14
1561,2,27.37,43.1,23/04/2022,8:14,23/04/2022 8:14
1562,2,27.468,96.9,23/04/2022,9:14,23/04/2022 9:14
1563,2,27.37,64.6,23/04/2022,10:14,23/04/2022 10:14
1564,2,27.37,688.9,23/04/2022,11:14,23/04/2022 11:14
1565,2,27.468,161.5,23/04/2022,12:14,23/04/2022 12:14
1566,2,27.468,258.3,23/04/2022,13:14,23/04/2022 13:14
1567,2,27.37,129.2,23/04/2022,14:14,23/04/2022 14:14
1568,2,27.468,53.8,23/04/2022,15:14,23/04/2022 15:14
1569,2,27.468,43.1,23/04/2022,16:14,23/04/2022 16:14
1570,2,27.468,0,23/04/2022,17:14,23/04/2022 17:14
1571,2,27.468,0,23/04/2022,18:14,23/04/2022 18:14
1572,2,27.37,0,23/04/2022,19:14,23/04/2022 19:14
1573,2,27.37,0,23/04/2022,20:14,23/04/2022 20:14
1574,2,27.37,0,23/04/2022,21:14,23/04/2022 21:14
1575,2,27.272,0,23/04/2022,22:14,23/04/2022 22:14
1576,2,27.272,0,23/04/2022,23:14,23/04/2022 23:14
1577,2,27.37,0,24/04/2022,0:14,24/04/2022 0:14
1578,2,27.272,0,24/04/2022,1:14,24/04/2022 1:14
1579,2,27.272,0,24/04/2022,2:14,24/04/2022 2:14
1580,2,27.272,0,24/04/2022,3:14,24/04/2022 3:14
1581,2,27.173,0,24/04/2022,4:14,24/04/2022 4:14
1582,2,27.272,0,24/04/2022,5:14,24/04/2022 5:14
1583,2,27.272,0,24/04/2022,6:14,24/04/2022 6:14
1584,2,27.272,43.1,24/04/2022,7:14,24/04/2022 7:14
1585,2,27.272,139.9,24/04/2022,8:14,24/04/2022 8:14
1586,2,27.272,107.6,24/04/2022,9:14,24/04/2022 9:14
1587,2,27.173,204.5,24/04/2022,10:14,24/04/2022 10:14
1588,2,27.272,462.9,24/04/2022,11:14,24/04/2022 11:14
1589,2,27.272,495.1,24/04/2022,12:14,24/04/2022 12:14
1590,2,27.37,398.3,24/04/2022,13:14,24/04/2022 13:14
1591,2,27.272,419.8,24/04/2022,14:14,24/04/2022 14:14
1592,2,27.272,150.7,24/04/2022,15:14,24/04/2022 15:14
1593,2,27.173,43.1,24/04/2022,16:14,24/04/2022 16:14
1594,2,27.173,0,24/04/2022,17:14,24/04/2022 17:14
1595,2,27.173,0,24/04/2022,18:14,24/04/2022 18:14
1596,2,27.173,0,24/04/2022,19:14,24/04/2022 19:14
1597,2,27.173,0,24/04/2022,20:14,24/04/2022 20:14
1598,2,27.173,0,24/04/2022,21:14,24/04/2022 21:14
1599,2,27.075,0,24/04/2022,22:14,24/04/2022 22:14
1600,2,27.075,0,24/04/2022,23:14,24/04/2022 23:14
1601,2,27.075,0,25/04/2022,0:14,25/04/2022 0:14
1602,2,27.075,0,25/04/2022,1:14,25/04/2022 1:14
1603,2,27.075,0,25/04/2022,2:14,25/04/2022 2:14
1604,2,27.075,0,25/04/2022,3:14,25/04/2022 3:14
1605,2,26.977,0,25/04/2022,4:14,25/04/2022 4:14
1606,2,26.977,0,25/04/2022,5:14,25/04/2022 5:14
1607,2,26.977,0,25/04/2022,6:14,25/04/2022 6:14
1608,2,26.977,32.3,25/04/2022,7:14,25/04/2022 7:14
1609,2,26.977,129.2,25/04/2022,8:14,25/04/2022 8:14
1610,2,27.075,236.8,25/04/2022,9:14,25/04/2022 9:14
1611,2,27.075,269.1,25/04/2022,10:14,25/04/2022 10:14
1612,2,27.173,279.9,25/04/2022,11:14,25/04/2022 11:14
1613,2,27.272,958,25/04/2022,12:14,25/04/2022 12:14
1614,2,27.37,828.8,25/04/2022,13:14,25/04/2022 13:14
1615,2,27.272,484.4,25/04/2022,14:14,25/04/2022 14:14
1616,2,27.173,204.5,25/04/2022,15:14,25/04/2022 15:14
1617,2,27.173,43.1,25/04/2022,16:14,25/04/2022 16:14
1618,2,27.173,0,25/04/2022,17:14,25/04/2022 17:14
1619,2,27.173,0,25/04/2022,18:14,25/04/2022 18:14
1620,2,27.075,0,25/04/2022,19:14,25/04/2022 19:14
1621,2,27.075,0,25/04/2022,20:14,25/04/2022 20:14
1622,2,27.075,0,25/04/2022,21:14,25/04/2022 21:14
1623,2,26.977,0,25/04/2022,22:14,25/04/2022 22:14
1624,2,26.977,0,25/04/2022,23:14,25/04/2022 23:14
1625,2,26.977,0,26/04/2022,0:14,26/04/2022 0:14
1626,2,27.075,0,26/04/2022,1:14,26/04/2022 1:14
1627,2,27.075,0,26/04/2022,2:14,26/04/2022 2:14
1628,2,27.075,0,26/04/2022,3:14,26/04/2022 3:14
1629,2,27.075,0,26/04/2022,4:14,26/04/2022 4:14
1630,2,27.075,0,26/04/2022,5:14,26/04/2022 5:14
1631,2,27.075,0,26/04/2022,6:14,26/04/2022 6:14
1632,2,26.879,0,26/04/2022,7:14,26/04/2022 7:14
1633,2,26.977,64.6,26/04/2022,8:14,26/04/2022 8:14
1634,2,27.075,96.9,26/04/2022,9:14,26/04/2022 9:14
1635,2,27.075,269.1,26/04/2022,10:14,26/04/2022 10:14
1636,2,27.075,419.8,26/04/2022,11:14,26/04/2022 11:14
1637,2,27.173,473.6,26/04/2022,12:14,26/04/2022 12:14
1638,2,27.075,473.6,26/04/2022,13:14,26/04/2022 13:14
1639,2,27.075,344.4,26/04/2022,14:14,26/04/2022 14:14
1640,2,27.075,226,26/04/2022,15:14,26/04/2022 15:14
1641,2,26.879,64.6,26/04/2022,16:14,26/04/2022 16:14
1642,2,26.879,32.3,26/04/2022,17:14,26/04/2022 17:14
1643,2,26.879,0,26/04/2022,18:14,26/04/2022 18:14
1644,2,26.879,0,26/04/2022,19:14,26/04/2022 19:14
1645,2,26.879,0,26/04/2022,20:14,26/04/2022 20:14
1646,2,26.977,0,26/04/2022,21:14,26/04/2022 21:14
1647,2,27.075,0,26/04/2022,22:14,26/04/2022 22:14
1648,2,26.879,0,26/04/2022,23:14,26/04/2022 23:14
1649,2,26.977,0,27/04/2022,0:14,27/04/2022 0:14
1650,2,26.977,0,27/04/2022,1:14,27/04/2022 1:14
1651,2,26.977,0,27/04/2022,2:14,27/04/2022 2:14
1652,2,26.879,0,27/04/2022,3:14,27/04/2022 3:14
1653,2,26.977,0,27/04/2022,4:14,27/04/2022 4:14
1654,2,26.879,0,27/04/2022,5:14,27/04/2022 5:14
1655,2,26.977,0,27/04/2022,6:14,27/04/2022 6:14
1656,2,26.879,32.3,27/04/2022,7:14,27/04/2022 7:14
1657,2,26.879,129.2,27/04/2022,8:14,27/04/2022 8:14
1658,2,27.075,312.2,27/04/2022,9:14,27/04/2022 9:14
1659,2,27.075,624.3,27/04/2022,10:14,27/04/2022 10:14
1660,2,27.075,387.5,27/04/2022,11:14,27/04/2022 11:14
1661,2,27.075,301.4,27/04/2022,12:14,27/04/2022 12:14
1662,2,27.173,355.2,27/04/2022,13:14,27/04/2022 13:14
1663,2,27.075,269.1,27/04/2022,14:14,27/04/2022 14:14
1664,2,27.075,430.6,27/04/2022,15:14,27/04/2022 15:14
1665,2,27.075,139.9,27/04/2022,16:14,27/04/2022 16:14
1666,2,27.075,32.3,27/04/2022,17:14,27/04/2022 17:14
1667,2,27.075,0,27/04/2022,18:14,27/04/2022 18:14
1668,2,27.075,0,27/04/2022,19:14,27/04/2022 19:14
1669,2,27.075,0,27/04/2022,20:14,27/04/2022 20:14
1670,2,27.075,0,27/04/2022,21:14,27/04/2022 21:14
1671,2,27.075,0,27/04/2022,22:14,27/04/2022 22:14
1672,2,27.075,0,27/04/2022,23:14,27/04/2022 23:14
1673,2,27.075,0,28/04/2022,0:14,28/04/2022 0:14
1674,2,26.977,0,28/04/2022,1:14,28/04/2022 1:14
1675,2,26.977,0,28/04/2022,2:14,28/04/2022 2:14
1676,2,27.075,0,28/04/2022,3:14,28/04/2022 3:14
1677,2,26.977,0,28/04/2022,4:14,28/04/2022 4:14
1678,2,26.977,0,28/04/2022,5:14,28/04/2022 5:14
1679,2,26.977,0,28/04/2022,6:14,28/04/2022 6:14
1680,2,26.977,10.8,28/04/2022,7:14,28/04/2022 7:14
1681,2,26.977,53.8,28/04/2022,8:14,28/04/2022 8:14
1682,2,26.977,129.2,28/04/2022,9:14,28/04/2022 9:14
1683,2,27.075,516.7,28/04/2022,10:14,28/04/2022 10:14
1684,2,26.977,344.4,28/04/2022,11:14,28/04/2022 11:14
1685,2,27.173,635.1,28/04/2022,12:14,28/04/2022 12:14
1686,2,27.173,452.1,28/04/2022,13:14,28/04/2022 13:14
1687,2,27.272,366,28/04/2022,14:14,28/04/2022 14:14
1688,2,27.173,258.3,28/04/2022,15:14,28/04/2022 15:14
1689,2,27.173,139.9,28/04/2022,16:14,28/04/2022 16:14
1690,2,27.075,32.3,28/04/2022,17:14,28/04/2022 17:14
1691,2,27.075,0,28/04/2022,18:14,28/04/2022 18:14
1692,2,27.075,0,28/04/2022,19:14,28/04/2022 19:14
1693,2,27.075,0,28/04/2022,20:14,28/04/2022 20:14
1694,2,27.075,0,28/04/2022,21:14,28/04/2022 21:14
1695,2,26.977,0,28/04/2022,22:14,28/04/2022 22:14
1696,2,26.977,0,28/04/2022,23:14,28/04/2022 23:14
1697,2,26.977,0,29/04/2022,0:14,29/04/2022 0:14
1698,2,26.879,0,29/04/2022,1:14,29/04/2022 1:14
1699,2,26.977,0,29/04/2022,2:14,29/04/2022 2:14
1700,2,26.977,0,29/04/2022,3:14,29/04/2022 3:14
1701,2,26.977,0,29/04/2022,4:14,29/04/2022 4:14
1702,2,26.977,0,29/04/2022,5:14,29/04/2022 5:14
1703,2,26.879,0,29/04/2022,6:14,29/04/2022 6:14
1704,2,26.879,53.8,29/04/2022,7:14,29/04/2022 7:14
1705,2,26.977,215.3,29/04/2022,8:14,29/04/2022 8:14
1706,2,26.977,409,29/04/2022,9:14,29/04/2022 9:14
1707,2,27.075,301.4,29/04/2022,10:14,29/04/2022 10:14
1708,2,27.075,581.3,29/04/2022,11:14,29/04/2022 11:14
1709,2,27.173,570.5,29/04/2022,12:14,29/04/2022 12:14
1710,2,27.075,398.3,29/04/2022,13:14,29/04/2022 13:14
1711,2,27.075,344.4,29/04/2022,14:14,29/04/2022 14:14
1712,2,27.075,150.7,29/04/2022,15:14,29/04/2022 15:14
1713,2,26.977,107.6,29/04/2022,16:14,29/04/2022 16:14
1714,2,26.977,21.5,29/04/2022,17:14,29/04/2022 17:14
1715,2,26.977,0,29/04/2022,18:14,29/04/2022 18:14
1716,2,26.977,0,29/04/2022,19:14,29/04/2022 19:14
1717,2,26.977,0,29/04/2022,20:14,29/04/2022 20:14
1718,2,26.977,0,29/04/2022,21:14,29/04/2022 21:14
1719,2,26.879,0,29/04/2022,22:14,29/04/2022 22:14
1720,2,26.879,0,29/04/2022,23:14,29/04/2022 23:14
1721,2,26.879,0,30/04/2022,0:14,30/04/2022 0:14
1722,2,26.879,0,30/04/2022,1:14,30/04/2022 1:14
1723,2,26.879,0,30/04/2022,2:14,30/04/2022 2:14
1724,2,26.781,0,30/04/2022,3:14,30/04/2022 3:14
1725,2,26.879,0,30/04/2022,4:14,30/04/2022 4:14
1726,2,26.879,0,30/04/2022,5:14,30/04/2022 5:14
1727,2,26.879,0,30/04/2022,6:14,30/04/2022 6:14
1728,2,26.879,53.8,30/04/2022,7:14,30/04/2022 7:14
1729,2,26.879,204.5,30/04/2022,8:14,30/04/2022 8:14
1730,2,26.781,344.4,30/04/2022,9:14,30/04/2022 9:14
1731,2,26.879,387.5,30/04/2022,10:14,30/04/2022 10:14
1732,2,26.977,441.3,30/04/2022,11:14,30/04/2022 11:14
1733,2,27.075,441.3,30/04/2022,12:14,30/04/2022 12:14
1734,2,27.075,376.7,30/04/2022,13:14,30/04/2022 13:14
1735,2,27.173,333.7,30/04/2022,14:14,30/04/2022 14:14
1736,2,27.173,236.8,30/04/2022,15:14,30/04/2022 15:14
1737,2,27.075,129.2,30/04/2022,16:14,30/04/2022 16:14
1738,2,27.075,32.3,30/04/2022,17:14,30/04/2022 17:14
1739,2,26.977,0,30/04/2022,18:14,30/04/2022 18:14
1740,2,27.075,0,30/04/2022,19:14,30/04/2022 19:14
1741,2,26.977,0,30/04/2022,20:14,30/04/2022 20:14
1742,2,26.977,0,30/04/2022,21:14,30/04/2022 21:14
1743,2,26.977,0,30/04/2022,22:14,30/04/2022 22:14
1744,2,26.977,0,30/04/2022,23:14,30/04/2022 23:14
1745,2,26.977,0,1/05/2022,0:14,1/05/2022 0:14
1746,2,26.879,0,1/05/2022,1:14,1/05/2022 1:14
1747,2,26.879,0,1/05/2022,2:14,1/05/2022 2:14
1748,2,26.879,0,1/05/2022,3:14,1/05/2022 3:14
1749,2,26.879,0,1/05/2022,4:14,1/05/2022 4:14
1750,2,26.879,0,1/05/2022,5:14,1/05/2022 5:14
1751,2,26.879,0,1/05/2022,6:14,1/05/2022 6:14
1752,2,26.879,75.3,1/05/2022,7:14,1/05/2022 7:14
1753,2,26.879,247.6,1/05/2022,8:14,1/05/2022 8:14
1754,2,26.781,333.7,1/05/2022,9:14,1/05/2022 9:14
1755,2,26.879,376.7,1/05/2022,10:14,1/05/2022 10:14
1756,2,27.075,355.2,1/05/2022,11:14,1/05/2022 11:14
1757,2,27.075,344.4,1/05/2022,12:14,1/05/2022 12:14
1758,2,27.173,355.2,1/05/2022,13:14,1/05/2022 13:14
1759,2,27.272,387.5,1/05/2022,14:14,1/05/2022 14:14
1760,2,27.173,258.3,1/05/2022,15:14,1/05/2022 15:14
1761,2,27.173,172.2,1/05/2022,16:14,1/05/2022 16:14
1762,2,27.075,53.8,1/05/2022,17:14,1/05/2022 17:14
1763,2,26.977,0,1/05/2022,18:14,1/05/2022 18:14
1764,2,26.977,0,1/05/2022,19:14,1/05/2022 19:14
1765,2,26.977,0,1/05/2022,20:14,1/05/2022 20:14
1766,2,26.977,0,1/05/2022,21:14,1/05/2022 21:14
1767,2,26.977,0,1/05/2022,22:14,1/05/2022 22:14
1768,2,26.879,0,1/05/2022,23:14,1/05/2022 23:14
1769,2,26.879,0,2/05/2022,0:14,2/05/2022 0:14
1770,2,26.879,0,2/05/2022,1:14,2/05/2022 1:14
1771,2,26.879,0,2/05/2022,2:14,2/05/2022 2:14
1772,2,26.879,0,2/05/2022,3:14,2/05/2022 3:14
1773,2,26.879,0,2/05/2022,4:14,2/05/2022 4:14
1774,2,26.879,0,2/05/2022,5:14,2/05/2022 5:14
1775,2,26.781,0,2/05/2022,6:14,2/05/2022 6:14
1776,2,26.781,75.3,2/05/2022,7:14,2/05/2022 7:14
1777,2,26.879,247.6,2/05/2022,8:14,2/05/2022 8:14
1778,2,26.781,344.4,2/05/2022,9:14,2/05/2022 9:14
1779,2,26.977,441.3,2/05/2022,10:14,2/05/2022 10:14
1780,2,26.977,366,2/05/2022,11:14,2/05/2022 11:14
1781,2,27.075,495.1,2/05/2022,12:14,2/05/2022 12:14
1782,2,27.075,581.3,2/05/2022,13:14,2/05/2022 13:14
1783,2,27.075,581.3,2/05/2022,14:14,2/05/2022 14:14
1784,2,26.977,258.3,2/05/2022,15:14,2/05/2022 15:14
1785,2,26.977,226,2/05/2022,16:14,2/05/2022 16:14
1786,2,26.879,32.3,2/05/2022,17:14,2/05/2022 17:14
1787,2,26.879,0,2/05/2022,18:14,2/05/2022 18:14
1788,2,26.879,0,2/05/2022,19:14,2/05/2022 19:14
1789,2,26.879,0,2/05/2022,20:14,2/05/2022 20:14
1790,2,26.879,0,2/05/2022,21:14,2/05/2022 21:14
1791,2,26.879,0,2/05/2022,22:14,2/05/2022 22:14
1792,2,26.781,0,2/05/2022,23:14,2/05/2022 23:14
1793,2,26.781,0,3/05/2022,0:14,3/05/2022 0:14
1794,2,26.781,0,3/05/2022,1:14,3/05/2022 1:14
1795,2,26.781,0,3/05/2022,2:14,3/05/2022 2:14
1796,2,26.781,0,3/05/2022,3:14,3/05/2022 3:14
1797,2,26.781,0,3/05/2022,4:14,3/05/2022 4:14
1798,2,26.781,0,3/05/2022,5:14,3/05/2022 5:14
1799,2,26.781,0,3/05/2022,6:14,3/05/2022 6:14
1800,2,26.781,64.6,3/05/2022,7:14,3/05/2022 7:14
1801,2,26.683,172.2,3/05/2022,8:14,3/05/2022 8:14
1802,2,26.781,96.9,3/05/2022,9:14,3/05/2022 9:14
1803,2,26.781,376.7,3/05/2022,10:14,3/05/2022 10:14
1804,2,26.879,656.6,3/05/2022,11:14,3/05/2022 11:14
1805,2,26.977,581.3,3/05/2022,12:14,3/05/2022 12:14
1806,2,27.075,505.9,3/05/2022,13:14,3/05/2022 13:14
1807,2,27.075,387.5,3/05/2022,14:14,3/05/2022 14:14
1808,2,27.075,172.2,3/05/2022,15:14,3/05/2022 15:14
1809,2,26.977,150.7,3/05/2022,16:14,3/05/2022 16:14
1810,2,26.879,43.1,3/05/2022,17:14,3/05/2022 17:14
1811,2,26.879,0,3/05/2022,18:14,3/05/2022 18:14
1812,2,26.879,0,3/05/2022,19:14,3/05/2022 19:14
1813,2,26.879,0,3/05/2022,20:14,3/05/2022 20:14
1814,2,26.879,0,3/05/2022,21:14,3/05/2022 21:14
1815,2,26.781,0,3/05/2022,22:14,3/05/2022 22:14
1816,2,26.781,0,3/05/2022,23:14,3/05/2022 23:14
1817,2,26.781,0,4/05/2022,0:14,4/05/2022 0:14
1818,2,26.781,0,4/05/2022,1:14,4/05/2022 1:14
1819,2,26.781,0,4/05/2022,2:14,4/05/2022 2:14
1820,2,26.781,0,4/05/2022,3:14,4/05/2022 3:14
1821,2,26.781,0,4/05/2022,4:14,4/05/2022 4:14
1822,2,26.781,0,4/05/2022,5:14,4/05/2022 5:14
1823,2,26.781,0,4/05/2022,6:14,4/05/2022 6:14
1824,2,26.781,172.2,4/05/2022,7:14,4/05/2022 7:14
1825,2,26.781,505.9,4/05/2022,8:14,4/05/2022 8:14
1826,2,26.781,398.3,4/05/2022,9:14,4/05/2022 9:14
1827,2,26.879,290.6,4/05/2022,10:14,4/05/2022 10:14
1828,2,26.879,366,4/05/2022,11:14,4/05/2022 11:14
1829,2,27.075,549,4/05/2022,12:14,4/05/2022 12:14
1830,2,27.075,549,4/05/2022,13:14,4/05/2022 13:14
1831,2,27.075,441.3,4/05/2022,14:14,4/05/2022 14:14
1832,2,27.075,279.9,4/05/2022,15:14,4/05/2022 15:14
1833,2,27.075,161.5,4/05/2022,16:14,4/05/2022 16:14
1834,2,26.879,53.8,4/05/2022,17:14,4/05/2022 17:14
1835,2,26.879,0,4/05/2022,18:14,4/05/2022 18:14
1836,2,26.879,0,4/05/2022,19:14,4/05/2022 19:14
1837,2,26.879,0,4/05/2022,20:14,4/05/2022 20:14
1838,2,26.879,0,4/05/2022,21:14,4/05/2022 21:14
1839,2,26.977,0,4/05/2022,22:14,4/05/2022 22:14
1840,2,26.977,0,4/05/2022,23:14,4/05/2022 23:14
1841,2,26.977,0,5/05/2022,0:14,5/05/2022 0:14
1842,2,26.879,0,5/05/2022,1:14,5/05/2022 1:14
1843,2,26.977,0,5/05/2022,2:14,5/05/2022 2:14
1844,2,26.977,0,5/05/2022,3:14,5/05/2022 3:14
1845,2,26.879,0,5/05/2022,4:14,5/05/2022 4:14
1846,2,26.879,0,5/05/2022,5:14,5/05/2022 5:14
1847,2,26.879,0,5/05/2022,6:14,5/05/2022 6:14
1848,2,26.879,107.6,5/05/2022,7:14,5/05/2022 7:14
1849,2,26.977,322.9,5/05/2022,8:14,5/05/2022 8:14
1850,2,26.977,172.2,5/05/2022,9:14,5/05/2022 9:14
1851,2,26.977,247.6,5/05/2022,10:14,5/05/2022 10:14
1852,2,26.977,279.9,5/05/2022,11:14,5/05/2022 11:14
1853,2,27.173,613.5,5/05/2022,12:14,5/05/2022 12:14
1854,2,27.272,430.6,5/05/2022,13:14,5/05/2022 13:14
1855,2,27.272,355.2,5/05/2022,14:14,5/05/2022 14:14
1856,2,27.272,247.6,5/05/2022,15:14,5/05/2022 15:14
1857,2,27.468,150.7,5/05/2022,16:14,5/05/2022 16:14
1858,2,27.468,53.8,5/05/2022,17:14,5/05/2022 17:14
1859,2,27.37,0,5/05/2022,18:14,5/05/2022 18:14
1860,2,27.272,0,5/05/2022,19:14,5/05/2022 19:14
1861,2,27.272,0,5/05/2022,20:14,5/05/2022 20:14
1862,2,27.272,0,5/05/2022,21:14,5/05/2022 21:14
1863,2,27.272,0,5/05/2022,22:14,5/05/2022 22:14
1864,2,27.173,0,5/05/2022,23:14,5/05/2022 23:14
1865,2,27.173,0,6/05/2022,0:14,6/05/2022 0:14
1866,2,27.173,0,6/05/2022,1:14,6/05/2022 1:14
1867,2,27.173,0,6/05/2022,2:14,6/05/2022 2:14
1868,2,27.173,0,6/05/2022,3:14,6/05/2022 3:14
1869,2,27.173,0,6/05/2022,4:14,6/05/2022 4:14
1870,2,27.075,0,6/05/2022,5:14,6/05/2022 5:14
1871,2,27.173,0,6/05/2022,6:14,6/05/2022 6:14
1872,2,27.173,53.8,6/05/2022,7:14,6/05/2022 7:14
1873,2,27.173,193.8,6/05/2022,8:14,6/05/2022 8:14
1874,2,27.173,527.4,6/05/2022,9:14,6/05/2022 9:14
1875,2,27.272,462.9,6/05/2022,10:14,6/05/2022 10:14
1876,2,27.272,495.1,6/05/2022,11:14,6/05/2022 11:14
1877,2,27.272,344.4,6/05/2022,12:14,6/05/2022 12:14
1878,2,27.173,172.2,6/05/2022,13:14,6/05/2022 13:14
1879,2,27.468,333.7,6/05/2022,14:14,6/05/2022 14:14
1880,2,27.272,193.8,6/05/2022,15:14,6/05/2022 15:14
1881,2,27.075,129.2,6/05/2022,16:14,6/05/2022 16:14
1882,2,27.075,32.3,6/05/2022,17:14,6/05/2022 17:14
1883,2,26.977,0,6/05/2022,18:14,6/05/2022 18:14
1884,2,26.977,0,6/05/2022,19:14,6/05/2022 19:14
1885,2,27.075,0,6/05/2022,20:14,6/05/2022 20:14
1886,2,27.075,0,6/05/2022,21:14,6/05/2022 21:14
1887,2,27.075,0,6/05/2022,22:14,6/05/2022 22:14
1888,2,27.173,0,6/05/2022,23:14,6/05/2022 23:14
1889,2,27.173,0,7/05/2022,0:14,7/05/2022 0:14
1890,2,27.173,0,7/05/2022,1:14,7/05/2022 1:14
1891,2,27.173,0,7/05/2022,2:14,7/05/2022 2:14
1892,2,27.075,0,7/05/2022,3:14,7/05/2022 3:14
1893,2,27.075,0,7/05/2022,4:14,7/05/2022 4:14
1894,2,27.075,0,7/05/2022,5:14,7/05/2022 5:14
1895,2,27.075,0,7/05/2022,6:14,7/05/2022 6:14
1896,2,27.075,32.3,7/05/2022,7:14,7/05/2022 7:14
1897,2,27.173,172.2,7/05/2022,8:14,7/05/2022 8:14
1898,2,27.272,279.9,7/05/2022,9:14,7/05/2022 9:14
1899,2,27.272,430.6,7/05/2022,10:14,7/05/2022 10:14
1900,2,27.272,376.7,7/05/2022,11:14,7/05/2022 11:14
1901,2,27.272,355.2,7/05/2022,12:14,7/05/2022 12:14
1902,2,27.37,290.6,7/05/2022,13:14,7/05/2022 13:14
1903,2,27.173,183,7/05/2022,14:14,7/05/2022 14:14
1904,2,27.37,150.7,7/05/2022,15:14,7/05/2022 15:14
1905,2,27.37,193.8,7/05/2022,16:14,7/05/2022 16:14
1906,2,27.272,32.3,7/05/2022,17:14,7/05/2022 17:14
1907,2,27.272,0,7/05/2022,18:14,7/05/2022 18:14
1908,2,27.272,0,7/05/2022,19:14,7/05/2022 19:14
1909,2,27.075,0,7/05/2022,20:14,7/05/2022 20:14
1910,2,27.075,0,7/05/2022,21:14,7/05/2022 21:14
1911,2,27.173,0,7/05/2022,22:14,7/05/2022 22:14
1912,2,27.173,0,7/05/2022,23:14,7/05/2022 23:14
1913,2,27.173,0,8/05/2022,0:14,8/05/2022 0:14
1914,2,27.173,0,8/05/2022,1:14,8/05/2022 1:14
1915,2,27.173,0,8/05/2022,2:14,8/05/2022 2:14
1916,2,27.173,0,8/05/2022,3:14,8/05/2022 3:14
1917,2,27.075,0,8/05/2022,4:14,8/05/2022 4:14
1918,2,27.173,0,8/05/2022,5:14,8/05/2022 5:14
1919,2,27.173,0,8/05/2022,6:14,8/05/2022 6:14
1920,2,27.173,0,8/05/2022,7:14,8/05/2022 7:14
1921,2,27.173,53.8,8/05/2022,8:14,8/05/2022 8:14
1922,2,27.173,43.1,8/05/2022,9:14,8/05/2022 9:14
1923,2,27.272,86.1,8/05/2022,10:14,8/05/2022 10:14
1924,2,27.272,75.3,8/05/2022,11:14,8/05/2022 11:14
1925,2,27.272,226,8/05/2022,12:14,8/05/2022 12:14
1926,2,27.173,43.1,8/05/2022,13:14,8/05/2022 13:14
1927,2,27.173,118.4,8/05/2022,14:14,8/05/2022 14:14
1928,2,27.173,64.6,8/05/2022,15:14,8/05/2022 15:14
1929,2,27.173,10.8,8/05/2022,16:14,8/05/2022 16:14
1930,2,27.075,0,8/05/2022,17:14,8/05/2022 17:14
1931,2,27.173,0,8/05/2022,18:14,8/05/2022 18:14
1932,2,27.173,0,8/05/2022,19:14,8/05/2022 19:14
1933,2,27.075,0,8/05/2022,20:14,8/05/2022 20:14
1934,2,27.075,0,8/05/2022,21:14,8/05/2022 21:14
1935,2,27.075,0,8/05/2022,22:14,8/05/2022 22:14
1936,2,26.977,0,8/05/2022,23:14,8/05/2022 23:14
1937,2,26.977,0,9/05/2022,0:14,9/05/2022 0:14
1938,2,26.977,0,9/05/2022,1:14,9/05/2022 1:14
1939,2,26.879,0,9/05/2022,2:14,9/05/2022 2:14
1940,2,26.879,0,9/05/2022,3:14,9/05/2022 3:14
1941,2,26.879,0,9/05/2022,4:14,9/05/2022 4:14
1942,2,26.879,0,9/05/2022,5:14,9/05/2022 5:14
1943,2,26.879,0,9/05/2022,6:14,9/05/2022 6:14
1944,2,26.781,0,9/05/2022,7:14,9/05/2022 7:14
1945,2,26.879,53.8,9/05/2022,8:14,9/05/2022 8:14
1946,2,26.977,118.4,9/05/2022,9:14,9/05/2022 9:14
1947,2,26.879,64.6,9/05/2022,10:14,9/05/2022 10:14
1948,2,26.879,193.8,9/05/2022,11:14,9/05/2022 11:14
1949,2,26.879,139.9,9/05/2022,12:14,9/05/2022 12:14
1950,2,26.683,43.1,9/05/2022,13:14,9/05/2022 13:14
1951,2,26.781,139.9,9/05/2022,14:14,9/05/2022 14:14
1952,2,26.683,21.5,9/05/2022,15:14,9/05/2022 15:14
1953,2,26.683,10.8,9/05/2022,16:14,9/05/2022 16:14
1954,2,26.781,0,9/05/2022,17:14,9/05/2022 17:14
1955,2,26.781,0,9/05/2022,18:14,9/05/2022 18:14
1956,2,26.781,0,9/05/2022,19:14,9/05/2022 19:14
1957,2,26.781,0,9/05/2022,20:14,9/05/2022 20:14
1958,2,26.683,0,9/05/2022,21:14,9/05/2022 21:14
1959,2,26.781,0,9/05/2022,22:14,9/05/2022 22:14
1960,2,26.781,0,9/05/2022,23:14,9/05/2022 23:14
1961,2,26.781,0,10/05/2022,0:14,10/05/2022 0:14
1962,2,26.781,0,10/05/2022,1:14,10/05/2022 1:14
1963,2,26.781,0,10/05/2022,2:14,10/05/2022 2:14
1964,2,26.781,0,10/05/2022,3:14,10/05/2022 3:14
1965,2,26.683,0,10/05/2022,4:14,10/05/2022 4:14
1966,2,26.683,0,10/05/2022,5:14,10/05/2022 5:14
1967,2,26.683,0,10/05/2022,6:14,10/05/2022 6:14
1968,2,26.683,10.8,10/05/2022,7:14,10/05/2022 7:14
1969,2,26.585,86.1,10/05/2022,8:14,10/05/2022 8:14
1970,2,26.585,64.6,10/05/2022,9:14,10/05/2022 9:14
1971,2,26.683,107.6,10/05/2022,10:14,10/05/2022 10:14
1972,2,26.683,204.5,10/05/2022,11:14,10/05/2022 11:14
1973,2,26.683,86.1,10/05/2022,12:14,10/05/2022 12:14
1974,2,26.683,64.6,10/05/2022,13:14,10/05/2022 13:14
1975,2,26.585,0,10/05/2022,14:14,10/05/2022 14:14
1976,2,26.585,0,10/05/2022,15:14,10/05/2022 15:14
1977,2,26.585,0,10/05/2022,16:14,10/05/2022 16:14
1978,2,26.585,0,10/05/2022,17:14,10/05/2022 17:14
1979,2,26.585,0,10/05/2022,18:14,10/05/2022 18:14
1980,2,26.488,0,10/05/2022,19:14,10/05/2022 19:14
1981,2,26.488,0,10/05/2022,20:14,10/05/2022 20:14
1982,2,26.488,0,10/05/2022,21:14,10/05/2022 21:14
1983,2,26.585,0,10/05/2022,22:14,10/05/2022 22:14
1984,2,26.585,0,10/05/2022,23:14,10/05/2022 23:14
1985,2,26.585,0,11/05/2022,0:14,11/05/2022 0:14
1986,2,26.585,0,11/05/2022,1:14,11/05/2022 1:14
1987,2,26.585,0,11/05/2022,2:14,11/05/2022 2:14
1988,2,26.488,0,11/05/2022,3:14,11/05/2022 3:14
1989,2,26.488,0,11/05/2022,4:14,11/05/2022 4:14
1990,2,26.488,0,11/05/2022,5:14,11/05/2022 5:14
1991,2,26.39,0,11/05/2022,6:14,11/05/2022 6:14
1992,2,26.39,0,11/05/2022,7:14,11/05/2022 7:14
1993,2,26.488,53.8,11/05/2022,8:14,11/05/2022 8:14
1994,2,26.488,226,11/05/2022,9:14,11/05/2022 9:14
1995,2,26.488,129.2,11/05/2022,10:14,11/05/2022 10:14
1996,2,26.488,10.8,11/05/2022,11:14,11/05/2022 11:14
1997,2,26.488,75.3,11/05/2022,12:14,11/05/2022 12:14
1998,2,26.39,150.7,11/05/2022,13:14,11/05/2022 13:14
1999,2,26.39,75.3,11/05/2022,14:14,11/05/2022 14:14
2000,2,26.292,21.5,11/05/2022,15:14,11/05/2022 15:14
2001,2,26.292,10.8,11/05/2022,16:14,11/05/2022 16:14
2002,2,26.292,0,11/05/2022,17:14,11/05/2022 17:14
2003,2,26.292,0,11/05/2022,18:14,11/05/2022 18:14
2004,2,26.292,0,11/05/2022,19:14,11/05/2022 19:14
2005,2,26.292,0,11/05/2022,20:14,11/05/2022 20:14
2006,2,26.292,0,11/05/2022,21:14,11/05/2022 21:14
2007,2,26.292,0,11/05/2022,22:14,11/05/2022 22:14
2008,2,26.292,0,11/05/2022,23:14,11/05/2022 23:14
2009,2,26.292,0,12/05/2022,0:14,12/05/2022 0:14
2010,2,26.195,0,12/05/2022,1:14,12/05/2022 1:14
2011,2,26.195,0,12/05/2022,2:14,12/05/2022 2:14
2012,2,26.195,0,12/05/2022,3:14,12/05/2022 3:14
2013,2,26.195,0,12/05/2022,4:14,12/05/2022 4:14
2014,2,26.195,0,12/05/2022,5:14,12/05/2022 5:14
2015,2,26.195,0,12/05/2022,6:14,12/05/2022 6:14
2016,2,26.195,0,12/05/2022,7:14,12/05/2022 7:14
2017,2,26.195,10.8,12/05/2022,8:14,12/05/2022 8:14
2018,2,26.195,43.1,12/05/2022,9:14,12/05/2022 9:14
2019,2,26.292,64.6,12/05/2022,10:14,12/05/2022 10:14
2020,2,26.292,183,12/05/2022,11:14,12/05/2022 11:14
2021,2,26.292,215.3,12/05/2022,12:14,12/05/2022 12:14
2022,2,26.292,129.2,12/05/2022,13:14,12/05/2022 13:14
2023,2,26.292,150.7,12/05/2022,14:14,12/05/2022 14:14
2024,2,26.292,86.1,12/05/2022,15:14,12/05/2022 15:14
2025,2,26.292,53.8,12/05/2022,16:14,12/05/2022 16:14
2026,2,26.292,0,12/05/2022,17:14,12/05/2022 17:14
2027,2,26.292,0,12/05/2022,18:14,12/05/2022 18:14
2028,2,26.292,0,12/05/2022,19:14,12/05/2022 19:14
2029,2,26.292,0,12/05/2022,20:14,12/05/2022 20:14
2030,2,26.292,0,12/05/2022,21:14,12/05/2022 21:14
2031,2,26.292,0,12/05/2022,22:14,12/05/2022 22:14
2032,2,26.195,0,12/05/2022,23:14,12/05/2022 23:14
2033,2,26.195,0,13/05/2022,0:14,13/05/2022 0:14
2034,2,26.292,0,13/05/2022,1:14,13/05/2022 1:14
2035,2,26.195,0,13/05/2022,2:14,13/05/2022 2:14
2036,2,26.195,0,13/05/2022,3:14,13/05/2022 3:14
2037,2,26.195,0,13/05/2022,4:14,13/05/2022 4:14
2038,2,26.195,0,13/05/2022,5:14,13/05/2022 5:14
2039,2,26.195,0,13/05/2022,6:14,13/05/2022 6:14
2040,2,26.097,0,13/05/2022,7:14,13/05/2022 7:14
2041,2,26.195,86.1,13/05/2022,8:14,13/05/2022 8:14
2042,2,26.195,129.2,13/05/2022,9:14,13/05/2022 9:14
2043,2,26.292,215.3,13/05/2022,10:14,13/05/2022 10:14
2044,2,26.292,258.3,13/05/2022,11:14,13/05/2022 11:14
2045,2,26.39,215.3,13/05/2022,12:14,13/05/2022 12:14
2046,2,26.292,193.8,13/05/2022,13:14,13/05/2022 13:14
2047,2,26.39,139.9,13/05/2022,14:14,13/05/2022 14:14
2048,2,26.39,64.6,13/05/2022,15:14,13/05/2022 15:14
2049,2,26.39,21.5,13/05/2022,16:14,13/05/2022 16:14
2050,2,26.39,10.8,13/05/2022,17:14,13/05/2022 17:14
2051,2,26.39,0,13/05/2022,18:14,13/05/2022 18:14
2052,2,26.292,0,13/05/2022,19:14,13/05/2022 19:14
2053,2,26.292,0,13/05/2022,20:14,13/05/2022 20:14
2054,2,26.292,0,13/05/2022,21:14,13/05/2022 21:14
2055,2,26.292,0,13/05/2022,22:14,13/05/2022 22:14
2056,2,26.292,0,13/05/2022,23:14,13/05/2022 23:14
2057,2,26.195,0,14/05/2022,0:14,14/05/2022 0:14
2058,2,26.195,0,14/05/2022,1:14,14/05/2022 1:14
2059,2,26.292,0,14/05/2022,2:14,14/05/2022 2:14
2060,2,26.195,0,14/05/2022,3:14,14/05/2022 3:14
2061,2,26.195,0,14/05/2022,4:14,14/05/2022 4:14
2062,2,26.195,0,14/05/2022,5:14,14/05/2022 5:14
2063,2,26.195,0,14/05/2022,6:14,14/05/2022 6:14
2064,2,26.195,0,14/05/2022,7:14,14/05/2022 7:14
2065,2,26.195,53.8,14/05/2022,8:14,14/05/2022 8:14
2066,2,26.195,32.3,14/05/2022,9:14,14/05/2022 9:14
2067,2,26.292,150.7,14/05/2022,10:14,14/05/2022 10:14
2068,2,26.292,161.5,14/05/2022,11:14,14/05/2022 11:14
2069,2,26.39,183,14/05/2022,12:14,14/05/2022 12:14
2070,2,26.39,150.7,14/05/2022,13:14,14/05/2022 13:14
2071,2,26.39,118.4,14/05/2022,14:14,14/05/2022 14:14
2072,2,26.39,75.3,14/05/2022,15:14,14/05/2022 15:14
2073,2,26.39,21.5,14/05/2022,16:14,14/05/2022 16:14
2074,2,26.39,0,14/05/2022,17:14,14/05/2022 17:14
2075,2,26.292,0,14/05/2022,18:14,14/05/2022 18:14
2076,2,26.292,0,14/05/2022,19:14,14/05/2022 19:14
2077,2,26.39,0,14/05/2022,20:14,14/05/2022 20:14
2078,2,26.292,0,14/05/2022,21:14,14/05/2022 21:14
2079,2,26.292,0,14/05/2022,22:14,14/05/2022 22:14
2080,2,26.292,0,14/05/2022,23:14,14/05/2022 23:14
2081,2,26.292,0,15/05/2022,0:14,15/05/2022 0:14
2082,2,26.292,0,15/05/2022,1:14,15/05/2022 1:14
2083,2,26.292,0,15/05/2022,2:14,15/05/2022 2:14
2084,2,26.292,0,15/05/2022,3:14,15/05/2022 3:14
2085,2,26.292,0,15/05/2022,4:14,15/05/2022 4:14
2086,2,26.195,0,15/05/2022,5:14,15/05/2022 5:14
2087,2,26.195,0,15/05/2022,6:14,15/05/2022 6:14
2088,2,26.195,10.8,15/05/2022,7:14,15/05/2022 7:14
2089,2,26.195,75.3,15/05/2022,8:14,15/05/2022 8:14
2090,2,26.292,129.2,15/05/2022,9:14,15/05/2022 9:14
2091,2,26.292,183,15/05/2022,10:14,15/05/2022 10:14
2092,2,26.39,204.5,15/05/2022,11:14,15/05/2022 11:14
2093,2,26.39,204.5,15/05/2022,12:14,15/05/2022 12:14
2094,2,26.488,183,15/05/2022,13:14,15/05/2022 13:14
2095,2,26.488,150.7,15/05/2022,14:14,15/05/2022 14:14
2096,2,26.39,107.6,15/05/2022,15:14,15/05/2022 15:14
2097,2,26.585,43.1,15/05/2022,16:14,15/05/2022 16:14
2098,2,26.488,0,15/05/2022,17:14,15/05/2022 17:14
2099,2,26.292,0,15/05/2022,18:14,15/05/2022 18:14
2100,2,26.292,0,15/05/2022,19:14,15/05/2022 19:14
2101,2,26.292,0,15/05/2022,20:14,15/05/2022 20:14
2102,2,26.292,0,15/05/2022,21:14,15/05/2022 21:14
2103,2,26.292,0,15/05/2022,22:14,15/05/2022 22:14
2104,2,26.292,0,15/05/2022,23:14,15/05/2022 23:14
2105,2,26.292,0,16/05/2022,0:14,16/05/2022 0:14
2106,2,26.292,0,16/05/2022,1:14,16/05/2022 1:14
2107,2,26.292,0,16/05/2022,2:14,16/05/2022 2:14
2108,2,26.292,0,16/05/2022,3:14,16/05/2022 3:14
2109,2,26.292,0,16/05/2022,4:14,16/05/2022 4:14
2110,2,26.195,0,16/05/2022,5:14,16/05/2022 5:14
2111,2,26.195,0,16/05/2022,6:14,16/05/2022 6:14
2112,2,26.195,10.8,16/05/2022,7:14,16/05/2022 7:14
2113,2,26.195,53.8,16/05/2022,8:14,16/05/2022 8:14
2114,2,26.195,96.9,16/05/2022,9:14,16/05/2022 9:14
2115,2,26.292,118.4,16/05/2022,10:14,16/05/2022 10:14
2116,2,26.292,139.9,16/05/2022,11:14,16/05/2022 11:14
2117,2,26.488,150.7,16/05/2022,12:14,16/05/2022 12:14
2118,2,26.585,193.8,16/05/2022,13:14,16/05/2022 13:14
2119,2,26.585,172.2,16/05/2022,14:14,16/05/2022 14:14
2120,2,26.488,129.2,16/05/2022,15:14,16/05/2022 15:14
2121,2,26.488,64.6,16/05/2022,16:14,16/05/2022 16:14
2122,2,26.39,10.8,16/05/2022,17:14,16/05/2022 17:14
2123,2,26.39,0,16/05/2022,18:14,16/05/2022 18:14
2124,2,26.39,0,16/05/2022,19:14,16/05/2022 19:14
2125,2,26.39,0,16/05/2022,20:14,16/05/2022 20:14
2126,2,26.39,0,16/05/2022,21:14,16/05/2022 21:14
2127,2,26.39,0,16/05/2022,22:14,16/05/2022 22:14
2128,2,26.39,0,16/05/2022,23:14,16/05/2022 23:14
2129,2,26.292,0,17/05/2022,0:14,17/05/2022 0:14
2130,2,26.292,0,17/05/2022,1:14,17/05/2022 1:14
2131,2,26.292,0,17/05/2022,2:14,17/05/2022 2:14
2132,2,26.292,0,17/05/2022,3:14,17/05/2022 3:14
2133,2,26.292,0,17/05/2022,4:14,17/05/2022 4:14
2134,2,26.292,0,17/05/2022,5:14,17/05/2022 5:14
2135,2,26.292,0,17/05/2022,6:14,17/05/2022 6:14
2136,2,26.292,10.8,17/05/2022,7:14,17/05/2022 7:14
2137,2,26.292,75.3,17/05/2022,8:14,17/05/2022 8:14
2138,2,26.292,118.4,17/05/2022,9:14,17/05/2022 9:14
2139,2,26.39,150.7,17/05/2022,10:14,17/05/2022 10:14
2140,2,26.488,172.2,17/05/2022,11:14,17/05/2022 11:14
2141,2,26.488,161.5,17/05/2022,12:14,17/05/2022 12:14
2142,2,26.585,161.5,17/05/2022,13:14,17/05/2022 13:14
2143,2,26.585,139.9,17/05/2022,14:14,17/05/2022 14:14
2144,2,26.585,107.6,17/05/2022,15:14,17/05/2022 15:14
2145,2,26.585,53.8,17/05/2022,16:14,17/05/2022 16:14
2146,2,26.585,0,17/05/2022,17:14,17/05/2022 17:14
2147,2,26.488,0,17/05/2022,18:14,17/05/2022 18:14
2148,2,26.488,0,17/05/2022,19:14,17/05/2022 19:14
2149,2,26.39,0,17/05/2022,20:14,17/05/2022 20:14
2150,2,26.39,0,17/05/2022,21:14,17/05/2022 21:14
2151,2,26.39,0,17/05/2022,22:14,17/05/2022 22:14
2152,2,26.39,0,17/05/2022,23:14,17/05/2022 23:14
2153,2,26.39,0,18/05/2022,0:14,18/05/2022 0:14
2154,2,26.39,0,18/05/2022,1:14,18/05/2022 1:14
2155,2,26.39,0,18/05/2022,2:14,18/05/2022 2:14
2156,2,26.39,0,18/05/2022,3:14,18/05/2022 3:14
2157,2,26.39,0,18/05/2022,4:14,18/05/2022 4:14
2158,2,26.39,0,18/05/2022,5:14,18/05/2022 5:14
2159,2,26.39,0,18/05/2022,6:14,18/05/2022 6:14
2160,2,26.39,0,18/05/2022,7:14,18/05/2022 7:14
2161,2,26.39,43.1,18/05/2022,8:14,18/05/2022 8:14
2162,2,26.39,150.7,18/05/2022,9:14,18/05/2022 9:14
2163,2,26.488,183,18/05/2022,10:14,18/05/2022 10:14
2164,2,26.585,183,18/05/2022,11:14,18/05/2022 11:14
2165,2,26.683,172.2,18/05/2022,12:14,18/05/2022 12:14
2166,2,26.683,161.5,18/05/2022,13:14,18/05/2022 13:14
2167,2,26.585,139.9,18/05/2022,14:14,18/05/2022 14:14
2168,2,26.585,107.6,18/05/2022,15:14,18/05/2022 15:14
2169,2,26.585,183,18/05/2022,16:14,18/05/2022 16:14
2170,2,26.683,43.1,18/05/2022,17:14,18/05/2022 17:14
2171,2,26.585,0,18/05/2022,18:14,18/05/2022 18:14
2172,2,26.585,0,18/05/2022,19:14,18/05/2022 19:14
2173,2,26.488,0,18/05/2022,20:14,18/05/2022 20:14
2174,2,26.39,0,18/05/2022,21:14,18/05/2022 21:14
2175,2,26.39,0,18/05/2022,22:14,18/05/2022 22:14
2176,2,26.39,0,18/05/2022,23:14,18/05/2022 23:14
2177,2,26.488,0,19/05/2022,0:14,19/05/2022 0:14
2178,2,26.39,0,19/05/2022,1:14,19/05/2022 1:14
2179,2,26.39,0,19/05/2022,2:14,19/05/2022 2:14
2180,2,26.488,0,19/05/2022,3:14,19/05/2022 3:14
2181,2,26.39,0,19/05/2022,4:14,19/05/2022 4:14
2182,2,26.39,0,19/05/2022,5:14,19/05/2022 5:14
2183,2,26.39,0,19/05/2022,6:14,19/05/2022 6:14
2184,2,26.39,32.3,19/05/2022,7:14,19/05/2022 7:14
2185,2,26.39,43.1,19/05/2022,8:14,19/05/2022 8:14
2186,2,26.39,366,19/05/2022,9:14,19/05/2022 9:14
2187,2,26.488,409,19/05/2022,10:14,19/05/2022 10:14
2188,2,26.585,462.9,19/05/2022,11:14,19/05/2022 11:14
2189,2,26.683,376.7,19/05/2022,12:14,19/05/2022 12:14
2190,2,26.683,344.4,19/05/2022,13:14,19/05/2022 13:14
2191,2,26.585,333.7,19/05/2022,14:14,19/05/2022 14:14
2192,2,26.488,290.6,19/05/2022,15:14,19/05/2022 15:14
2193,2,26.683,150.7,19/05/2022,16:14,19/05/2022 16:14
2194,2,26.585,43.1,19/05/2022,17:14,19/05/2022 17:14
2195,2,26.683,0,19/05/2022,18:14,19/05/2022 18:14
2196,2,26.585,0,19/05/2022,19:14,19/05/2022 19:14
2197,2,26.488,0,19/05/2022,20:14,19/05/2022 20:14
2198,2,26.488,0,19/05/2022,21:14,19/05/2022 21:14
2199,2,26.488,0,19/05/2022,22:14,19/05/2022 22:14
2200,2,26.488,0,19/05/2022,23:14,19/05/2022 23:14
2201,2,26.488,0,20/05/2022,0:14,20/05/2022 0:14
2202,2,26.488,0,20/05/2022,1:14,20/05/2022 1:14
2203,2,26.488,0,20/05/2022,2:14,20/05/2022 2:14
2204,2,26.39,0,20/05/2022,3:14,20/05/2022 3:14
2205,2,26.488,0,20/05/2022,4:14,20/05/2022 4:14
2206,2,26.39,0,20/05/2022,5:14,20/05/2022 5:14
2207,2,26.488,0,20/05/2022,6:14,20/05/2022 6:14
2208,2,26.39,10.8,20/05/2022,7:14,20/05/2022 7:14
2209,2,26.39,150.7,20/05/2022,8:14,20/05/2022 8:14
2210,2,26.488,236.8,20/05/2022,9:14,20/05/2022 9:14
2211,2,26.488,322.9,20/05/2022,10:14,20/05/2022 10:14
2212,2,26.585,731.9,20/05/2022,11:14,20/05/2022 11:14
2213,2,26.488,279.9,20/05/2022,12:14,20/05/2022 12:14
2214,2,26.585,387.5,20/05/2022,13:14,20/05/2022 13:14
2215,2,26.488,204.5,20/05/2022,14:14,20/05/2022 14:14
2216,2,26.585,183,20/05/2022,15:14,20/05/2022 15:14
2217,2,26.488,107.6,20/05/2022,16:14,20/05/2022 16:14
2218,2,26.488,21.5,20/05/2022,17:14,20/05/2022 17:14
2219,2,26.488,0,20/05/2022,18:14,20/05/2022 18:14
2220,2,26.488,0,20/05/2022,19:14,20/05/2022 19:14
2221,2,26.488,0,20/05/2022,20:14,20/05/2022 20:14
2222,2,26.488,0,20/05/2022,21:14,20/05/2022 21:14
2223,2,26.39,0,20/05/2022,22:14,20/05/2022 22:14
2224,2,26.39,0,20/05/2022,23:14,20/05/2022 23:14
2225,2,26.39,0,21/05/2022,0:14,21/05/2022 0:14
2226,2,26.292,0,21/05/2022,1:14,21/05/2022 1:14
2227,2,26.292,0,21/05/2022,2:14,21/05/2022 2:14
2228,2,26.195,0,21/05/2022,3:14,21/05/2022 3:14
2229,2,26.195,0,21/05/2022,4:14,21/05/2022 4:14
2230,2,26.195,0,21/05/2022,5:14,21/05/2022 5:14
2231,2,26.39,0,21/05/2022,6:14,21/05/2022 6:14
2232,2,26.39,32.3,21/05/2022,7:14,21/05/2022 7:14
2233,2,26.39,150.7,21/05/2022,8:14,21/05/2022 8:14
2234,2,26.39,226,21/05/2022,9:14,21/05/2022 9:14
2235,2,26.292,376.7,21/05/2022,10:14,21/05/2022 10:14
2236,2,26.39,495.1,21/05/2022,11:14,21/05/2022 11:14
2237,2,26.488,258.3,21/05/2022,12:14,21/05/2022 12:14
2238,2,26.488,161.5,21/05/2022,13:14,21/05/2022 13:14
2239,2,26.585,258.3,21/05/2022,14:14,21/05/2022 14:14
2240,2,26.39,193.8,21/05/2022,15:14,21/05/2022 15:14
2241,2,26.292,75.3,21/05/2022,16:14,21/05/2022 16:14
2242,2,26.292,10.8,21/05/2022,17:14,21/05/2022 17:14
2243,2,26.292,0,21/05/2022,18:14,21/05/2022 18:14
2244,2,26.292,0,21/05/2022,19:14,21/05/2022 19:14
2245,2,26.292,0,21/05/2022,20:14,21/05/2022 20:14
2246,2,26.39,0,21/05/2022,21:14,21/05/2022 21:14
2247,2,26.39,0,21/05/2022,22:14,21/05/2022 22:14
2248,2,26.292,0,21/05/2022,23:14,21/05/2022 23:14
2249,2,26.292,0,22/05/2022,0:14,22/05/2022 0:14
2250,2,26.292,0,22/05/2022,1:14,22/05/2022 1:14
2251,2,26.195,0,22/05/2022,2:14,22/05/2022 2:14
2252,2,26.195,0,22/05/2022,3:14,22/05/2022 3:14
2253,2,26.195,0,22/05/2022,4:14,22/05/2022 4:14
2254,2,26.195,0,22/05/2022,5:14,22/05/2022 5:14
2255,2,26.195,0,22/05/2022,6:14,22/05/2022 6:14
2256,2,26.097,21.5,22/05/2022,7:14,22/05/2022 7:14
2257,2,26,139.9,22/05/2022,8:14,22/05/2022 8:14
2258,2,26.097,355.2,22/05/2022,9:14,22/05/2022 9:14
2259,2,26,452.1,22/05/2022,10:14,22/05/2022 10:14
2260,2,26.097,409,22/05/2022,11:14,22/05/2022 11:14
2261,2,26.195,366,22/05/2022,12:14,22/05/2022 12:14
2262,2,26.195,279.9,22/05/2022,13:14,22/05/2022 13:14
2263,2,26.195,161.5,22/05/2022,14:14,22/05/2022 14:14
2264,2,26.195,139.9,22/05/2022,15:14,22/05/2022 15:14
2265,2,26.292,64.6,22/05/2022,16:14,22/05/2022 16:14
2266,2,26.292,10.8,22/05/2022,17:14,22/05/2022 17:14
2267,2,26.292,0,22/05/2022,18:14,22/05/2022 18:14
2268,2,26.292,0,22/05/2022,19:14,22/05/2022 19:14
2269,2,26.292,0,22/05/2022,20:14,22/05/2022 20:14
2270,2,26.292,0,22/05/2022,21:14,22/05/2022 21:14
2271,2,26.195,0,22/05/2022,22:14,22/05/2022 22:14
2272,2,26.195,0,22/05/2022,23:14,22/05/2022 23:14
2273,2,26.195,0,23/05/2022,0:14,23/05/2022 0:14
2274,2,26.097,0,23/05/2022,1:14,23/05/2022 1:14
2275,2,26.097,0,23/05/2022,2:14,23/05/2022 2:14
2276,2,26.097,0,23/05/2022,3:14,23/05/2022 3:14
2277,2,26.097,0,23/05/2022,4:14,23/05/2022 4:14
2278,2,26.097,0,23/05/2022,5:14,23/05/2022 5:14
2279,2,26,0,23/05/2022,6:14,23/05/2022 6:14
2280,2,26,21.5,23/05/2022,7:14,23/05/2022 7:14
2281,2,26,139.9,23/05/2022,8:14,23/05/2022 8:14
2282,2,26.097,279.9,23/05/2022,9:14,23/05/2022 9:14
2283,2,26.097,376.7,23/05/2022,10:14,23/05/2022 10:14
2284,2,26.195,247.6,23/05/2022,11:14,23/05/2022 11:14
2285,2,26.097,398.3,23/05/2022,12:14,23/05/2022 12:14
2286,2,26.195,366,23/05/2022,13:14,23/05/2022 13:14
2287,2,26.195,193.8,23/05/2022,14:14,23/05/2022 14:14
2288,2,26.195,150.7,23/05/2022,15:14,23/05/2022 15:14
2289,2,26.195,107.6,23/05/2022,16:14,23/05/2022 16:14
2290,2,26.292,10.8,23/05/2022,17:14,23/05/2022 17:14
2291,2,26.195,0,23/05/2022,18:14,23/05/2022 18:14
2292,2,26.097,0,23/05/2022,19:14,23/05/2022 19:14
2293,2,26.097,0,23/05/2022,20:14,23/05/2022 20:14
2294,2,26.097,0,23/05/2022,21:14,23/05/2022 21:14
2295,2,26.097,0,23/05/2022,22:14,23/05/2022 22:14
2296,2,26.097,0,23/05/2022,23:14,23/05/2022 23:14
2297,2,26.097,0,24/05/2022,0:14,24/05/2022 0:14
2298,2,26.097,0,24/05/2022,1:14,24/05/2022 1:14
2299,2,26.097,0,24/05/2022,2:14,24/05/2022 2:14
2300,2,26.097,0,24/05/2022,3:14,24/05/2022 3:14
2301,2,26,0,24/05/2022,4:14,24/05/2022 4:14
2302,2,26,0,24/05/2022,5:14,24/05/2022 5:14
2303,2,26,0,24/05/2022,6:14,24/05/2022 6:14
2304,2,25.902,32.3,24/05/2022,7:14,24/05/2022 7:14
2305,2,26,193.8,24/05/2022,8:14,24/05/2022 8:14
2306,2,26,150.7,24/05/2022,9:14,24/05/2022 9:14
2307,2,26.097,366,24/05/2022,10:14,24/05/2022 10:14
2308,2,26.292,387.5,24/05/2022,11:14,24/05/2022 11:14
2309,2,26.195,312.2,24/05/2022,12:14,24/05/2022 12:14
2310,2,26.195,290.6,24/05/2022,13:14,24/05/2022 13:14
2311,2,26.195,290.6,24/05/2022,14:14,24/05/2022 14:14
2312,2,26.292,204.5,24/05/2022,15:14,24/05/2022 15:14
2313,2,26.195,86.1,24/05/2022,16:14,24/05/2022 16:14
2314,2,26.195,10.8,24/05/2022,17:14,24/05/2022 17:14
2315,2,26.195,0,24/05/2022,18:14,24/05/2022 18:14
2316,2,26.097,0,24/05/2022,19:14,24/05/2022 19:14
2317,2,26.097,0,24/05/2022,20:14,24/05/2022 20:14
2318,2,26.097,0,24/05/2022,21:14,24/05/2022 21:14
2319,2,26.097,0,24/05/2022,22:14,24/05/2022 22:14
2320,2,26.097,0,24/05/2022,23:14,24/05/2022 23:14
2321,2,26.097,0,25/05/2022,0:14,25/05/2022 0:14
2322,2,26.097,0,25/05/2022,1:14,25/05/2022 1:14
2323,2,26.097,0,25/05/2022,2:14,25/05/2022 2:14
2324,2,26,0,25/05/2022,3:14,25/05/2022 3:14
2325,2,26,0,25/05/2022,4:14,25/05/2022 4:14
2326,2,25.902,0,25/05/2022,5:14,25/05/2022 5:14
2327,2,26,0,25/05/2022,6:14,25/05/2022 6:14
2328,2,26,43.1,25/05/2022,7:14,25/05/2022 7:14
2329,2,25.902,0,25/05/2022,8:14,25/05/2022 8:14
